"subj","vign","condition","cause","knowledge","norm"
"R_2TtsbgTKwKK9wIO",1,"RKB",6,"Knowledge","Rationality"
"R_VUMO4bHPJAdMI01",1,"RKB",4,"Knowledge","Rationality"
"R_8psRIDySszQHWjT",1,"RKB",6,"Knowledge","Rationality"
"R_D0215TIQ3dRBXNL",1,"RKB",3,"Knowledge","Rationality"
"R_6DK6aYAhyK428E1",1,"RKB",6,"Knowledge","Rationality"
"R_8bT93YYUqf1B1Qt",1,"RKB",7,"Knowledge","Rationality"
"R_O2a0beWlpnkeBB7",1,"RKB",7,"Knowledge","Rationality"
"R_XyPc9AuqmfgpmNP",1,"RKB",6,"Knowledge","Rationality"
"R_2ZUFDDiW6GBTnqt",1,"RKB",7,"Knowledge","Rationality"
"R_2uPS3EAvMPxKfXl",1,"RKB",3,"Knowledge","Rationality"
"R_1IvgwTwNrQyaHTf",1,"RKB",5,"Knowledge","Rationality"
"R_1PTyJyKQcEUiuuQ",1,"RKB",7,"Knowledge","Rationality"
"R_1Kp8ZVRR3w3y8ob",1,"RKB",5,"Knowledge","Rationality"
"R_8qVN23Q1GhwxtRv",1,"RKB",5,"Knowledge","Rationality"
"R_1g1jxYRliuLSNIS",1,"RKB",6,"Knowledge","Rationality"
"R_43cgimLZIc5sDdf",1,"RKB",6,"Knowledge","Rationality"
"R_3n00tAc7D3Xq0nG",1,"RKB",3,"Knowledge","Rationality"
"R_2rZ10M50CWZ1eoq",1,"RKB",7,"Knowledge","Rationality"
"R_2P6F8vn4Tutz9m2",1,"RKB",4,"Knowledge","Rationality"
"R_2uKtRMa60xPV9Qd",1,"RKB",7,"Knowledge","Rationality"
"R_3fq0DzWogcDLEsV",1,"RKB",7,"Knowledge","Rationality"
"R_1QuZ05DZ060dABH",1,"RKB",5,"Knowledge","Rationality"
"R_3dJNWXdZg0boBR6",1,"RKB",6,"Knowledge","Rationality"
"R_3HHqwXpaYg7zjtc",1,"RKB",4,"Knowledge","Rationality"
"R_2zC2JtfSTQzEsMI",1,"RKB",6,"Knowledge","Rationality"
"R_wOdSQUqwdK4bScp",1,"RKB",6,"Knowledge","Rationality"
"R_xu9UP0GFBjQzi1P",2,"RKB",6,"Knowledge","Rationality"
"R_1IFTMKYY4Ar9h7X",2,"RKB",7,"Knowledge","Rationality"
"R_1hG9owKKMQroBBf",2,"RKB",6,"Knowledge","Rationality"
"R_1rAhrV5EwBM1LyZ",2,"RKB",6,"Knowledge","Rationality"
"R_D0215TIQ3dRBXNL",2,"RKB",6,"Knowledge","Rationality"
"R_1OxDu1voda2Xi65",2,"RKB",7,"Knowledge","Rationality"
"R_8bT93YYUqf1B1Qt",2,"RKB",7,"Knowledge","Rationality"
"R_3L1Q56xXaXVyMIC",2,"RKB",6,"Knowledge","Rationality"
"R_siIbJwoMNFAmf9D",2,"RKB",7,"Knowledge","Rationality"
"R_1IvgwTwNrQyaHTf",2,"RKB",5,"Knowledge","Rationality"
"R_1PTyJyKQcEUiuuQ",2,"RKB",5,"Knowledge","Rationality"
"R_3j7l9N6xmB4kZGa",2,"RKB",5,"Knowledge","Rationality"
"R_3dGnkoBl0BCW4wr",2,"RKB",6,"Knowledge","Rationality"
"R_1F3wgkNCepYzGxO",2,"RKB",4,"Knowledge","Rationality"
"R_3Ebvsl7XtlhzQWB",2,"RKB",5,"Knowledge","Rationality"
"R_3rSx4gMQuyykxRV",2,"RKB",3,"Knowledge","Rationality"
"R_bmzXOsLePOIJIbf",2,"RKB",4,"Knowledge","Rationality"
"R_2ZPlpIQ6QzShsrr",2,"RKB",5,"Knowledge","Rationality"
"R_2P6F8vn4Tutz9m2",2,"RKB",5,"Knowledge","Rationality"
"R_1rcce6YMkDl2Tqd",2,"RKB",4,"Knowledge","Rationality"
"R_u2m3EaePEvEE75f",2,"RKB",7,"Knowledge","Rationality"
"R_3FLmunkf2Hht6TF",2,"RKB",7,"Knowledge","Rationality"
"R_3HHqwXpaYg7zjtc",2,"RKB",5,"Knowledge","Rationality"
"R_DNasEER9uGsFcfT",2,"RKB",3,"Knowledge","Rationality"
"R_8IWJsKE3wv6zjoZ",2,"RKB",5,"Knowledge","Rationality"
"R_1hG9owKKMQroBBf",3,"RKB",6,"Knowledge","Rationality"
"R_25H4qxjzbWJocXI",3,"RKB",7,"Knowledge","Rationality"
"R_1rAhrV5EwBM1LyZ",3,"RKB",7,"Knowledge","Rationality"
"R_31abv5pcixkRVsa",3,"RKB",6,"Knowledge","Rationality"
"R_1f9izvPYJ9ez5Zl",3,"RKB",6,"Knowledge","Rationality"
"R_3MzjhB4l2CnyceM",3,"RKB",4,"Knowledge","Rationality"
"R_3qlY7YuOtTmlnqw",3,"RKB",4,"Knowledge","Rationality"
"R_bIu9gF3RB8CTtXr",3,"RKB",6,"Knowledge","Rationality"
"R_2S6pPEn187Q5NtY",3,"RKB",6,"Knowledge","Rationality"
"R_3kFVIOx0vSMCknB",3,"RKB",5,"Knowledge","Rationality"
"R_3qpzfYjYEBvysnh",3,"RKB",6,"Knowledge","Rationality"
"R_3j7l9N6xmB4kZGa",3,"RKB",4,"Knowledge","Rationality"
"R_3dGnkoBl0BCW4wr",3,"RKB",5,"Knowledge","Rationality"
"R_UMy2B8bGVjw9O3D",3,"RKB",4,"Knowledge","Rationality"
"R_3rSx4gMQuyykxRV",3,"RKB",6,"Knowledge","Rationality"
"R_43cgimLZIc5sDdf",3,"RKB",7,"Knowledge","Rationality"
"R_dgtQrUW08Tx0Y8N",3,"RKB",4,"Knowledge","Rationality"
"R_3gY1SdxVLpmfmir",3,"RKB",5,"Knowledge","Rationality"
"R_1rOn0eiXQgg0Bto",3,"RKB",5,"Knowledge","Rationality"
"R_3fq0DzWogcDLEsV",3,"RKB",7,"Knowledge","Rationality"
"R_2R568m5pF77Dyh0",3,"RKB",7,"Knowledge","Rationality"
"R_b1rH03pHa9MJNJv",3,"RKB",7,"Knowledge","Rationality"
"R_DNasEER9uGsFcfT",3,"RKB",2,"Knowledge","Rationality"
"R_cIR19O6YM6BpoWd",3,"RKB",7,"Knowledge","Rationality"
"R_8IWJsKE3wv6zjoZ",3,"RKB",4,"Knowledge","Rationality"
"R_1IFTMKYY4Ar9h7X",4,"RKB",6,"Knowledge","Rationality"
"R_1DLUYGKswrdb9cm",4,"RKB",3,"Knowledge","Rationality"
"R_VUMO4bHPJAdMI01",4,"RKB",7,"Knowledge","Rationality"
"R_8psRIDySszQHWjT",4,"RKB",6,"Knowledge","Rationality"
"R_6DK6aYAhyK428E1",4,"RKB",6,"Knowledge","Rationality"
"R_plWR8uAeqvRwogh",4,"RKB",4,"Knowledge","Rationality"
"R_8bT93YYUqf1B1Qt",4,"RKB",7,"Knowledge","Rationality"
"R_3OkT4YxYDtONDSk",4,"RKB",4,"Knowledge","Rationality"
"R_bIu9gF3RB8CTtXr",4,"RKB",3,"Knowledge","Rationality"
"R_siIbJwoMNFAmf9D",4,"RKB",4,"Knowledge","Rationality"
"R_2ZUn4Z9qs9SrQRR",4,"RKB",4,"Knowledge","Rationality"
"R_8uCazDnCWc04MaR",4,"RKB",5,"Knowledge","Rationality"
"R_3oT6ZoaUWgal8UH",4,"RKB",4,"Knowledge","Rationality"
"R_3Ebvsl7XtlhzQWB",4,"RKB",5,"Knowledge","Rationality"
"R_dgtQrUW08Tx0Y8N",4,"RKB",6,"Knowledge","Rationality"
"R_3EMEIC7rpqFY83T",4,"RKB",5,"Knowledge","Rationality"
"R_2ZPlpIQ6QzShsrr",4,"RKB",2,"Knowledge","Rationality"
"R_2uKtRMa60xPV9Qd",4,"RKB",4,"Knowledge","Rationality"
"R_2WTOOT1lnF1XiXn",4,"RKB",7,"Knowledge","Rationality"
"R_2R568m5pF77Dyh0",4,"RKB",4,"Knowledge","Rationality"
"R_0Gs5KrwpxaE2AQF",4,"RKB",7,"Knowledge","Rationality"
"R_3HHqwXpaYg7zjtc",4,"RKB",7,"Knowledge","Rationality"
"R_yWjT3ClYfKtwXHr",4,"RKB",6,"Knowledge","Rationality"
"R_8IWJsKE3wv6zjoZ",4,"RKB",5,"Knowledge","Rationality"
"R_xu9UP0GFBjQzi1P",5,"RKB",5,"Knowledge","Rationality"
"R_1IFTMKYY4Ar9h7X",5,"RKB",6,"Knowledge","Rationality"
"R_VUMO4bHPJAdMI01",5,"RKB",7,"Knowledge","Rationality"
"R_8psRIDySszQHWjT",5,"RKB",5,"Knowledge","Rationality"
"R_2CQattCDouu6rte",5,"RKB",5,"Knowledge","Rationality"
"R_D0215TIQ3dRBXNL",5,"RKB",3,"Knowledge","Rationality"
"R_8bT93YYUqf1B1Qt",5,"RKB",7,"Knowledge","Rationality"
"R_O2a0beWlpnkeBB7",5,"RKB",6,"Knowledge","Rationality"
"R_3hfQk0FdbI5ZquZ",5,"RKB",5,"Knowledge","Rationality"
"R_1Kp8ZVRR3w3y8ob",5,"RKB",7,"Knowledge","Rationality"
"R_8qVN23Q1GhwxtRv",5,"RKB",6,"Knowledge","Rationality"
"R_3qpzfYjYEBvysnh",5,"RKB",7,"Knowledge","Rationality"
"R_2fTlSKmHwWxCyvn",5,"RKB",2,"Knowledge","Rationality"
"R_1g1jxYRliuLSNIS",5,"RKB",4,"Knowledge","Rationality"
"R_dgtQrUW08Tx0Y8N",5,"RKB",5,"Knowledge","Rationality"
"R_1KvGzRty5iYhjlc",5,"RKB",5,"Knowledge","Rationality"
"R_3EMEIC7rpqFY83T",5,"RKB",7,"Knowledge","Rationality"
"R_2P6F8vn4Tutz9m2",5,"RKB",4,"Knowledge","Rationality"
"R_2WTOOT1lnF1XiXn",5,"RKB",7,"Knowledge","Rationality"
"R_1QuZ05DZ060dABH",5,"RKB",6,"Knowledge","Rationality"
"R_0Gs5KrwpxaE2AQF",5,"RKB",7,"Knowledge","Rationality"
"R_3HHqwXpaYg7zjtc",5,"RKB",4,"Knowledge","Rationality"
"R_1gNKGnEEzWH2iAi",5,"RKB",7,"Knowledge","Rationality"
"R_2e9CF7ZPfDFASCc",5,"RKB",6,"Knowledge","Rationality"
"R_2TtsbgTKwKK9wIO",6,"RKB",4,"Knowledge","Rationality"
"R_3k4IYszsTCRQrgC",6,"RKB",4,"Knowledge","Rationality"
"R_VUMO4bHPJAdMI01",6,"RKB",7,"Knowledge","Rationality"
"R_8psRIDySszQHWjT",6,"RKB",5,"Knowledge","Rationality"
"R_plWR8uAeqvRwogh",6,"RKB",7,"Knowledge","Rationality"
"R_12RQRhgLfJM83Iu",6,"RKB",3,"Knowledge","Rationality"
"R_2ZUFDDiW6GBTnqt",6,"RKB",4,"Knowledge","Rationality"
"R_bIu9gF3RB8CTtXr",6,"RKB",4,"Knowledge","Rationality"
"R_1BXFBu0qAEwfd17",6,"RKB",2,"Knowledge","Rationality"
"R_2PBUVaRRO8QOpsZ",6,"RKB",3,"Knowledge","Rationality"
"R_2S6pPEn187Q5NtY",6,"RKB",5,"Knowledge","Rationality"
"R_8uCazDnCWc04MaR",6,"RKB",2,"Knowledge","Rationality"
"R_1Kp8ZVRR3w3y8ob",6,"RKB",5,"Knowledge","Rationality"
"R_1g1jxYRliuLSNIS",6,"RKB",3,"Knowledge","Rationality"
"R_3oT6ZoaUWgal8UH",6,"RKB",5,"Knowledge","Rationality"
"R_dgtQrUW08Tx0Y8N",6,"RKB",3,"Knowledge","Rationality"
"R_qPGNLL5ULlYc0Ip",6,"RKB",2,"Knowledge","Rationality"
"R_2WTOOT1lnF1XiXn",6,"RKB",5,"Knowledge","Rationality"
"R_3FLmunkf2Hht6TF",6,"RKB",4,"Knowledge","Rationality"
"R_3KNNILeE3ut0kNj",6,"RKB",6,"Knowledge","Rationality"
"R_3dJNWXdZg0boBR6",6,"RKB",2,"Knowledge","Rationality"
"R_3lrWn7KbZc6TkYf",6,"RKB",4,"Knowledge","Rationality"
"R_yWjT3ClYfKtwXHr",6,"RKB",6,"Knowledge","Rationality"
"R_8IWJsKE3wv6zjoZ",6,"RKB",4,"Knowledge","Rationality"
"R_1DLUYGKswrdb9cm",7,"RKB",6,"Knowledge","Rationality"
"R_1rAhrV5EwBM1LyZ",7,"RKB",7,"Knowledge","Rationality"
"R_8psRIDySszQHWjT",7,"RKB",7,"Knowledge","Rationality"
"R_2CQattCDouu6rte",7,"RKB",4,"Knowledge","Rationality"
"R_6DK6aYAhyK428E1",7,"RKB",7,"Knowledge","Rationality"
"R_8bT93YYUqf1B1Qt",7,"RKB",7,"Knowledge","Rationality"
"R_3MzjhB4l2CnyceM",7,"RKB",4,"Knowledge","Rationality"
"R_2ZUFDDiW6GBTnqt",7,"RKB",7,"Knowledge","Rationality"
"R_2PBUVaRRO8QOpsZ",7,"RKB",2,"Knowledge","Rationality"
"R_1176tIngeKbNXez",7,"RKB",6,"Knowledge","Rationality"
"R_1IvgwTwNrQyaHTf",7,"RKB",4,"Knowledge","Rationality"
"R_1g1jxYRliuLSNIS",7,"RKB",4,"Knowledge","Rationality"
"R_3Ebvsl7XtlhzQWB",7,"RKB",7,"Knowledge","Rationality"
"R_3n00tAc7D3Xq0nG",7,"RKB",6,"Knowledge","Rationality"
"R_qPGNLL5ULlYc0Ip",7,"RKB",6,"Knowledge","Rationality"
"R_2P6F8vn4Tutz9m2",7,"RKB",5,"Knowledge","Rationality"
"R_2v1A4xHLmEQoT2o",7,"RKB",6,"Knowledge","Rationality"
"R_1QuZ05DZ060dABH",7,"RKB",4,"Knowledge","Rationality"
"R_1OuTe9tItsdnSCB",7,"RKB",7,"Knowledge","Rationality"
"R_b1rH03pHa9MJNJv",7,"RKB",6,"Knowledge","Rationality"
"R_3KPhsWLJtp13y0X",7,"RKB",5,"Knowledge","Rationality"
"R_yWjT3ClYfKtwXHr",7,"RKB",5,"Knowledge","Rationality"
"R_8IWJsKE3wv6zjoZ",7,"RKB",6,"Knowledge","Rationality"
"R_31TNc4a4YON2a7J",8,"RKB",4,"Knowledge","Rationality"
"R_1IFTMKYY4Ar9h7X",8,"RKB",6,"Knowledge","Rationality"
"R_1DLUYGKswrdb9cm",8,"RKB",1,"Knowledge","Rationality"
"R_2TtsbgTKwKK9wIO",8,"RKB",1,"Knowledge","Rationality"
"R_3G6V3MGevsXnxQw",8,"RKB",4,"Knowledge","Rationality"
"R_1PYrsTeyCWH15u3",8,"RKB",2,"Knowledge","Rationality"
"R_3L1Q56xXaXVyMIC",8,"RKB",2,"Knowledge","Rationality"
"R_2ZUn4Z9qs9SrQRR",8,"RKB",5,"Knowledge","Rationality"
"R_1IvgwTwNrQyaHTf",8,"RKB",4,"Knowledge","Rationality"
"R_8uCazDnCWc04MaR",8,"RKB",1,"Knowledge","Rationality"
"R_3j7l9N6xmB4kZGa",8,"RKB",5,"Knowledge","Rationality"
"R_vxBGd6vfvtHapsl",8,"RKB",4,"Knowledge","Rationality"
"R_VR82NyjxABFst9f",8,"RKB",1,"Knowledge","Rationality"
"R_1KvGzRty5iYhjlc",8,"RKB",5,"Knowledge","Rationality"
"R_3n00tAc7D3Xq0nG",8,"RKB",3,"Knowledge","Rationality"
"R_3gY1SdxVLpmfmir",8,"RKB",2,"Knowledge","Rationality"
"R_2uKtRMa60xPV9Qd",8,"RKB",1,"Knowledge","Rationality"
"R_2v1A4xHLmEQoT2o",8,"RKB",1,"Knowledge","Rationality"
"R_1QuZ05DZ060dABH",8,"RKB",3,"Knowledge","Rationality"
"R_2R568m5pF77Dyh0",8,"RKB",1,"Knowledge","Rationality"
"R_3HHqwXpaYg7zjtc",8,"RKB",5,"Knowledge","Rationality"
"R_3KPhsWLJtp13y0X",8,"RKB",4,"Knowledge","Rationality"
"R_cIR19O6YM6BpoWd",8,"RKB",2,"Knowledge","Rationality"
"R_2e9CF7ZPfDFASCc",8,"RKB",2,"Knowledge","Rationality"
"R_1DLUYGKswrdb9cm",9,"RKB",7,"Knowledge","Rationality"
"R_25H4qxjzbWJocXI",9,"RKB",5,"Knowledge","Rationality"
"R_8psRIDySszQHWjT",9,"RKB",5,"Knowledge","Rationality"
"R_plWR8uAeqvRwogh",9,"RKB",7,"Knowledge","Rationality"
"R_1ovWWgYf1uliRGE",9,"RKB",2,"Knowledge","Rationality"
"R_3qlY7YuOtTmlnqw",9,"RKB",3,"Knowledge","Rationality"
"R_3hfQk0FdbI5ZquZ",9,"RKB",1,"Knowledge","Rationality"
"R_3kFVIOx0vSMCknB",9,"RKB",7,"Knowledge","Rationality"
"R_1IvgwTwNrQyaHTf",9,"RKB",7,"Knowledge","Rationality"
"R_1PTyJyKQcEUiuuQ",9,"RKB",5,"Knowledge","Rationality"
"R_8qVN23Q1GhwxtRv",9,"RKB",5,"Knowledge","Rationality"
"R_3qpzfYjYEBvysnh",9,"RKB",6,"Knowledge","Rationality"
"R_vxBGd6vfvtHapsl",9,"RKB",7,"Knowledge","Rationality"
"R_3dGnkoBl0BCW4wr",9,"RKB",4,"Knowledge","Rationality"
"R_1g1jxYRliuLSNIS",9,"RKB",7,"Knowledge","Rationality"
"R_dgtQrUW08Tx0Y8N",9,"RKB",7,"Knowledge","Rationality"
"R_2rZ10M50CWZ1eoq",9,"RKB",3,"Knowledge","Rationality"
"R_3gY1SdxVLpmfmir",9,"RKB",6,"Knowledge","Rationality"
"R_2P6F8vn4Tutz9m2",9,"RKB",3,"Knowledge","Rationality"
"R_1QuZ05DZ060dABH",9,"RKB",5,"Knowledge","Rationality"
"R_3KNNILeE3ut0kNj",9,"RKB",7,"Knowledge","Rationality"
"R_0Gs5KrwpxaE2AQF",9,"RKB",4,"Knowledge","Rationality"
"R_yWjT3ClYfKtwXHr",9,"RKB",6,"Knowledge","Rationality"
"R_cIR19O6YM6BpoWd",9,"RKB",7,"Knowledge","Rationality"
"R_wOdSQUqwdK4bScp",9,"RKB",4,"Knowledge","Rationality"
"R_2TtsbgTKwKK9wIO",10,"RKB",6,"Knowledge","Rationality"
"R_25H4qxjzbWJocXI",10,"RKB",6,"Knowledge","Rationality"
"R_2CQattCDouu6rte",10,"RKB",5,"Knowledge","Rationality"
"R_12RQRhgLfJM83Iu",10,"RKB",2,"Knowledge","Rationality"
"R_3G6V3MGevsXnxQw",10,"RKB",6,"Knowledge","Rationality"
"R_1PYrsTeyCWH15u3",10,"RKB",6,"Knowledge","Rationality"
"R_O2a0beWlpnkeBB7",10,"RKB",7,"Knowledge","Rationality"
"R_3qlY7YuOtTmlnqw",10,"RKB",2,"Knowledge","Rationality"
"R_bIu9gF3RB8CTtXr",10,"RKB",6,"Knowledge","Rationality"
"R_1BXFBu0qAEwfd17",10,"RKB",3,"Knowledge","Rationality"
"R_siIbJwoMNFAmf9D",10,"RKB",7,"Knowledge","Rationality"
"R_1Kp8ZVRR3w3y8ob",10,"RKB",5,"Knowledge","Rationality"
"R_3pcjNaakc9DEkuH",10,"RKB",6,"Knowledge","Rationality"
"R_1jP2knP7Vljlk60",10,"RKB",4,"Knowledge","Rationality"
"R_3oT6ZoaUWgal8UH",10,"RKB",4,"Knowledge","Rationality"
"R_3Ebvsl7XtlhzQWB",10,"RKB",6,"Knowledge","Rationality"
"R_bmzXOsLePOIJIbf",10,"RKB",1,"Knowledge","Rationality"
"R_1KvGzRty5iYhjlc",10,"RKB",2,"Knowledge","Rationality"
"R_qPGNLL5ULlYc0Ip",10,"RKB",4,"Knowledge","Rationality"
"R_1cRJTBNGcC96v7X",10,"RKB",4,"Knowledge","Rationality"
"R_3FLmunkf2Hht6TF",10,"RKB",7,"Knowledge","Rationality"
"R_2R568m5pF77Dyh0",10,"RKB",7,"Knowledge","Rationality"
"R_3dJNWXdZg0boBR6",10,"RKB",6,"Knowledge","Rationality"
"R_3KPhsWLJtp13y0X",10,"RKB",5,"Knowledge","Rationality"
"R_8IWJsKE3wv6zjoZ",10,"RKB",7,"Knowledge","Rationality"
"R_1rAhrV5EwBM1LyZ",11,"RKB",4,"Knowledge","Rationality"
"R_3G6V3MGevsXnxQw",11,"RKB",7,"Knowledge","Rationality"
"R_1PYrsTeyCWH15u3",11,"RKB",6,"Knowledge","Rationality"
"R_O2a0beWlpnkeBB7",11,"RKB",7,"Knowledge","Rationality"
"R_3MzjhB4l2CnyceM",11,"RKB",4,"Knowledge","Rationality"
"R_3OkT4YxYDtONDSk",11,"RKB",6,"Knowledge","Rationality"
"R_2ZUFDDiW6GBTnqt",11,"RKB",6,"Knowledge","Rationality"
"R_3L1Q56xXaXVyMIC",11,"RKB",4,"Knowledge","Rationality"
"R_siIbJwoMNFAmf9D",11,"RKB",7,"Knowledge","Rationality"
"R_2uPS3EAvMPxKfXl",11,"RKB",5,"Knowledge","Rationality"
"R_1IvgwTwNrQyaHTf",11,"RKB",3,"Knowledge","Rationality"
"R_1PTyJyKQcEUiuuQ",11,"RKB",6,"Knowledge","Rationality"
"R_1Kp8ZVRR3w3y8ob",11,"RKB",6,"Knowledge","Rationality"
"R_VR82NyjxABFst9f",11,"RKB",5,"Knowledge","Rationality"
"R_UMy2B8bGVjw9O3D",11,"RKB",5,"Knowledge","Rationality"
"R_3n00tAc7D3Xq0nG",11,"RKB",5,"Knowledge","Rationality"
"R_3gY1SdxVLpmfmir",11,"RKB",4,"Knowledge","Rationality"
"R_2uKtRMa60xPV9Qd",11,"RKB",7,"Knowledge","Rationality"
"R_2v1A4xHLmEQoT2o",11,"RKB",4,"Knowledge","Rationality"
"R_1rOn0eiXQgg0Bto",11,"RKB",7,"Knowledge","Rationality"
"R_3fq0DzWogcDLEsV",11,"RKB",7,"Knowledge","Rationality"
"R_3KNNILeE3ut0kNj",11,"RKB",7,"Knowledge","Rationality"
"R_3dJNWXdZg0boBR6",11,"RKB",6,"Knowledge","Rationality"
"R_3lrWn7KbZc6TkYf",11,"RKB",5,"Knowledge","Rationality"
"R_cIR19O6YM6BpoWd",11,"RKB",7,"Knowledge","Rationality"
"R_wOdSQUqwdK4bScp",11,"RKB",3,"Knowledge","Rationality"
"R_31TNc4a4YON2a7J",12,"RKB",4,"Knowledge","Rationality"
"R_8psRIDySszQHWjT",12,"RKB",7,"Knowledge","Rationality"
"R_2CQattCDouu6rte",12,"RKB",5,"Knowledge","Rationality"
"R_12RQRhgLfJM83Iu",12,"RKB",5,"Knowledge","Rationality"
"R_1ovWWgYf1uliRGE",12,"RKB",7,"Knowledge","Rationality"
"R_O2a0beWlpnkeBB7",12,"RKB",6,"Knowledge","Rationality"
"R_3MzjhB4l2CnyceM",12,"RKB",6,"Knowledge","Rationality"
"R_bIu9gF3RB8CTtXr",12,"RKB",4,"Knowledge","Rationality"
"R_1BXFBu0qAEwfd17",12,"RKB",6,"Knowledge","Rationality"
"R_2ZUn4Z9qs9SrQRR",12,"RKB",5,"Knowledge","Rationality"
"R_1IvgwTwNrQyaHTf",12,"RKB",5,"Knowledge","Rationality"
"R_3qpzfYjYEBvysnh",12,"RKB",7,"Knowledge","Rationality"
"R_1F3wgkNCepYzGxO",12,"RKB",5,"Knowledge","Rationality"
"R_VR82NyjxABFst9f",12,"RKB",4,"Knowledge","Rationality"
"R_UMy2B8bGVjw9O3D",12,"RKB",4,"Knowledge","Rationality"
"R_3rSx4gMQuyykxRV",12,"RKB",4,"Knowledge","Rationality"
"R_1KvGzRty5iYhjlc",12,"RKB",6,"Knowledge","Rationality"
"R_qPGNLL5ULlYc0Ip",12,"RKB",3,"Knowledge","Rationality"
"R_2uKtRMa60xPV9Qd",12,"RKB",4,"Knowledge","Rationality"
"R_1rcce6YMkDl2Tqd",12,"RKB",6,"Knowledge","Rationality"
"R_3fq0DzWogcDLEsV",12,"RKB",6,"Knowledge","Rationality"
"R_u2m3EaePEvEE75f",12,"RKB",6,"Knowledge","Rationality"
"R_3dJNWXdZg0boBR6",12,"RKB",7,"Knowledge","Rationality"
"R_DNasEER9uGsFcfT",12,"RKB",4,"Knowledge","Rationality"
"R_1gNKGnEEzWH2iAi",12,"RKB",7,"Knowledge","Rationality"
"R_wOdSQUqwdK4bScp",12,"RKB",6,"Knowledge","Rationality"
"R_31TNc4a4YON2a7J",13,"RKB",4,"Knowledge","Rationality"
"R_1DLUYGKswrdb9cm",13,"RKB",6,"Knowledge","Rationality"
"R_1hG9owKKMQroBBf",13,"RKB",5,"Knowledge","Rationality"
"R_25H4qxjzbWJocXI",13,"RKB",7,"Knowledge","Rationality"
"R_2CQattCDouu6rte",13,"RKB",4,"Knowledge","Rationality"
"R_plWR8uAeqvRwogh",13,"RKB",7,"Knowledge","Rationality"
"R_3G6V3MGevsXnxQw",13,"RKB",5,"Knowledge","Rationality"
"R_1BXFBu0qAEwfd17",13,"RKB",4,"Knowledge","Rationality"
"R_3hfQk0FdbI5ZquZ",13,"RKB",6,"Knowledge","Rationality"
"R_2PBUVaRRO8QOpsZ",13,"RKB",2,"Knowledge","Rationality"
"R_3qpzfYjYEBvysnh",13,"RKB",6,"Knowledge","Rationality"
"R_3pcjNaakc9DEkuH",13,"RKB",6,"Knowledge","Rationality"
"R_1g1jxYRliuLSNIS",13,"RKB",4,"Knowledge","Rationality"
"R_1F3wgkNCepYzGxO",13,"RKB",4,"Knowledge","Rationality"
"R_3rSx4gMQuyykxRV",13,"RKB",5,"Knowledge","Rationality"
"R_bmzXOsLePOIJIbf",13,"RKB",2,"Knowledge","Rationality"
"R_2ypyIkDBAjMyH3M",13,"RKB",6,"Knowledge","Rationality"
"R_1rOn0eiXQgg0Bto",13,"RKB",5,"Knowledge","Rationality"
"R_3fq0DzWogcDLEsV",13,"RKB",7,"Knowledge","Rationality"
"R_3FLmunkf2Hht6TF",13,"RKB",4,"Knowledge","Rationality"
"R_3KNNILeE3ut0kNj",13,"RKB",7,"Knowledge","Rationality"
"R_b1rH03pHa9MJNJv",13,"RKB",7,"Knowledge","Rationality"
"R_yWjT3ClYfKtwXHr",13,"RKB",7,"Knowledge","Rationality"
"R_cIR19O6YM6BpoWd",13,"RKB",6,"Knowledge","Rationality"
"R_2e9CF7ZPfDFASCc",13,"RKB",6,"Knowledge","Rationality"
"R_xu9UP0GFBjQzi1P",14,"RKB",5,"Knowledge","Rationality"
"R_2tiogsuxGKKbNOv",14,"RKB",5,"Knowledge","Rationality"
"R_1hG9owKKMQroBBf",14,"RKB",5,"Knowledge","Rationality"
"R_VUMO4bHPJAdMI01",14,"RKB",7,"Knowledge","Rationality"
"R_8psRIDySszQHWjT",14,"RKB",4,"Knowledge","Rationality"
"R_D0215TIQ3dRBXNL",14,"RKB",6,"Knowledge","Rationality"
"R_3MzjhB4l2CnyceM",14,"RKB",4,"Knowledge","Rationality"
"R_2ZUFDDiW6GBTnqt",14,"RKB",5,"Knowledge","Rationality"
"R_2S6pPEn187Q5NtY",14,"RKB",6,"Knowledge","Rationality"
"R_siIbJwoMNFAmf9D",14,"RKB",2,"Knowledge","Rationality"
"R_2uPS3EAvMPxKfXl",14,"RKB",3,"Knowledge","Rationality"
"R_2ZUn4Z9qs9SrQRR",14,"RKB",4,"Knowledge","Rationality"
"R_2fTlSKmHwWxCyvn",14,"RKB",1,"Knowledge","Rationality"
"R_1g1jxYRliuLSNIS",14,"RKB",5,"Knowledge","Rationality"
"R_UMy2B8bGVjw9O3D",14,"RKB",1,"Knowledge","Rationality"
"R_dgtQrUW08Tx0Y8N",14,"RKB",6,"Knowledge","Rationality"
"R_bmzXOsLePOIJIbf",14,"RKB",6,"Knowledge","Rationality"
"R_2rZ10M50CWZ1eoq",14,"RKB",5,"Knowledge","Rationality"
"R_3gY1SdxVLpmfmir",14,"RKB",3,"Knowledge","Rationality"
"R_1rOn0eiXQgg0Bto",14,"RKB",1,"Knowledge","Rationality"
"R_1QuZ05DZ060dABH",14,"RKB",6,"Knowledge","Rationality"
"R_1OuTe9tItsdnSCB",14,"RKB",6,"Knowledge","Rationality"
"R_3dJNWXdZg0boBR6",14,"RKB",6,"Knowledge","Rationality"
"R_yWjT3ClYfKtwXHr",14,"RKB",5,"Knowledge","Rationality"
"R_2zC2JtfSTQzEsMI",14,"RKB",5,"Knowledge","Rationality"
"R_xu9UP0GFBjQzi1P",15,"RKB",5,"Knowledge","Rationality"
"R_3k4IYszsTCRQrgC",15,"RKB",7,"Knowledge","Rationality"
"R_12RQRhgLfJM83Iu",15,"RKB",4,"Knowledge","Rationality"
"R_3G6V3MGevsXnxQw",15,"RKB",5,"Knowledge","Rationality"
"R_3MzjhB4l2CnyceM",15,"RKB",3,"Knowledge","Rationality"
"R_bIu9gF3RB8CTtXr",15,"RKB",2,"Knowledge","Rationality"
"R_3L1Q56xXaXVyMIC",15,"RKB",4,"Knowledge","Rationality"
"R_3hfQk0FdbI5ZquZ",15,"RKB",1,"Knowledge","Rationality"
"R_2S6pPEn187Q5NtY",15,"RKB",5,"Knowledge","Rationality"
"R_2ZUn4Z9qs9SrQRR",15,"RKB",6,"Knowledge","Rationality"
"R_3kFVIOx0vSMCknB",15,"RKB",3,"Knowledge","Rationality"
"R_1IvgwTwNrQyaHTf",15,"RKB",5,"Knowledge","Rationality"
"R_1PTyJyKQcEUiuuQ",15,"RKB",7,"Knowledge","Rationality"
"R_3oT6ZoaUWgal8UH",15,"RKB",6,"Knowledge","Rationality"
"R_3Ebvsl7XtlhzQWB",15,"RKB",5,"Knowledge","Rationality"
"R_43cgimLZIc5sDdf",15,"RKB",4,"Knowledge","Rationality"
"R_1KvGzRty5iYhjlc",15,"RKB",3,"Knowledge","Rationality"
"R_2ZPlpIQ6QzShsrr",15,"RKB",6,"Knowledge","Rationality"
"R_2P6F8vn4Tutz9m2",15,"RKB",5,"Knowledge","Rationality"
"R_2uKtRMa60xPV9Qd",15,"RKB",5,"Knowledge","Rationality"
"R_1rcce6YMkDl2Tqd",15,"RKB",2,"Knowledge","Rationality"
"R_u2m3EaePEvEE75f",15,"RKB",5,"Knowledge","Rationality"
"R_b1rH03pHa9MJNJv",15,"RKB",5,"Knowledge","Rationality"
"R_3HHqwXpaYg7zjtc",15,"RKB",4,"Knowledge","Rationality"
"R_8IWJsKE3wv6zjoZ",15,"RKB",4,"Knowledge","Rationality"
"R_wOdSQUqwdK4bScp",15,"RKB",2,"Knowledge","Rationality"
"R_xu9UP0GFBjQzi1P",16,"RKB",3,"Knowledge","Rationality"
"R_1hG9owKKMQroBBf",16,"RKB",6,"Knowledge","Rationality"
"R_25H4qxjzbWJocXI",16,"RKB",1,"Knowledge","Rationality"
"R_D0215TIQ3dRBXNL",16,"RKB",5,"Knowledge","Rationality"
"R_6DK6aYAhyK428E1",16,"RKB",3,"Knowledge","Rationality"
"R_1f9izvPYJ9ez5Zl",16,"RKB",6,"Knowledge","Rationality"
"R_2ZUFDDiW6GBTnqt",16,"RKB",5,"Knowledge","Rationality"
"R_3L1Q56xXaXVyMIC",16,"RKB",3,"Knowledge","Rationality"
"R_2PBUVaRRO8QOpsZ",16,"RKB",1,"Knowledge","Rationality"
"R_2uPS3EAvMPxKfXl",16,"RKB",3,"Knowledge","Rationality"
"R_8uCazDnCWc04MaR",16,"RKB",5,"Knowledge","Rationality"
"R_1Kp8ZVRR3w3y8ob",16,"RKB",2,"Knowledge","Rationality"
"R_2fTlSKmHwWxCyvn",16,"RKB",1,"Knowledge","Rationality"
"R_1g1jxYRliuLSNIS",16,"RKB",5,"Knowledge","Rationality"
"R_1F3wgkNCepYzGxO",16,"RKB",2,"Knowledge","Rationality"
"R_3Ebvsl7XtlhzQWB",16,"RKB",4,"Knowledge","Rationality"
"R_43cgimLZIc5sDdf",16,"RKB",2,"Knowledge","Rationality"
"R_2rZ10M50CWZ1eoq",16,"RKB",6,"Knowledge","Rationality"
"R_2ZPlpIQ6QzShsrr",16,"RKB",5,"Knowledge","Rationality"
"R_1rOn0eiXQgg0Bto",16,"RKB",6,"Knowledge","Rationality"
"R_1QuZ05DZ060dABH",16,"RKB",3,"Knowledge","Rationality"
"R_3FLmunkf2Hht6TF",16,"RKB",5,"Knowledge","Rationality"
"R_0Gs5KrwpxaE2AQF",16,"RKB",4,"Knowledge","Rationality"
"R_3KPhsWLJtp13y0X",16,"RKB",3,"Knowledge","Rationality"
"R_DNasEER9uGsFcfT",16,"RKB",1,"Knowledge","Rationality"
"R_8IWJsKE3wv6zjoZ",16,"RKB",5,"Knowledge","Rationality"
"R_2tiogsuxGKKbNOv",1,"RIB",3,"Ignorance","Rationality"
"R_3k4IYszsTCRQrgC",1,"RIB",7,"Ignorance","Rationality"
"R_25H4qxjzbWJocXI",1,"RIB",4,"Ignorance","Rationality"
"R_1PYrsTeyCWH15u3",1,"RIB",3,"Ignorance","Rationality"
"R_1f9izvPYJ9ez5Zl",1,"RIB",5,"Ignorance","Rationality"
"R_3MzjhB4l2CnyceM",1,"RIB",3,"Ignorance","Rationality"
"R_3OkT4YxYDtONDSk",1,"RIB",5,"Ignorance","Rationality"
"R_3L1Q56xXaXVyMIC",1,"RIB",4,"Ignorance","Rationality"
"R_3kFVIOx0vSMCknB",1,"RIB",2,"Ignorance","Rationality"
"R_1176tIngeKbNXez",1,"RIB",1,"Ignorance","Rationality"
"R_8uCazDnCWc04MaR",1,"RIB",2,"Ignorance","Rationality"
"R_3pcjNaakc9DEkuH",1,"RIB",4,"Ignorance","Rationality"
"R_3dGnkoBl0BCW4wr",1,"RIB",3,"Ignorance","Rationality"
"R_1jP2knP7Vljlk60",1,"RIB",6,"Ignorance","Rationality"
"R_3oT6ZoaUWgal8UH",1,"RIB",3,"Ignorance","Rationality"
"R_3rSx4gMQuyykxRV",1,"RIB",1,"Ignorance","Rationality"
"R_bmzXOsLePOIJIbf",1,"RIB",2,"Ignorance","Rationality"
"R_3EMEIC7rpqFY83T",1,"RIB",3,"Ignorance","Rationality"
"R_qPGNLL5ULlYc0Ip",1,"RIB",2,"Ignorance","Rationality"
"R_1rcce6YMkDl2Tqd",1,"RIB",5,"Ignorance","Rationality"
"R_u2m3EaePEvEE75f",1,"RIB",5,"Ignorance","Rationality"
"R_2R568m5pF77Dyh0",1,"RIB",5,"Ignorance","Rationality"
"R_yWjT3ClYfKtwXHr",1,"RIB",4,"Ignorance","Rationality"
"R_cIR19O6YM6BpoWd",1,"RIB",6,"Ignorance","Rationality"
"R_8IWJsKE3wv6zjoZ",1,"RIB",7,"Ignorance","Rationality"
"R_31TNc4a4YON2a7J",2,"RIB",4,"Ignorance","Rationality"
"R_1DLUYGKswrdb9cm",2,"RIB",5,"Ignorance","Rationality"
"R_25H4qxjzbWJocXI",2,"RIB",6,"Ignorance","Rationality"
"R_2CQattCDouu6rte",2,"RIB",3,"Ignorance","Rationality"
"R_6DK6aYAhyK428E1",2,"RIB",4,"Ignorance","Rationality"
"R_12RQRhgLfJM83Iu",2,"RIB",4,"Ignorance","Rationality"
"R_3OkT4YxYDtONDSk",2,"RIB",4,"Ignorance","Rationality"
"R_3qlY7YuOtTmlnqw",2,"RIB",3,"Ignorance","Rationality"
"R_1BXFBu0qAEwfd17",2,"RIB",2,"Ignorance","Rationality"
"R_2PBUVaRRO8QOpsZ",2,"RIB",5,"Ignorance","Rationality"
"R_2uPS3EAvMPxKfXl",2,"RIB",5,"Ignorance","Rationality"
"R_2ZUn4Z9qs9SrQRR",2,"RIB",4,"Ignorance","Rationality"
"R_3kFVIOx0vSMCknB",2,"RIB",4,"Ignorance","Rationality"
"R_3qpzfYjYEBvysnh",2,"RIB",6,"Ignorance","Rationality"
"R_vxBGd6vfvtHapsl",2,"RIB",6,"Ignorance","Rationality"
"R_43cgimLZIc5sDdf",2,"RIB",6,"Ignorance","Rationality"
"R_dgtQrUW08Tx0Y8N",2,"RIB",4,"Ignorance","Rationality"
"R_2rZ10M50CWZ1eoq",2,"RIB",1,"Ignorance","Rationality"
"R_qPGNLL5ULlYc0Ip",2,"RIB",3,"Ignorance","Rationality"
"R_2v1A4xHLmEQoT2o",2,"RIB",3,"Ignorance","Rationality"
"R_1QuZ05DZ060dABH",2,"RIB",4,"Ignorance","Rationality"
"R_3KNNILeE3ut0kNj",2,"RIB",7,"Ignorance","Rationality"
"R_0Gs5KrwpxaE2AQF",2,"RIB",1,"Ignorance","Rationality"
"R_3KPhsWLJtp13y0X",2,"RIB",5,"Ignorance","Rationality"
"R_1gNKGnEEzWH2iAi",2,"RIB",7,"Ignorance","Rationality"
"R_1IFTMKYY4Ar9h7X",3,"RIB",3,"Ignorance","Rationality"
"R_1DLUYGKswrdb9cm",3,"RIB",1,"Ignorance","Rationality"
"R_3k4IYszsTCRQrgC",3,"RIB",3,"Ignorance","Rationality"
"R_VUMO4bHPJAdMI01",3,"RIB",1,"Ignorance","Rationality"
"R_D0215TIQ3dRBXNL",3,"RIB",5,"Ignorance","Rationality"
"R_3G6V3MGevsXnxQw",3,"RIB",6,"Ignorance","Rationality"
"R_8bT93YYUqf1B1Qt",3,"RIB",4,"Ignorance","Rationality"
"R_3OkT4YxYDtONDSk",3,"RIB",4,"Ignorance","Rationality"
"R_2ZUFDDiW6GBTnqt",3,"RIB",6,"Ignorance","Rationality"
"R_1BXFBu0qAEwfd17",3,"RIB",5,"Ignorance","Rationality"
"R_2PBUVaRRO8QOpsZ",3,"RIB",2,"Ignorance","Rationality"
"R_2uPS3EAvMPxKfXl",3,"RIB",3,"Ignorance","Rationality"
"R_1176tIngeKbNXez",3,"RIB",6,"Ignorance","Rationality"
"R_1Kp8ZVRR3w3y8ob",3,"RIB",7,"Ignorance","Rationality"
"R_1F3wgkNCepYzGxO",3,"RIB",2,"Ignorance","Rationality"
"R_1jP2knP7Vljlk60",3,"RIB",5,"Ignorance","Rationality"
"R_1KvGzRty5iYhjlc",3,"RIB",5,"Ignorance","Rationality"
"R_2rZ10M50CWZ1eoq",3,"RIB",4,"Ignorance","Rationality"
"R_2ZPlpIQ6QzShsrr",3,"RIB",3,"Ignorance","Rationality"
"R_2WTOOT1lnF1XiXn",3,"RIB",2,"Ignorance","Rationality"
"R_u2m3EaePEvEE75f",3,"RIB",3,"Ignorance","Rationality"
"R_3dJNWXdZg0boBR6",3,"RIB",3,"Ignorance","Rationality"
"R_3KPhsWLJtp13y0X",3,"RIB",3,"Ignorance","Rationality"
"R_yWjT3ClYfKtwXHr",3,"RIB",4,"Ignorance","Rationality"
"R_2e9CF7ZPfDFASCc",3,"RIB",6,"Ignorance","Rationality"
"R_31TNc4a4YON2a7J",4,"RIB",4,"Ignorance","Rationality"
"R_2tiogsuxGKKbNOv",4,"RIB",5,"Ignorance","Rationality"
"R_3k4IYszsTCRQrgC",4,"RIB",4,"Ignorance","Rationality"
"R_1rAhrV5EwBM1LyZ",4,"RIB",3,"Ignorance","Rationality"
"R_D0215TIQ3dRBXNL",4,"RIB",6,"Ignorance","Rationality"
"R_O2a0beWlpnkeBB7",4,"RIB",1,"Ignorance","Rationality"
"R_XyPc9AuqmfgpmNP",4,"RIB",5,"Ignorance","Rationality"
"R_3qlY7YuOtTmlnqw",4,"RIB",2,"Ignorance","Rationality"
"R_1BXFBu0qAEwfd17",4,"RIB",3,"Ignorance","Rationality"
"R_3L1Q56xXaXVyMIC",4,"RIB",5,"Ignorance","Rationality"
"R_3hfQk0FdbI5ZquZ",4,"RIB",2,"Ignorance","Rationality"
"R_2PBUVaRRO8QOpsZ",4,"RIB",2,"Ignorance","Rationality"
"R_3qpzfYjYEBvysnh",4,"RIB",3,"Ignorance","Rationality"
"R_3dGnkoBl0BCW4wr",4,"RIB",5,"Ignorance","Rationality"
"R_1g1jxYRliuLSNIS",4,"RIB",4,"Ignorance","Rationality"
"R_VR82NyjxABFst9f",4,"RIB",2,"Ignorance","Rationality"
"R_bmzXOsLePOIJIbf",4,"RIB",1,"Ignorance","Rationality"
"R_2rZ10M50CWZ1eoq",4,"RIB",2,"Ignorance","Rationality"
"R_qPGNLL5ULlYc0Ip",4,"RIB",2,"Ignorance","Rationality"
"R_1rOn0eiXQgg0Bto",4,"RIB",1,"Ignorance","Rationality"
"R_1cRJTBNGcC96v7X",4,"RIB",6,"Ignorance","Rationality"
"R_u2m3EaePEvEE75f",4,"RIB",6,"Ignorance","Rationality"
"R_b1rH03pHa9MJNJv",4,"RIB",7,"Ignorance","Rationality"
"R_DNasEER9uGsFcfT",4,"RIB",3,"Ignorance","Rationality"
"R_cIR19O6YM6BpoWd",4,"RIB",4,"Ignorance","Rationality"
"R_2e9CF7ZPfDFASCc",4,"RIB",4,"Ignorance","Rationality"
"R_31TNc4a4YON2a7J",5,"RIB",4,"Ignorance","Rationality"
"R_3k4IYszsTCRQrgC",5,"RIB",6,"Ignorance","Rationality"
"R_25H4qxjzbWJocXI",5,"RIB",5,"Ignorance","Rationality"
"R_6DK6aYAhyK428E1",5,"RIB",5,"Ignorance","Rationality"
"R_31abv5pcixkRVsa",5,"RIB",6,"Ignorance","Rationality"
"R_1f9izvPYJ9ez5Zl",5,"RIB",6,"Ignorance","Rationality"
"R_3qlY7YuOtTmlnqw",5,"RIB",6,"Ignorance","Rationality"
"R_bIu9gF3RB8CTtXr",5,"RIB",3,"Ignorance","Rationality"
"R_1BXFBu0qAEwfd17",5,"RIB",5,"Ignorance","Rationality"
"R_3L1Q56xXaXVyMIC",5,"RIB",5,"Ignorance","Rationality"
"R_2S6pPEn187Q5NtY",5,"RIB",5,"Ignorance","Rationality"
"R_2uPS3EAvMPxKfXl",5,"RIB",3,"Ignorance","Rationality"
"R_3pcjNaakc9DEkuH",5,"RIB",5,"Ignorance","Rationality"
"R_3oT6ZoaUWgal8UH",5,"RIB",5,"Ignorance","Rationality"
"R_VR82NyjxABFst9f",5,"RIB",2,"Ignorance","Rationality"
"R_UMy2B8bGVjw9O3D",5,"RIB",4,"Ignorance","Rationality"
"R_2rZ10M50CWZ1eoq",5,"RIB",6,"Ignorance","Rationality"
"R_2ZPlpIQ6QzShsrr",5,"RIB",5,"Ignorance","Rationality"
"R_2uKtRMa60xPV9Qd",5,"RIB",4,"Ignorance","Rationality"
"R_2v1A4xHLmEQoT2o",5,"RIB",2,"Ignorance","Rationality"
"R_3fq0DzWogcDLEsV",5,"RIB",5,"Ignorance","Rationality"
"R_3KNNILeE3ut0kNj",5,"RIB",5,"Ignorance","Rationality"
"R_b1rH03pHa9MJNJv",5,"RIB",7,"Ignorance","Rationality"
"R_3KPhsWLJtp13y0X",5,"RIB",4,"Ignorance","Rationality"
"R_yWjT3ClYfKtwXHr",5,"RIB",6,"Ignorance","Rationality"
"R_xu9UP0GFBjQzi1P",6,"RIB",3,"Ignorance","Rationality"
"R_1IFTMKYY4Ar9h7X",6,"RIB",5,"Ignorance","Rationality"
"R_D0215TIQ3dRBXNL",6,"RIB",3,"Ignorance","Rationality"
"R_1PYrsTeyCWH15u3",6,"RIB",3,"Ignorance","Rationality"
"R_1ovWWgYf1uliRGE",6,"RIB",2,"Ignorance","Rationality"
"R_8bT93YYUqf1B1Qt",6,"RIB",7,"Ignorance","Rationality"
"R_O2a0beWlpnkeBB7",6,"RIB",4,"Ignorance","Rationality"
"R_1f9izvPYJ9ez5Zl",6,"RIB",6,"Ignorance","Rationality"
"R_3OkT4YxYDtONDSk",6,"RIB",3,"Ignorance","Rationality"
"R_3qlY7YuOtTmlnqw",6,"RIB",3,"Ignorance","Rationality"
"R_2uPS3EAvMPxKfXl",6,"RIB",6,"Ignorance","Rationality"
"R_3qpzfYjYEBvysnh",6,"RIB",7,"Ignorance","Rationality"
"R_3dGnkoBl0BCW4wr",6,"RIB",6,"Ignorance","Rationality"
"R_1F3wgkNCepYzGxO",6,"RIB",5,"Ignorance","Rationality"
"R_1jP2knP7Vljlk60",6,"RIB",4,"Ignorance","Rationality"
"R_3Ebvsl7XtlhzQWB",6,"RIB",3,"Ignorance","Rationality"
"R_3EMEIC7rpqFY83T",6,"RIB",6,"Ignorance","Rationality"
"R_2ypyIkDBAjMyH3M",6,"RIB",5,"Ignorance","Rationality"
"R_2v1A4xHLmEQoT2o",6,"RIB",4,"Ignorance","Rationality"
"R_1rOn0eiXQgg0Bto",6,"RIB",2,"Ignorance","Rationality"
"R_3fq0DzWogcDLEsV",6,"RIB",6,"Ignorance","Rationality"
"R_b1rH03pHa9MJNJv",6,"RIB",7,"Ignorance","Rationality"
"R_0Gs5KrwpxaE2AQF",6,"RIB",2,"Ignorance","Rationality"
"R_3HHqwXpaYg7zjtc",6,"RIB",5,"Ignorance","Rationality"
"R_cIR19O6YM6BpoWd",6,"RIB",7,"Ignorance","Rationality"
"R_1IFTMKYY4Ar9h7X",7,"RIB",6,"Ignorance","Rationality"
"R_VUMO4bHPJAdMI01",7,"RIB",7,"Ignorance","Rationality"
"R_25H4qxjzbWJocXI",7,"RIB",7,"Ignorance","Rationality"
"R_12RQRhgLfJM83Iu",7,"RIB",2,"Ignorance","Rationality"
"R_31abv5pcixkRVsa",7,"RIB",6,"Ignorance","Rationality"
"R_3G6V3MGevsXnxQw",7,"RIB",7,"Ignorance","Rationality"
"R_1ovWWgYf1uliRGE",7,"RIB",5,"Ignorance","Rationality"
"R_1f9izvPYJ9ez5Zl",7,"RIB",6,"Ignorance","Rationality"
"R_XyPc9AuqmfgpmNP",7,"RIB",6,"Ignorance","Rationality"
"R_3L1Q56xXaXVyMIC",7,"RIB",5,"Ignorance","Rationality"
"R_3hfQk0FdbI5ZquZ",7,"RIB",4,"Ignorance","Rationality"
"R_siIbJwoMNFAmf9D",7,"RIB",3,"Ignorance","Rationality"
"R_1Kp8ZVRR3w3y8ob",7,"RIB",4,"Ignorance","Rationality"
"R_3dGnkoBl0BCW4wr",7,"RIB",5,"Ignorance","Rationality"
"R_1jP2knP7Vljlk60",7,"RIB",6,"Ignorance","Rationality"
"R_43cgimLZIc5sDdf",7,"RIB",6,"Ignorance","Rationality"
"R_1KvGzRty5iYhjlc",7,"RIB",4,"Ignorance","Rationality"
"R_2rZ10M50CWZ1eoq",7,"RIB",1,"Ignorance","Rationality"
"R_2ZPlpIQ6QzShsrr",7,"RIB",4,"Ignorance","Rationality"
"R_1rOn0eiXQgg0Bto",7,"RIB",1,"Ignorance","Rationality"
"R_1rcce6YMkDl2Tqd",7,"RIB",7,"Ignorance","Rationality"
"R_1cRJTBNGcC96v7X",7,"RIB",7,"Ignorance","Rationality"
"R_3dJNWXdZg0boBR6",7,"RIB",5,"Ignorance","Rationality"
"R_3lrWn7KbZc6TkYf",7,"RIB",4,"Ignorance","Rationality"
"R_1gNKGnEEzWH2iAi",7,"RIB",7,"Ignorance","Rationality"
"R_2e9CF7ZPfDFASCc",7,"RIB",2,"Ignorance","Rationality"
"R_2tiogsuxGKKbNOv",8,"RIB",2,"Ignorance","Rationality"
"R_3k4IYszsTCRQrgC",8,"RIB",1,"Ignorance","Rationality"
"R_VUMO4bHPJAdMI01",8,"RIB",1,"Ignorance","Rationality"
"R_1rAhrV5EwBM1LyZ",8,"RIB",1,"Ignorance","Rationality"
"R_1ovWWgYf1uliRGE",8,"RIB",3,"Ignorance","Rationality"
"R_8bT93YYUqf1B1Qt",8,"RIB",1,"Ignorance","Rationality"
"R_1f9izvPYJ9ez5Zl",8,"RIB",3,"Ignorance","Rationality"
"R_3MzjhB4l2CnyceM",8,"RIB",1,"Ignorance","Rationality"
"R_3qlY7YuOtTmlnqw",8,"RIB",3,"Ignorance","Rationality"
"R_3hfQk0FdbI5ZquZ",8,"RIB",1,"Ignorance","Rationality"
"R_1176tIngeKbNXez",8,"RIB",1,"Ignorance","Rationality"
"R_1PTyJyKQcEUiuuQ",8,"RIB",5,"Ignorance","Rationality"
"R_8qVN23Q1GhwxtRv",8,"RIB",1,"Ignorance","Rationality"
"R_3pcjNaakc9DEkuH",8,"RIB",5,"Ignorance","Rationality"
"R_2fTlSKmHwWxCyvn",8,"RIB",1,"Ignorance","Rationality"
"R_3Ebvsl7XtlhzQWB",8,"RIB",1,"Ignorance","Rationality"
"R_43cgimLZIc5sDdf",8,"RIB",4,"Ignorance","Rationality"
"R_3EMEIC7rpqFY83T",8,"RIB",4,"Ignorance","Rationality"
"R_2P6F8vn4Tutz9m2",8,"RIB",2,"Ignorance","Rationality"
"R_1rcce6YMkDl2Tqd",8,"RIB",4,"Ignorance","Rationality"
"R_3fq0DzWogcDLEsV",8,"RIB",1,"Ignorance","Rationality"
"R_3KNNILeE3ut0kNj",8,"RIB",1,"Ignorance","Rationality"
"R_0Gs5KrwpxaE2AQF",8,"RIB",1,"Ignorance","Rationality"
"R_yWjT3ClYfKtwXHr",8,"RIB",2,"Ignorance","Rationality"
"R_1gNKGnEEzWH2iAi",8,"RIB",1,"Ignorance","Rationality"
"R_wOdSQUqwdK4bScp",8,"RIB",4,"Ignorance","Rationality"
"R_xu9UP0GFBjQzi1P",9,"RIB",4,"Ignorance","Rationality"
"R_2tiogsuxGKKbNOv",9,"RIB",6,"Ignorance","Rationality"
"R_1rAhrV5EwBM1LyZ",9,"RIB",5,"Ignorance","Rationality"
"R_2CQattCDouu6rte",9,"RIB",1,"Ignorance","Rationality"
"R_6DK6aYAhyK428E1",9,"RIB",5,"Ignorance","Rationality"
"R_3G6V3MGevsXnxQw",9,"RIB",6,"Ignorance","Rationality"
"R_8bT93YYUqf1B1Qt",9,"RIB",7,"Ignorance","Rationality"
"R_3MzjhB4l2CnyceM",9,"RIB",2,"Ignorance","Rationality"
"R_1BXFBu0qAEwfd17",9,"RIB",2,"Ignorance","Rationality"
"R_2S6pPEn187Q5NtY",9,"RIB",5,"Ignorance","Rationality"
"R_2ZUn4Z9qs9SrQRR",9,"RIB",5,"Ignorance","Rationality"
"R_8uCazDnCWc04MaR",9,"RIB",2,"Ignorance","Rationality"
"R_1Kp8ZVRR3w3y8ob",9,"RIB",5,"Ignorance","Rationality"
"R_1jP2knP7Vljlk60",9,"RIB",5,"Ignorance","Rationality"
"R_3oT6ZoaUWgal8UH",9,"RIB",3,"Ignorance","Rationality"
"R_2q45WB8tM3CnMsk",9,"RIB",5,"Ignorance","Rationality"
"R_bmzXOsLePOIJIbf",9,"RIB",2,"Ignorance","Rationality"
"R_3EMEIC7rpqFY83T",9,"RIB",5,"Ignorance","Rationality"
"R_2ypyIkDBAjMyH3M",9,"RIB",5,"Ignorance","Rationality"
"R_2v1A4xHLmEQoT2o",9,"RIB",2,"Ignorance","Rationality"
"R_1cRJTBNGcC96v7X",9,"RIB",5,"Ignorance","Rationality"
"R_1OuTe9tItsdnSCB",9,"RIB",3,"Ignorance","Rationality"
"R_b1rH03pHa9MJNJv",9,"RIB",7,"Ignorance","Rationality"
"R_3lrWn7KbZc6TkYf",9,"RIB",1,"Ignorance","Rationality"
"R_8IWJsKE3wv6zjoZ",9,"RIB",7,"Ignorance","Rationality"
"R_31TNc4a4YON2a7J",10,"RIB",4,"Ignorance","Rationality"
"R_1IFTMKYY4Ar9h7X",10,"RIB",5,"Ignorance","Rationality"
"R_2tiogsuxGKKbNOv",10,"RIB",3,"Ignorance","Rationality"
"R_1hG9owKKMQroBBf",10,"RIB",5,"Ignorance","Rationality"
"R_1ovWWgYf1uliRGE",10,"RIB",2,"Ignorance","Rationality"
"R_8bT93YYUqf1B1Qt",10,"RIB",7,"Ignorance","Rationality"
"R_3MzjhB4l2CnyceM",10,"RIB",2,"Ignorance","Rationality"
"R_XyPc9AuqmfgpmNP",10,"RIB",5,"Ignorance","Rationality"
"R_2PBUVaRRO8QOpsZ",10,"RIB",2,"Ignorance","Rationality"
"R_3kFVIOx0vSMCknB",10,"RIB",1,"Ignorance","Rationality"
"R_8qVN23Q1GhwxtRv",10,"RIB",1,"Ignorance","Rationality"
"R_VR82NyjxABFst9f",10,"RIB",3,"Ignorance","Rationality"
"R_UMy2B8bGVjw9O3D",10,"RIB",4,"Ignorance","Rationality"
"R_2q45WB8tM3CnMsk",10,"RIB",2,"Ignorance","Rationality"
"R_dgtQrUW08Tx0Y8N",10,"RIB",3,"Ignorance","Rationality"
"R_3n00tAc7D3Xq0nG",10,"RIB",2,"Ignorance","Rationality"
"R_2ZPlpIQ6QzShsrr",10,"RIB",6,"Ignorance","Rationality"
"R_2v1A4xHLmEQoT2o",10,"RIB",2,"Ignorance","Rationality"
"R_2WTOOT1lnF1XiXn",10,"RIB",7,"Ignorance","Rationality"
"R_1OuTe9tItsdnSCB",10,"RIB",5,"Ignorance","Rationality"
"R_0Gs5KrwpxaE2AQF",10,"RIB",4,"Ignorance","Rationality"
"R_yWjT3ClYfKtwXHr",10,"RIB",3,"Ignorance","Rationality"
"R_2zC2JtfSTQzEsMI",10,"RIB",2,"Ignorance","Rationality"
"R_2TtsbgTKwKK9wIO",11,"RIB",5,"Ignorance","Rationality"
"R_1hG9owKKMQroBBf",11,"RIB",5,"Ignorance","Rationality"
"R_VUMO4bHPJAdMI01",11,"RIB",7,"Ignorance","Rationality"
"R_25H4qxjzbWJocXI",11,"RIB",6,"Ignorance","Rationality"
"R_D0215TIQ3dRBXNL",11,"RIB",4,"Ignorance","Rationality"
"R_12RQRhgLfJM83Iu",11,"RIB",5,"Ignorance","Rationality"
"R_8bT93YYUqf1B1Qt",11,"RIB",7,"Ignorance","Rationality"
"R_XyPc9AuqmfgpmNP",11,"RIB",6,"Ignorance","Rationality"
"R_bIu9gF3RB8CTtXr",11,"RIB",3,"Ignorance","Rationality"
"R_2PBUVaRRO8QOpsZ",11,"RIB",4,"Ignorance","Rationality"
"R_3kFVIOx0vSMCknB",11,"RIB",7,"Ignorance","Rationality"
"R_3qpzfYjYEBvysnh",11,"RIB",5,"Ignorance","Rationality"
"R_3j7l9N6xmB4kZGa",11,"RIB",5,"Ignorance","Rationality"
"R_2fTlSKmHwWxCyvn",11,"RIB",1,"Ignorance","Rationality"
"R_3dGnkoBl0BCW4wr",11,"RIB",4,"Ignorance","Rationality"
"R_2rZ10M50CWZ1eoq",11,"RIB",3,"Ignorance","Rationality"
"R_3EMEIC7rpqFY83T",11,"RIB",6,"Ignorance","Rationality"
"R_2P6F8vn4Tutz9m2",11,"RIB",6,"Ignorance","Rationality"
"R_2WTOOT1lnF1XiXn",11,"RIB",7,"Ignorance","Rationality"
"R_1QuZ05DZ060dABH",11,"RIB",5,"Ignorance","Rationality"
"R_3FLmunkf2Hht6TF",11,"RIB",5,"Ignorance","Rationality"
"R_2R568m5pF77Dyh0",11,"RIB",6,"Ignorance","Rationality"
"R_3KPhsWLJtp13y0X",11,"RIB",5,"Ignorance","Rationality"
"R_8IWJsKE3wv6zjoZ",11,"RIB",7,"Ignorance","Rationality"
"R_1IFTMKYY4Ar9h7X",12,"RIB",5,"Ignorance","Rationality"
"R_2tiogsuxGKKbNOv",12,"RIB",4,"Ignorance","Rationality"
"R_1hG9owKKMQroBBf",12,"RIB",5,"Ignorance","Rationality"
"R_D0215TIQ3dRBXNL",12,"RIB",4,"Ignorance","Rationality"
"R_1OxDu1voda2Xi65",12,"RIB",5,"Ignorance","Rationality"
"R_3OkT4YxYDtONDSk",12,"RIB",5,"Ignorance","Rationality"
"R_XyPc9AuqmfgpmNP",12,"RIB",6,"Ignorance","Rationality"
"R_2ZUFDDiW6GBTnqt",12,"RIB",5,"Ignorance","Rationality"
"R_1176tIngeKbNXez",12,"RIB",6,"Ignorance","Rationality"
"R_8uCazDnCWc04MaR",12,"RIB",4,"Ignorance","Rationality"
"R_1Kp8ZVRR3w3y8ob",12,"RIB",7,"Ignorance","Rationality"
"R_2fTlSKmHwWxCyvn",12,"RIB",1,"Ignorance","Rationality"
"R_3dGnkoBl0BCW4wr",12,"RIB",3,"Ignorance","Rationality"
"R_1g1jxYRliuLSNIS",12,"RIB",3,"Ignorance","Rationality"
"R_43cgimLZIc5sDdf",12,"RIB",6,"Ignorance","Rationality"
"R_bmzXOsLePOIJIbf",12,"RIB",5,"Ignorance","Rationality"
"R_3EMEIC7rpqFY83T",12,"RIB",7,"Ignorance","Rationality"
"R_2ZPlpIQ6QzShsrr",12,"RIB",3,"Ignorance","Rationality"
"R_2P6F8vn4Tutz9m2",12,"RIB",5,"Ignorance","Rationality"
"R_2WTOOT1lnF1XiXn",12,"RIB",7,"Ignorance","Rationality"
"R_3KNNILeE3ut0kNj",12,"RIB",7,"Ignorance","Rationality"
"R_3HHqwXpaYg7zjtc",12,"RIB",7,"Ignorance","Rationality"
"R_3lrWn7KbZc6TkYf",12,"RIB",4,"Ignorance","Rationality"
"R_2zC2JtfSTQzEsMI",12,"RIB",5,"Ignorance","Rationality"
"R_2tiogsuxGKKbNOv",13,"RIB",6,"Ignorance","Rationality"
"R_1OxDu1voda2Xi65",13,"RIB",5,"Ignorance","Rationality"
"R_31abv5pcixkRVsa",13,"RIB",6,"Ignorance","Rationality"
"R_1ovWWgYf1uliRGE",13,"RIB",6,"Ignorance","Rationality"
"R_O2a0beWlpnkeBB7",13,"RIB",4,"Ignorance","Rationality"
"R_3MzjhB4l2CnyceM",13,"RIB",4,"Ignorance","Rationality"
"R_3OkT4YxYDtONDSk",13,"RIB",5,"Ignorance","Rationality"
"R_XyPc9AuqmfgpmNP",13,"RIB",6,"Ignorance","Rationality"
"R_3L1Q56xXaXVyMIC",13,"RIB",4,"Ignorance","Rationality"
"R_2S6pPEn187Q5NtY",13,"RIB",4,"Ignorance","Rationality"
"R_1176tIngeKbNXez",13,"RIB",6,"Ignorance","Rationality"
"R_8uCazDnCWc04MaR",13,"RIB",3,"Ignorance","Rationality"
"R_8qVN23Q1GhwxtRv",13,"RIB",4,"Ignorance","Rationality"
"R_3j7l9N6xmB4kZGa",13,"RIB",3,"Ignorance","Rationality"
"R_2fTlSKmHwWxCyvn",13,"RIB",1,"Ignorance","Rationality"
"R_3Ebvsl7XtlhzQWB",13,"RIB",4,"Ignorance","Rationality"
"R_dgtQrUW08Tx0Y8N",13,"RIB",7,"Ignorance","Rationality"
"R_1KvGzRty5iYhjlc",13,"RIB",4,"Ignorance","Rationality"
"R_3n00tAc7D3Xq0nG",13,"RIB",4,"Ignorance","Rationality"
"R_2ZPlpIQ6QzShsrr",13,"RIB",5,"Ignorance","Rationality"
"R_1rcce6YMkDl2Tqd",13,"RIB",5,"Ignorance","Rationality"
"R_1QuZ05DZ060dABH",13,"RIB",3,"Ignorance","Rationality"
"R_0Gs5KrwpxaE2AQF",13,"RIB",7,"Ignorance","Rationality"
"R_3lrWn7KbZc6TkYf",13,"RIB",4,"Ignorance","Rationality"
"R_2zC2JtfSTQzEsMI",13,"RIB",6,"Ignorance","Rationality"
"R_1IFTMKYY4Ar9h7X",14,"RIB",5,"Ignorance","Rationality"
"R_1DLUYGKswrdb9cm",14,"RIB",1,"Ignorance","Rationality"
"R_1rAhrV5EwBM1LyZ",14,"RIB",6,"Ignorance","Rationality"
"R_6DK6aYAhyK428E1",14,"RIB",4,"Ignorance","Rationality"
"R_12RQRhgLfJM83Iu",14,"RIB",2,"Ignorance","Rationality"
"R_1OxDu1voda2Xi65",14,"RIB",6,"Ignorance","Rationality"
"R_3G6V3MGevsXnxQw",14,"RIB",2,"Ignorance","Rationality"
"R_1ovWWgYf1uliRGE",14,"RIB",7,"Ignorance","Rationality"
"R_O2a0beWlpnkeBB7",14,"RIB",7,"Ignorance","Rationality"
"R_2PBUVaRRO8QOpsZ",14,"RIB",2,"Ignorance","Rationality"
"R_3kFVIOx0vSMCknB",14,"RIB",7,"Ignorance","Rationality"
"R_8uCazDnCWc04MaR",14,"RIB",6,"Ignorance","Rationality"
"R_3qpzfYjYEBvysnh",14,"RIB",4,"Ignorance","Rationality"
"R_1jP2knP7Vljlk60",14,"RIB",4,"Ignorance","Rationality"
"R_VR82NyjxABFst9f",14,"RIB",4,"Ignorance","Rationality"
"R_43cgimLZIc5sDdf",14,"RIB",6,"Ignorance","Rationality"
"R_3EMEIC7rpqFY83T",14,"RIB",4,"Ignorance","Rationality"
"R_2P6F8vn4Tutz9m2",14,"RIB",3,"Ignorance","Rationality"
"R_3fq0DzWogcDLEsV",14,"RIB",6,"Ignorance","Rationality"
"R_2WTOOT1lnF1XiXn",14,"RIB",7,"Ignorance","Rationality"
"R_2R568m5pF77Dyh0",14,"RIB",4,"Ignorance","Rationality"
"R_0Gs5KrwpxaE2AQF",14,"RIB",7,"Ignorance","Rationality"
"R_3KPhsWLJtp13y0X",14,"RIB",4,"Ignorance","Rationality"
"R_cIR19O6YM6BpoWd",14,"RIB",5,"Ignorance","Rationality"
"R_1IFTMKYY4Ar9h7X",15,"RIB",4,"Ignorance","Rationality"
"R_2TtsbgTKwKK9wIO",15,"RIB",3,"Ignorance","Rationality"
"R_8psRIDySszQHWjT",15,"RIB",4,"Ignorance","Rationality"
"R_1OxDu1voda2Xi65",15,"RIB",5,"Ignorance","Rationality"
"R_O2a0beWlpnkeBB7",15,"RIB",2,"Ignorance","Rationality"
"R_1f9izvPYJ9ez5Zl",15,"RIB",5,"Ignorance","Rationality"
"R_3OkT4YxYDtONDSk",15,"RIB",4,"Ignorance","Rationality"
"R_1BXFBu0qAEwfd17",15,"RIB",1,"Ignorance","Rationality"
"R_2PBUVaRRO8QOpsZ",15,"RIB",3,"Ignorance","Rationality"
"R_3j7l9N6xmB4kZGa",15,"RIB",2,"Ignorance","Rationality"
"R_vxBGd6vfvtHapsl",15,"RIB",6,"Ignorance","Rationality"
"R_3dGnkoBl0BCW4wr",15,"RIB",3,"Ignorance","Rationality"
"R_2q45WB8tM3CnMsk",15,"RIB",2,"Ignorance","Rationality"
"R_bmzXOsLePOIJIbf",15,"RIB",6,"Ignorance","Rationality"
"R_3gY1SdxVLpmfmir",15,"RIB",3,"Ignorance","Rationality"
"R_qPGNLL5ULlYc0Ip",15,"RIB",2,"Ignorance","Rationality"
"R_2v1A4xHLmEQoT2o",15,"RIB",3,"Ignorance","Rationality"
"R_3fq0DzWogcDLEsV",15,"RIB",1,"Ignorance","Rationality"
"R_2R568m5pF77Dyh0",15,"RIB",2,"Ignorance","Rationality"
"R_3KNNILeE3ut0kNj",15,"RIB",7,"Ignorance","Rationality"
"R_3lrWn7KbZc6TkYf",15,"RIB",4,"Ignorance","Rationality"
"R_yWjT3ClYfKtwXHr",15,"RIB",5,"Ignorance","Rationality"
"R_1gNKGnEEzWH2iAi",15,"RIB",4,"Ignorance","Rationality"
"R_31TNc4a4YON2a7J",16,"RIB",4,"Ignorance","Rationality"
"R_2tiogsuxGKKbNOv",16,"RIB",5,"Ignorance","Rationality"
"R_VUMO4bHPJAdMI01",16,"RIB",1,"Ignorance","Rationality"
"R_8psRIDySszQHWjT",16,"RIB",2,"Ignorance","Rationality"
"R_31abv5pcixkRVsa",16,"RIB",5,"Ignorance","Rationality"
"R_3G6V3MGevsXnxQw",16,"RIB",2,"Ignorance","Rationality"
"R_8bT93YYUqf1B1Qt",16,"RIB",1,"Ignorance","Rationality"
"R_3OkT4YxYDtONDSk",16,"RIB",3,"Ignorance","Rationality"
"R_bIu9gF3RB8CTtXr",16,"RIB",2,"Ignorance","Rationality"
"R_1BXFBu0qAEwfd17",16,"RIB",2,"Ignorance","Rationality"
"R_2S6pPEn187Q5NtY",16,"RIB",4,"Ignorance","Rationality"
"R_siIbJwoMNFAmf9D",16,"RIB",1,"Ignorance","Rationality"
"R_1176tIngeKbNXez",16,"RIB",1,"Ignorance","Rationality"
"R_1IvgwTwNrQyaHTf",16,"RIB",5,"Ignorance","Rationality"
"R_3oT6ZoaUWgal8UH",16,"RIB",5,"Ignorance","Rationality"
"R_2q45WB8tM3CnMsk",16,"RIB",6,"Ignorance","Rationality"
"R_dgtQrUW08Tx0Y8N",16,"RIB",6,"Ignorance","Rationality"
"R_3gY1SdxVLpmfmir",16,"RIB",3,"Ignorance","Rationality"
"R_qPGNLL5ULlYc0Ip",16,"RIB",1,"Ignorance","Rationality"
"R_2v1A4xHLmEQoT2o",16,"RIB",4,"Ignorance","Rationality"
"R_1cRJTBNGcC96v7X",16,"RIB",2,"Ignorance","Rationality"
"R_2R568m5pF77Dyh0",16,"RIB",4,"Ignorance","Rationality"
"R_3KNNILeE3ut0kNj",16,"RIB",1,"Ignorance","Rationality"
"R_yWjT3ClYfKtwXHr",16,"RIB",5,"Ignorance","Rationality"
"R_2zC2JtfSTQzEsMI",16,"RIB",4,"Ignorance","Rationality"
"R_wOdSQUqwdK4bScp",16,"RIB",3,"Ignorance","Rationality"
"R_31TNc4a4YON2a7J",1,"MKB",4,"Knowledge","Morality"
"R_xu9UP0GFBjQzi1P",1,"MKB",2,"Knowledge","Morality"
"R_1DLUYGKswrdb9cm",1,"MKB",6,"Knowledge","Morality"
"R_1hG9owKKMQroBBf",1,"MKB",6,"Knowledge","Morality"
"R_1rAhrV5EwBM1LyZ",1,"MKB",6,"Knowledge","Morality"
"R_2CQattCDouu6rte",1,"MKB",3,"Knowledge","Morality"
"R_3G6V3MGevsXnxQw",1,"MKB",5,"Knowledge","Morality"
"R_siIbJwoMNFAmf9D",1,"MKB",6,"Knowledge","Morality"
"R_2ZUn4Z9qs9SrQRR",1,"MKB",6,"Knowledge","Morality"
"R_3qpzfYjYEBvysnh",1,"MKB",7,"Knowledge","Morality"
"R_vxBGd6vfvtHapsl",1,"MKB",5,"Knowledge","Morality"
"R_VR82NyjxABFst9f",1,"MKB",7,"Knowledge","Morality"
"R_2q45WB8tM3CnMsk",1,"MKB",7,"Knowledge","Morality"
"R_dgtQrUW08Tx0Y8N",1,"MKB",4,"Knowledge","Morality"
"R_1KvGzRty5iYhjlc",1,"MKB",2,"Knowledge","Morality"
"R_3gY1SdxVLpmfmir",1,"MKB",6,"Knowledge","Morality"
"R_2ZPlpIQ6QzShsrr",1,"MKB",4,"Knowledge","Morality"
"R_1cRJTBNGcC96v7X",1,"MKB",6,"Knowledge","Morality"
"R_1OuTe9tItsdnSCB",1,"MKB",5,"Knowledge","Morality"
"R_3FLmunkf2Hht6TF",1,"MKB",5,"Knowledge","Morality"
"R_0Gs5KrwpxaE2AQF",1,"MKB",7,"Knowledge","Morality"
"R_3KPhsWLJtp13y0X",1,"MKB",4,"Knowledge","Morality"
"R_1gNKGnEEzWH2iAi",1,"MKB",7,"Knowledge","Morality"
"R_2tiogsuxGKKbNOv",2,"MKB",6,"Knowledge","Morality"
"R_3k4IYszsTCRQrgC",2,"MKB",3,"Knowledge","Morality"
"R_31abv5pcixkRVsa",2,"MKB",5,"Knowledge","Morality"
"R_3G6V3MGevsXnxQw",2,"MKB",6,"Knowledge","Morality"
"R_XyPc9AuqmfgpmNP",2,"MKB",5,"Knowledge","Morality"
"R_2ZUFDDiW6GBTnqt",2,"MKB",6,"Knowledge","Morality"
"R_bIu9gF3RB8CTtXr",2,"MKB",2,"Knowledge","Morality"
"R_1176tIngeKbNXez",2,"MKB",4,"Knowledge","Morality"
"R_8uCazDnCWc04MaR",2,"MKB",6,"Knowledge","Morality"
"R_1Kp8ZVRR3w3y8ob",2,"MKB",6,"Knowledge","Morality"
"R_3pcjNaakc9DEkuH",2,"MKB",6,"Knowledge","Morality"
"R_1jP2knP7Vljlk60",2,"MKB",5,"Knowledge","Morality"
"R_VR82NyjxABFst9f",2,"MKB",5,"Knowledge","Morality"
"R_UMy2B8bGVjw9O3D",2,"MKB",2,"Knowledge","Morality"
"R_3n00tAc7D3Xq0nG",2,"MKB",5,"Knowledge","Morality"
"R_3EMEIC7rpqFY83T",2,"MKB",7,"Knowledge","Morality"
"R_2ypyIkDBAjMyH3M",2,"MKB",6,"Knowledge","Morality"
"R_2uKtRMa60xPV9Qd",2,"MKB",7,"Knowledge","Morality"
"R_1rOn0eiXQgg0Bto",2,"MKB",6,"Knowledge","Morality"
"R_2WTOOT1lnF1XiXn",2,"MKB",7,"Knowledge","Morality"
"R_2R568m5pF77Dyh0",2,"MKB",6,"Knowledge","Morality"
"R_b1rH03pHa9MJNJv",2,"MKB",7,"Knowledge","Morality"
"R_3lrWn7KbZc6TkYf",2,"MKB",4,"Knowledge","Morality"
"R_2zC2JtfSTQzEsMI",2,"MKB",5,"Knowledge","Morality"
"R_2e9CF7ZPfDFASCc",2,"MKB",2,"Knowledge","Morality"
"R_xu9UP0GFBjQzi1P",3,"MKB",6,"Knowledge","Morality"
"R_6DK6aYAhyK428E1",3,"MKB",6,"Knowledge","Morality"
"R_plWR8uAeqvRwogh",3,"MKB",7,"Knowledge","Morality"
"R_12RQRhgLfJM83Iu",3,"MKB",1,"Knowledge","Morality"
"R_1OxDu1voda2Xi65",3,"MKB",6,"Knowledge","Morality"
"R_1ovWWgYf1uliRGE",3,"MKB",6,"Knowledge","Morality"
"R_XyPc9AuqmfgpmNP",3,"MKB",6,"Knowledge","Morality"
"R_3L1Q56xXaXVyMIC",3,"MKB",5,"Knowledge","Morality"
"R_3hfQk0FdbI5ZquZ",3,"MKB",6,"Knowledge","Morality"
"R_1IvgwTwNrQyaHTf",3,"MKB",3,"Knowledge","Morality"
"R_8uCazDnCWc04MaR",3,"MKB",7,"Knowledge","Morality"
"R_3pcjNaakc9DEkuH",3,"MKB",7,"Knowledge","Morality"
"R_2fTlSKmHwWxCyvn",3,"MKB",6,"Knowledge","Morality"
"R_vxBGd6vfvtHapsl",3,"MKB",6,"Knowledge","Morality"
"R_3Ebvsl7XtlhzQWB",3,"MKB",7,"Knowledge","Morality"
"R_bmzXOsLePOIJIbf",3,"MKB",6,"Knowledge","Morality"
"R_3EMEIC7rpqFY83T",3,"MKB",2,"Knowledge","Morality"
"R_2P6F8vn4Tutz9m2",3,"MKB",4,"Knowledge","Morality"
"R_2uKtRMa60xPV9Qd",3,"MKB",7,"Knowledge","Morality"
"R_1rcce6YMkDl2Tqd",3,"MKB",6,"Knowledge","Morality"
"R_1cRJTBNGcC96v7X",3,"MKB",6,"Knowledge","Morality"
"R_1QuZ05DZ060dABH",3,"MKB",5,"Knowledge","Morality"
"R_0Gs5KrwpxaE2AQF",3,"MKB",7,"Knowledge","Morality"
"R_3HHqwXpaYg7zjtc",3,"MKB",7,"Knowledge","Morality"
"R_1gNKGnEEzWH2iAi",3,"MKB",4,"Knowledge","Morality"
"R_2TtsbgTKwKK9wIO",4,"MKB",6,"Knowledge","Morality"
"R_2CQattCDouu6rte",4,"MKB",4,"Knowledge","Morality"
"R_12RQRhgLfJM83Iu",4,"MKB",2,"Knowledge","Morality"
"R_31abv5pcixkRVsa",4,"MKB",5,"Knowledge","Morality"
"R_1PYrsTeyCWH15u3",4,"MKB",7,"Knowledge","Morality"
"R_1ovWWgYf1uliRGE",4,"MKB",6,"Knowledge","Morality"
"R_2ZUFDDiW6GBTnqt",4,"MKB",5,"Knowledge","Morality"
"R_2S6pPEn187Q5NtY",4,"MKB",5,"Knowledge","Morality"
"R_3kFVIOx0vSMCknB",4,"MKB",6,"Knowledge","Morality"
"R_1176tIngeKbNXez",4,"MKB",4,"Knowledge","Morality"
"R_1PTyJyKQcEUiuuQ",4,"MKB",3,"Knowledge","Morality"
"R_8qVN23Q1GhwxtRv",4,"MKB",7,"Knowledge","Morality"
"R_3j7l9N6xmB4kZGa",4,"MKB",6,"Knowledge","Morality"
"R_1F3wgkNCepYzGxO",4,"MKB",4,"Knowledge","Morality"
"R_UMy2B8bGVjw9O3D",4,"MKB",4,"Knowledge","Morality"
"R_3rSx4gMQuyykxRV",4,"MKB",6,"Knowledge","Morality"
"R_3n00tAc7D3Xq0nG",4,"MKB",5,"Knowledge","Morality"
"R_2ypyIkDBAjMyH3M",4,"MKB",6,"Knowledge","Morality"
"R_2v1A4xHLmEQoT2o",4,"MKB",7,"Knowledge","Morality"
"R_1rcce6YMkDl2Tqd",4,"MKB",7,"Knowledge","Morality"
"R_1QuZ05DZ060dABH",4,"MKB",5,"Knowledge","Morality"
"R_3KNNILeE3ut0kNj",4,"MKB",7,"Knowledge","Morality"
"R_3lrWn7KbZc6TkYf",4,"MKB",7,"Knowledge","Morality"
"R_1gNKGnEEzWH2iAi",4,"MKB",6,"Knowledge","Morality"
"R_wOdSQUqwdK4bScp",4,"MKB",4,"Knowledge","Morality"
"R_1DLUYGKswrdb9cm",5,"MKB",7,"Knowledge","Morality"
"R_2tiogsuxGKKbNOv",5,"MKB",6,"Knowledge","Morality"
"R_2TtsbgTKwKK9wIO",5,"MKB",6,"Knowledge","Morality"
"R_1hG9owKKMQroBBf",5,"MKB",6,"Knowledge","Morality"
"R_1rAhrV5EwBM1LyZ",5,"MKB",5,"Knowledge","Morality"
"R_1OxDu1voda2Xi65",5,"MKB",5,"Knowledge","Morality"
"R_3MzjhB4l2CnyceM",5,"MKB",4,"Knowledge","Morality"
"R_3OkT4YxYDtONDSk",5,"MKB",5,"Knowledge","Morality"
"R_2PBUVaRRO8QOpsZ",5,"MKB",2,"Knowledge","Morality"
"R_3kFVIOx0vSMCknB",5,"MKB",7,"Knowledge","Morality"
"R_1IvgwTwNrQyaHTf",5,"MKB",4,"Knowledge","Morality"
"R_8uCazDnCWc04MaR",5,"MKB",5,"Knowledge","Morality"
"R_1F3wgkNCepYzGxO",5,"MKB",6,"Knowledge","Morality"
"R_1jP2knP7Vljlk60",5,"MKB",6,"Knowledge","Morality"
"R_3Ebvsl7XtlhzQWB",5,"MKB",6,"Knowledge","Morality"
"R_2q45WB8tM3CnMsk",5,"MKB",6,"Knowledge","Morality"
"R_3rSx4gMQuyykxRV",5,"MKB",2,"Knowledge","Morality"
"R_3gY1SdxVLpmfmir",5,"MKB",4,"Knowledge","Morality"
"R_qPGNLL5ULlYc0Ip",5,"MKB",5,"Knowledge","Morality"
"R_1rOn0eiXQgg0Bto",5,"MKB",7,"Knowledge","Morality"
"R_1OuTe9tItsdnSCB",5,"MKB",6,"Knowledge","Morality"
"R_3FLmunkf2Hht6TF",5,"MKB",3,"Knowledge","Morality"
"R_2R568m5pF77Dyh0",5,"MKB",7,"Knowledge","Morality"
"R_DNasEER9uGsFcfT",5,"MKB",4,"Knowledge","Morality"
"R_cIR19O6YM6BpoWd",5,"MKB",7,"Knowledge","Morality"
"R_wOdSQUqwdK4bScp",5,"MKB",6,"Knowledge","Morality"
"R_31TNc4a4YON2a7J",6,"MKB",4,"Knowledge","Morality"
"R_1hG9owKKMQroBBf",6,"MKB",5,"Knowledge","Morality"
"R_25H4qxjzbWJocXI",6,"MKB",5,"Knowledge","Morality"
"R_31abv5pcixkRVsa",6,"MKB",7,"Knowledge","Morality"
"R_3L1Q56xXaXVyMIC",6,"MKB",4,"Knowledge","Morality"
"R_siIbJwoMNFAmf9D",6,"MKB",4,"Knowledge","Morality"
"R_2ZUn4Z9qs9SrQRR",6,"MKB",4,"Knowledge","Morality"
"R_1176tIngeKbNXez",6,"MKB",4,"Knowledge","Morality"
"R_1IvgwTwNrQyaHTf",6,"MKB",5,"Knowledge","Morality"
"R_1PTyJyKQcEUiuuQ",6,"MKB",6,"Knowledge","Morality"
"R_8qVN23Q1GhwxtRv",6,"MKB",7,"Knowledge","Morality"
"R_3j7l9N6xmB4kZGa",6,"MKB",3,"Knowledge","Morality"
"R_vxBGd6vfvtHapsl",6,"MKB",4,"Knowledge","Morality"
"R_43cgimLZIc5sDdf",6,"MKB",4,"Knowledge","Morality"
"R_bmzXOsLePOIJIbf",6,"MKB",3,"Knowledge","Morality"
"R_1KvGzRty5iYhjlc",6,"MKB",2,"Knowledge","Morality"
"R_2rZ10M50CWZ1eoq",6,"MKB",6,"Knowledge","Morality"
"R_2P6F8vn4Tutz9m2",6,"MKB",4,"Knowledge","Morality"
"R_2uKtRMa60xPV9Qd",6,"MKB",7,"Knowledge","Morality"
"R_1cRJTBNGcC96v7X",6,"MKB",5,"Knowledge","Morality"
"R_1OuTe9tItsdnSCB",6,"MKB",3,"Knowledge","Morality"
"R_u2m3EaePEvEE75f",6,"MKB",3,"Knowledge","Morality"
"R_DNasEER9uGsFcfT",6,"MKB",2,"Knowledge","Morality"
"R_1gNKGnEEzWH2iAi",6,"MKB",4,"Knowledge","Morality"
"R_2e9CF7ZPfDFASCc",6,"MKB",2,"Knowledge","Morality"
"R_xu9UP0GFBjQzi1P",7,"MKB",7,"Knowledge","Morality"
"R_2tiogsuxGKKbNOv",7,"MKB",5,"Knowledge","Morality"
"R_2TtsbgTKwKK9wIO",7,"MKB",7,"Knowledge","Morality"
"R_3k4IYszsTCRQrgC",7,"MKB",7,"Knowledge","Morality"
"R_D0215TIQ3dRBXNL",7,"MKB",6,"Knowledge","Morality"
"R_plWR8uAeqvRwogh",7,"MKB",2,"Knowledge","Morality"
"R_3OkT4YxYDtONDSk",7,"MKB",6,"Knowledge","Morality"
"R_3qlY7YuOtTmlnqw",7,"MKB",6,"Knowledge","Morality"
"R_2S6pPEn187Q5NtY",7,"MKB",6,"Knowledge","Morality"
"R_2uPS3EAvMPxKfXl",7,"MKB",3,"Knowledge","Morality"
"R_2ZUn4Z9qs9SrQRR",7,"MKB",5,"Knowledge","Morality"
"R_1PTyJyKQcEUiuuQ",7,"MKB",6,"Knowledge","Morality"
"R_8uCazDnCWc04MaR",7,"MKB",7,"Knowledge","Morality"
"R_vxBGd6vfvtHapsl",7,"MKB",7,"Knowledge","Morality"
"R_3oT6ZoaUWgal8UH",7,"MKB",6,"Knowledge","Morality"
"R_2q45WB8tM3CnMsk",7,"MKB",7,"Knowledge","Morality"
"R_dgtQrUW08Tx0Y8N",7,"MKB",6,"Knowledge","Morality"
"R_bmzXOsLePOIJIbf",7,"MKB",5,"Knowledge","Morality"
"R_2ypyIkDBAjMyH3M",7,"MKB",6,"Knowledge","Morality"
"R_3fq0DzWogcDLEsV",7,"MKB",1,"Knowledge","Morality"
"R_3FLmunkf2Hht6TF",7,"MKB",7,"Knowledge","Morality"
"R_2R568m5pF77Dyh0",7,"MKB",6,"Knowledge","Morality"
"R_0Gs5KrwpxaE2AQF",7,"MKB",7,"Knowledge","Morality"
"R_3HHqwXpaYg7zjtc",7,"MKB",4,"Knowledge","Morality"
"R_2zC2JtfSTQzEsMI",7,"MKB",4,"Knowledge","Morality"
"R_xu9UP0GFBjQzi1P",8,"MKB",7,"Knowledge","Morality"
"R_8psRIDySszQHWjT",8,"MKB",1,"Knowledge","Morality"
"R_2CQattCDouu6rte",8,"MKB",4,"Knowledge","Morality"
"R_6DK6aYAhyK428E1",8,"MKB",4,"Knowledge","Morality"
"R_12RQRhgLfJM83Iu",8,"MKB",5,"Knowledge","Morality"
"R_31abv5pcixkRVsa",8,"MKB",7,"Knowledge","Morality"
"R_3OkT4YxYDtONDSk",8,"MKB",5,"Knowledge","Morality"
"R_XyPc9AuqmfgpmNP",8,"MKB",6,"Knowledge","Morality"
"R_2S6pPEn187Q5NtY",8,"MKB",5,"Knowledge","Morality"
"R_2uPS3EAvMPxKfXl",8,"MKB",5,"Knowledge","Morality"
"R_1Kp8ZVRR3w3y8ob",8,"MKB",7,"Knowledge","Morality"
"R_3qpzfYjYEBvysnh",8,"MKB",7,"Knowledge","Morality"
"R_1g1jxYRliuLSNIS",8,"MKB",3,"Knowledge","Morality"
"R_UMy2B8bGVjw9O3D",8,"MKB",5,"Knowledge","Morality"
"R_2q45WB8tM3CnMsk",8,"MKB",3,"Knowledge","Morality"
"R_dgtQrUW08Tx0Y8N",8,"MKB",4,"Knowledge","Morality"
"R_bmzXOsLePOIJIbf",8,"MKB",2,"Knowledge","Morality"
"R_2rZ10M50CWZ1eoq",8,"MKB",7,"Knowledge","Morality"
"R_qPGNLL5ULlYc0Ip",8,"MKB",3,"Knowledge","Morality"
"R_1cRJTBNGcC96v7X",8,"MKB",7,"Knowledge","Morality"
"R_1OuTe9tItsdnSCB",8,"MKB",6,"Knowledge","Morality"
"R_u2m3EaePEvEE75f",8,"MKB",6,"Knowledge","Morality"
"R_3FLmunkf2Hht6TF",8,"MKB",1,"Knowledge","Morality"
"R_3lrWn7KbZc6TkYf",8,"MKB",5,"Knowledge","Morality"
"R_8IWJsKE3wv6zjoZ",8,"MKB",4,"Knowledge","Morality"
"R_31TNc4a4YON2a7J",9,"MKB",4,"Knowledge","Morality"
"R_3k4IYszsTCRQrgC",9,"MKB",2,"Knowledge","Morality"
"R_1hG9owKKMQroBBf",9,"MKB",6,"Knowledge","Morality"
"R_D0215TIQ3dRBXNL",9,"MKB",4,"Knowledge","Morality"
"R_1OxDu1voda2Xi65",9,"MKB",6,"Knowledge","Morality"
"R_1PYrsTeyCWH15u3",9,"MKB",7,"Knowledge","Morality"
"R_O2a0beWlpnkeBB7",9,"MKB",7,"Knowledge","Morality"
"R_3OkT4YxYDtONDSk",9,"MKB",5,"Knowledge","Morality"
"R_XyPc9AuqmfgpmNP",9,"MKB",6,"Knowledge","Morality"
"R_2ZUFDDiW6GBTnqt",9,"MKB",7,"Knowledge","Morality"
"R_bIu9gF3RB8CTtXr",9,"MKB",5,"Knowledge","Morality"
"R_3L1Q56xXaXVyMIC",9,"MKB",3,"Knowledge","Morality"
"R_2uPS3EAvMPxKfXl",9,"MKB",5,"Knowledge","Morality"
"R_3j7l9N6xmB4kZGa",9,"MKB",4,"Knowledge","Morality"
"R_1F3wgkNCepYzGxO",9,"MKB",3,"Knowledge","Morality"
"R_VR82NyjxABFst9f",9,"MKB",2,"Knowledge","Morality"
"R_3Ebvsl7XtlhzQWB",9,"MKB",7,"Knowledge","Morality"
"R_1KvGzRty5iYhjlc",9,"MKB",6,"Knowledge","Morality"
"R_qPGNLL5ULlYc0Ip",9,"MKB",3,"Knowledge","Morality"
"R_2ZPlpIQ6QzShsrr",9,"MKB",3,"Knowledge","Morality"
"R_3fq0DzWogcDLEsV",9,"MKB",4,"Knowledge","Morality"
"R_2R568m5pF77Dyh0",9,"MKB",4,"Knowledge","Morality"
"R_3dJNWXdZg0boBR6",9,"MKB",6,"Knowledge","Morality"
"R_DNasEER9uGsFcfT",9,"MKB",3,"Knowledge","Morality"
"R_2zC2JtfSTQzEsMI",9,"MKB",5,"Knowledge","Morality"
"R_1DLUYGKswrdb9cm",10,"MKB",4,"Knowledge","Morality"
"R_1rAhrV5EwBM1LyZ",10,"MKB",5,"Knowledge","Morality"
"R_1OxDu1voda2Xi65",10,"MKB",4,"Knowledge","Morality"
"R_31abv5pcixkRVsa",10,"MKB",2,"Knowledge","Morality"
"R_1f9izvPYJ9ez5Zl",10,"MKB",2,"Knowledge","Morality"
"R_3OkT4YxYDtONDSk",10,"MKB",5,"Knowledge","Morality"
"R_2ZUFDDiW6GBTnqt",10,"MKB",4,"Knowledge","Morality"
"R_3L1Q56xXaXVyMIC",10,"MKB",2,"Knowledge","Morality"
"R_3hfQk0FdbI5ZquZ",10,"MKB",2,"Knowledge","Morality"
"R_2S6pPEn187Q5NtY",10,"MKB",4,"Knowledge","Morality"
"R_1IvgwTwNrQyaHTf",10,"MKB",3,"Knowledge","Morality"
"R_1PTyJyKQcEUiuuQ",10,"MKB",4,"Knowledge","Morality"
"R_vxBGd6vfvtHapsl",10,"MKB",3,"Knowledge","Morality"
"R_1F3wgkNCepYzGxO",10,"MKB",2,"Knowledge","Morality"
"R_3rSx4gMQuyykxRV",10,"MKB",7,"Knowledge","Morality"
"R_43cgimLZIc5sDdf",10,"MKB",4,"Knowledge","Morality"
"R_3gY1SdxVLpmfmir",10,"MKB",5,"Knowledge","Morality"
"R_2ypyIkDBAjMyH3M",10,"MKB",1,"Knowledge","Morality"
"R_2uKtRMa60xPV9Qd",10,"MKB",1,"Knowledge","Morality"
"R_1rcce6YMkDl2Tqd",10,"MKB",5,"Knowledge","Morality"
"R_3fq0DzWogcDLEsV",10,"MKB",5,"Knowledge","Morality"
"R_b1rH03pHa9MJNJv",10,"MKB",6,"Knowledge","Morality"
"R_3HHqwXpaYg7zjtc",10,"MKB",6,"Knowledge","Morality"
"R_3lrWn7KbZc6TkYf",10,"MKB",7,"Knowledge","Morality"
"R_1gNKGnEEzWH2iAi",10,"MKB",1,"Knowledge","Morality"
"R_wOdSQUqwdK4bScp",10,"MKB",3,"Knowledge","Morality"
"R_1IFTMKYY4Ar9h7X",11,"MKB",7,"Knowledge","Morality"
"R_1DLUYGKswrdb9cm",11,"MKB",5,"Knowledge","Morality"
"R_3k4IYszsTCRQrgC",11,"MKB",7,"Knowledge","Morality"
"R_1OxDu1voda2Xi65",11,"MKB",5,"Knowledge","Morality"
"R_31abv5pcixkRVsa",11,"MKB",6,"Knowledge","Morality"
"R_1ovWWgYf1uliRGE",11,"MKB",7,"Knowledge","Morality"
"R_1f9izvPYJ9ez5Zl",11,"MKB",6,"Knowledge","Morality"
"R_3qlY7YuOtTmlnqw",11,"MKB",6,"Knowledge","Morality"
"R_2S6pPEn187Q5NtY",11,"MKB",6,"Knowledge","Morality"
"R_2ZUn4Z9qs9SrQRR",11,"MKB",5,"Knowledge","Morality"
"R_1176tIngeKbNXez",11,"MKB",5,"Knowledge","Morality"
"R_8uCazDnCWc04MaR",11,"MKB",7,"Knowledge","Morality"
"R_3pcjNaakc9DEkuH",11,"MKB",7,"Knowledge","Morality"
"R_vxBGd6vfvtHapsl",11,"MKB",7,"Knowledge","Morality"
"R_3Ebvsl7XtlhzQWB",11,"MKB",7,"Knowledge","Morality"
"R_dgtQrUW08Tx0Y8N",11,"MKB",7,"Knowledge","Morality"
"R_bmzXOsLePOIJIbf",11,"MKB",6,"Knowledge","Morality"
"R_1KvGzRty5iYhjlc",11,"MKB",6,"Knowledge","Morality"
"R_qPGNLL5ULlYc0Ip",11,"MKB",7,"Knowledge","Morality"
"R_2ZPlpIQ6QzShsrr",11,"MKB",5,"Knowledge","Morality"
"R_1OuTe9tItsdnSCB",11,"MKB",7,"Knowledge","Morality"
"R_u2m3EaePEvEE75f",11,"MKB",6,"Knowledge","Morality"
"R_3HHqwXpaYg7zjtc",11,"MKB",4,"Knowledge","Morality"
"R_DNasEER9uGsFcfT",11,"MKB",6,"Knowledge","Morality"
"R_1gNKGnEEzWH2iAi",11,"MKB",7,"Knowledge","Morality"
"R_2e9CF7ZPfDFASCc",11,"MKB",6,"Knowledge","Morality"
"R_xu9UP0GFBjQzi1P",12,"MKB",4,"Knowledge","Morality"
"R_1DLUYGKswrdb9cm",12,"MKB",7,"Knowledge","Morality"
"R_2TtsbgTKwKK9wIO",12,"MKB",7,"Knowledge","Morality"
"R_3k4IYszsTCRQrgC",12,"MKB",7,"Knowledge","Morality"
"R_1rAhrV5EwBM1LyZ",12,"MKB",4,"Knowledge","Morality"
"R_6DK6aYAhyK428E1",12,"MKB",4,"Knowledge","Morality"
"R_plWR8uAeqvRwogh",12,"MKB",6,"Knowledge","Morality"
"R_1PYrsTeyCWH15u3",12,"MKB",7,"Knowledge","Morality"
"R_3L1Q56xXaXVyMIC",12,"MKB",5,"Knowledge","Morality"
"R_3hfQk0FdbI5ZquZ",12,"MKB",7,"Knowledge","Morality"
"R_2PBUVaRRO8QOpsZ",12,"MKB",4,"Knowledge","Morality"
"R_siIbJwoMNFAmf9D",12,"MKB",6,"Knowledge","Morality"
"R_1PTyJyKQcEUiuuQ",12,"MKB",5,"Knowledge","Morality"
"R_3j7l9N6xmB4kZGa",12,"MKB",4,"Knowledge","Morality"
"R_1jP2knP7Vljlk60",12,"MKB",6,"Knowledge","Morality"
"R_3Ebvsl7XtlhzQWB",12,"MKB",5,"Knowledge","Morality"
"R_dgtQrUW08Tx0Y8N",12,"MKB",6,"Knowledge","Morality"
"R_3n00tAc7D3Xq0nG",12,"MKB",6,"Knowledge","Morality"
"R_2ypyIkDBAjMyH3M",12,"MKB",7,"Knowledge","Morality"
"R_1OuTe9tItsdnSCB",12,"MKB",6,"Knowledge","Morality"
"R_3FLmunkf2Hht6TF",12,"MKB",4,"Knowledge","Morality"
"R_b1rH03pHa9MJNJv",12,"MKB",7,"Knowledge","Morality"
"R_0Gs5KrwpxaE2AQF",12,"MKB",7,"Knowledge","Morality"
"R_3KPhsWLJtp13y0X",12,"MKB",5,"Knowledge","Morality"
"R_cIR19O6YM6BpoWd",12,"MKB",7,"Knowledge","Morality"
"R_2e9CF7ZPfDFASCc",12,"MKB",5,"Knowledge","Morality"
"R_8psRIDySszQHWjT",13,"MKB",7,"Knowledge","Morality"
"R_D0215TIQ3dRBXNL",13,"MKB",6,"Knowledge","Morality"
"R_6DK6aYAhyK428E1",13,"MKB",7,"Knowledge","Morality"
"R_12RQRhgLfJM83Iu",13,"MKB",4,"Knowledge","Morality"
"R_1PYrsTeyCWH15u3",13,"MKB",6,"Knowledge","Morality"
"R_8bT93YYUqf1B1Qt",13,"MKB",7,"Knowledge","Morality"
"R_2ZUFDDiW6GBTnqt",13,"MKB",6,"Knowledge","Morality"
"R_3kFVIOx0vSMCknB",13,"MKB",7,"Knowledge","Morality"
"R_1IvgwTwNrQyaHTf",13,"MKB",5,"Knowledge","Morality"
"R_1Kp8ZVRR3w3y8ob",13,"MKB",7,"Knowledge","Morality"
"R_vxBGd6vfvtHapsl",13,"MKB",7,"Knowledge","Morality"
"R_1jP2knP7Vljlk60",13,"MKB",6,"Knowledge","Morality"
"R_UMy2B8bGVjw9O3D",13,"MKB",5,"Knowledge","Morality"
"R_2q45WB8tM3CnMsk",13,"MKB",6,"Knowledge","Morality"
"R_43cgimLZIc5sDdf",13,"MKB",7,"Knowledge","Morality"
"R_3gY1SdxVLpmfmir",13,"MKB",3,"Knowledge","Morality"
"R_3EMEIC7rpqFY83T",13,"MKB",7,"Knowledge","Morality"
"R_2P6F8vn4Tutz9m2",13,"MKB",6,"Knowledge","Morality"
"R_2uKtRMa60xPV9Qd",13,"MKB",6,"Knowledge","Morality"
"R_2WTOOT1lnF1XiXn",13,"MKB",7,"Knowledge","Morality"
"R_1OuTe9tItsdnSCB",13,"MKB",7,"Knowledge","Morality"
"R_3dJNWXdZg0boBR6",13,"MKB",7,"Knowledge","Morality"
"R_3HHqwXpaYg7zjtc",13,"MKB",7,"Knowledge","Morality"
"R_DNasEER9uGsFcfT",13,"MKB",6,"Knowledge","Morality"
"R_wOdSQUqwdK4bScp",13,"MKB",5,"Knowledge","Morality"
"R_31TNc4a4YON2a7J",14,"MKB",4,"Knowledge","Morality"
"R_2TtsbgTKwKK9wIO",14,"MKB",5,"Knowledge","Morality"
"R_3k4IYszsTCRQrgC",14,"MKB",7,"Knowledge","Morality"
"R_31abv5pcixkRVsa",14,"MKB",7,"Knowledge","Morality"
"R_1f9izvPYJ9ez5Zl",14,"MKB",6,"Knowledge","Morality"
"R_3OkT4YxYDtONDSk",14,"MKB",6,"Knowledge","Morality"
"R_XyPc9AuqmfgpmNP",14,"MKB",6,"Knowledge","Morality"
"R_1BXFBu0qAEwfd17",14,"MKB",5,"Knowledge","Morality"
"R_3L1Q56xXaXVyMIC",14,"MKB",3,"Knowledge","Morality"
"R_1176tIngeKbNXez",14,"MKB",7,"Knowledge","Morality"
"R_1IvgwTwNrQyaHTf",14,"MKB",3,"Knowledge","Morality"
"R_1Kp8ZVRR3w3y8ob",14,"MKB",4,"Knowledge","Morality"
"R_3j7l9N6xmB4kZGa",14,"MKB",6,"Knowledge","Morality"
"R_3pcjNaakc9DEkuH",14,"MKB",6,"Knowledge","Morality"
"R_3dGnkoBl0BCW4wr",14,"MKB",2,"Knowledge","Morality"
"R_2q45WB8tM3CnMsk",14,"MKB",5,"Knowledge","Morality"
"R_3rSx4gMQuyykxRV",14,"MKB",1,"Knowledge","Morality"
"R_1KvGzRty5iYhjlc",14,"MKB",7,"Knowledge","Morality"
"R_2ypyIkDBAjMyH3M",14,"MKB",5,"Knowledge","Morality"
"R_2ZPlpIQ6QzShsrr",14,"MKB",5,"Knowledge","Morality"
"R_3FLmunkf2Hht6TF",14,"MKB",2,"Knowledge","Morality"
"R_b1rH03pHa9MJNJv",14,"MKB",7,"Knowledge","Morality"
"R_3HHqwXpaYg7zjtc",14,"MKB",5,"Knowledge","Morality"
"R_3lrWn7KbZc6TkYf",14,"MKB",6,"Knowledge","Morality"
"R_8IWJsKE3wv6zjoZ",14,"MKB",7,"Knowledge","Morality"
"R_wOdSQUqwdK4bScp",14,"MKB",4,"Knowledge","Morality"
"R_31TNc4a4YON2a7J",15,"MKB",4,"Knowledge","Morality"
"R_1DLUYGKswrdb9cm",15,"MKB",6,"Knowledge","Morality"
"R_VUMO4bHPJAdMI01",15,"MKB",7,"Knowledge","Morality"
"R_1rAhrV5EwBM1LyZ",15,"MKB",5,"Knowledge","Morality"
"R_2CQattCDouu6rte",15,"MKB",5,"Knowledge","Morality"
"R_D0215TIQ3dRBXNL",15,"MKB",4,"Knowledge","Morality"
"R_31abv5pcixkRVsa",15,"MKB",7,"Knowledge","Morality"
"R_1PYrsTeyCWH15u3",15,"MKB",6,"Knowledge","Morality"
"R_2uPS3EAvMPxKfXl",15,"MKB",3,"Knowledge","Morality"
"R_8uCazDnCWc04MaR",15,"MKB",1,"Knowledge","Morality"
"R_1Kp8ZVRR3w3y8ob",15,"MKB",6,"Knowledge","Morality"
"R_3qpzfYjYEBvysnh",15,"MKB",5,"Knowledge","Morality"
"R_3pcjNaakc9DEkuH",15,"MKB",5,"Knowledge","Morality"
"R_1g1jxYRliuLSNIS",15,"MKB",2,"Knowledge","Morality"
"R_VR82NyjxABFst9f",15,"MKB",6,"Knowledge","Morality"
"R_UMy2B8bGVjw9O3D",15,"MKB",3,"Knowledge","Morality"
"R_dgtQrUW08Tx0Y8N",15,"MKB",5,"Knowledge","Morality"
"R_2rZ10M50CWZ1eoq",15,"MKB",7,"Knowledge","Morality"
"R_2ypyIkDBAjMyH3M",15,"MKB",3,"Knowledge","Morality"
"R_1cRJTBNGcC96v7X",15,"MKB",5,"Knowledge","Morality"
"R_1QuZ05DZ060dABH",15,"MKB",6,"Knowledge","Morality"
"R_3FLmunkf2Hht6TF",15,"MKB",6,"Knowledge","Morality"
"R_0Gs5KrwpxaE2AQF",15,"MKB",7,"Knowledge","Morality"
"R_3KPhsWLJtp13y0X",15,"MKB",3,"Knowledge","Morality"
"R_cIR19O6YM6BpoWd",15,"MKB",2,"Knowledge","Morality"
"R_2e9CF7ZPfDFASCc",15,"MKB",2,"Knowledge","Morality"
"R_1DLUYGKswrdb9cm",16,"MKB",1,"Knowledge","Morality"
"R_2TtsbgTKwKK9wIO",16,"MKB",3,"Knowledge","Morality"
"R_plWR8uAeqvRwogh",16,"MKB",7,"Knowledge","Morality"
"R_12RQRhgLfJM83Iu",16,"MKB",1,"Knowledge","Morality"
"R_1OxDu1voda2Xi65",16,"MKB",5,"Knowledge","Morality"
"R_1PYrsTeyCWH15u3",16,"MKB",4,"Knowledge","Morality"
"R_1ovWWgYf1uliRGE",16,"MKB",1,"Knowledge","Morality"
"R_O2a0beWlpnkeBB7",16,"MKB",2,"Knowledge","Morality"
"R_2ZUn4Z9qs9SrQRR",16,"MKB",3,"Knowledge","Morality"
"R_3qpzfYjYEBvysnh",16,"MKB",4,"Knowledge","Morality"
"R_3j7l9N6xmB4kZGa",16,"MKB",2,"Knowledge","Morality"
"R_vxBGd6vfvtHapsl",16,"MKB",2,"Knowledge","Morality"
"R_3dGnkoBl0BCW4wr",16,"MKB",2,"Knowledge","Morality"
"R_VR82NyjxABFst9f",16,"MKB",4,"Knowledge","Morality"
"R_bmzXOsLePOIJIbf",16,"MKB",2,"Knowledge","Morality"
"R_1KvGzRty5iYhjlc",16,"MKB",2,"Knowledge","Morality"
"R_3EMEIC7rpqFY83T",16,"MKB",1,"Knowledge","Morality"
"R_2P6F8vn4Tutz9m2",16,"MKB",2,"Knowledge","Morality"
"R_1rcce6YMkDl2Tqd",16,"MKB",2,"Knowledge","Morality"
"R_2WTOOT1lnF1XiXn",16,"MKB",3,"Knowledge","Morality"
"R_1OuTe9tItsdnSCB",16,"MKB",1,"Knowledge","Morality"
"R_u2m3EaePEvEE75f",16,"MKB",2,"Knowledge","Morality"
"R_3HHqwXpaYg7zjtc",16,"MKB",4,"Knowledge","Morality"
"R_1gNKGnEEzWH2iAi",16,"MKB",1,"Knowledge","Morality"
"R_2e9CF7ZPfDFASCc",16,"MKB",3,"Knowledge","Morality"
"R_1IFTMKYY4Ar9h7X",1,"MIB",4,"Ignorance","Morality"
"R_plWR8uAeqvRwogh",1,"MIB",7,"Ignorance","Morality"
"R_12RQRhgLfJM83Iu",1,"MIB",2,"Ignorance","Morality"
"R_1OxDu1voda2Xi65",1,"MIB",5,"Ignorance","Morality"
"R_31abv5pcixkRVsa",1,"MIB",6,"Ignorance","Morality"
"R_1ovWWgYf1uliRGE",1,"MIB",3,"Ignorance","Morality"
"R_3qlY7YuOtTmlnqw",1,"MIB",4,"Ignorance","Morality"
"R_bIu9gF3RB8CTtXr",1,"MIB",4,"Ignorance","Morality"
"R_1BXFBu0qAEwfd17",1,"MIB",1,"Ignorance","Morality"
"R_3hfQk0FdbI5ZquZ",1,"MIB",1,"Ignorance","Morality"
"R_2PBUVaRRO8QOpsZ",1,"MIB",5,"Ignorance","Morality"
"R_2S6pPEn187Q5NtY",1,"MIB",3,"Ignorance","Morality"
"R_3j7l9N6xmB4kZGa",1,"MIB",3,"Ignorance","Morality"
"R_2fTlSKmHwWxCyvn",1,"MIB",1,"Ignorance","Morality"
"R_1F3wgkNCepYzGxO",1,"MIB",4,"Ignorance","Morality"
"R_UMy2B8bGVjw9O3D",1,"MIB",4,"Ignorance","Morality"
"R_3Ebvsl7XtlhzQWB",1,"MIB",1,"Ignorance","Morality"
"R_2ypyIkDBAjMyH3M",1,"MIB",2,"Ignorance","Morality"
"R_2v1A4xHLmEQoT2o",1,"MIB",3,"Ignorance","Morality"
"R_1rOn0eiXQgg0Bto",1,"MIB",3,"Ignorance","Morality"
"R_3KNNILeE3ut0kNj",1,"MIB",6,"Ignorance","Morality"
"R_b1rH03pHa9MJNJv",1,"MIB",7,"Ignorance","Morality"
"R_3lrWn7KbZc6TkYf",1,"MIB",1,"Ignorance","Morality"
"R_DNasEER9uGsFcfT",1,"MIB",4,"Ignorance","Morality"
"R_2e9CF7ZPfDFASCc",1,"MIB",2,"Ignorance","Morality"
"R_2TtsbgTKwKK9wIO",2,"MIB",4,"Ignorance","Morality"
"R_VUMO4bHPJAdMI01",2,"MIB",7,"Ignorance","Morality"
"R_8psRIDySszQHWjT",2,"MIB",6,"Ignorance","Morality"
"R_plWR8uAeqvRwogh",2,"MIB",7,"Ignorance","Morality"
"R_1PYrsTeyCWH15u3",2,"MIB",5,"Ignorance","Morality"
"R_1ovWWgYf1uliRGE",2,"MIB",2,"Ignorance","Morality"
"R_O2a0beWlpnkeBB7",2,"MIB",4,"Ignorance","Morality"
"R_1f9izvPYJ9ez5Zl",2,"MIB",5,"Ignorance","Morality"
"R_3MzjhB4l2CnyceM",2,"MIB",3,"Ignorance","Morality"
"R_3hfQk0FdbI5ZquZ",2,"MIB",1,"Ignorance","Morality"
"R_2S6pPEn187Q5NtY",2,"MIB",5,"Ignorance","Morality"
"R_8qVN23Q1GhwxtRv",2,"MIB",4,"Ignorance","Morality"
"R_2fTlSKmHwWxCyvn",2,"MIB",1,"Ignorance","Morality"
"R_1g1jxYRliuLSNIS",2,"MIB",6,"Ignorance","Morality"
"R_3oT6ZoaUWgal8UH",2,"MIB",3,"Ignorance","Morality"
"R_2q45WB8tM3CnMsk",2,"MIB",6,"Ignorance","Morality"
"R_1KvGzRty5iYhjlc",2,"MIB",1,"Ignorance","Morality"
"R_3gY1SdxVLpmfmir",2,"MIB",2,"Ignorance","Morality"
"R_3fq0DzWogcDLEsV",2,"MIB",1,"Ignorance","Morality"
"R_1cRJTBNGcC96v7X",2,"MIB",5,"Ignorance","Morality"
"R_1OuTe9tItsdnSCB",2,"MIB",6,"Ignorance","Morality"
"R_3dJNWXdZg0boBR6",2,"MIB",4,"Ignorance","Morality"
"R_yWjT3ClYfKtwXHr",2,"MIB",5,"Ignorance","Morality"
"R_cIR19O6YM6BpoWd",2,"MIB",7,"Ignorance","Morality"
"R_wOdSQUqwdK4bScp",2,"MIB",2,"Ignorance","Morality"
"R_31TNc4a4YON2a7J",3,"MIB",4,"Ignorance","Morality"
"R_2tiogsuxGKKbNOv",3,"MIB",4,"Ignorance","Morality"
"R_2TtsbgTKwKK9wIO",3,"MIB",3,"Ignorance","Morality"
"R_8psRIDySszQHWjT",3,"MIB",2,"Ignorance","Morality"
"R_2CQattCDouu6rte",3,"MIB",1,"Ignorance","Morality"
"R_1PYrsTeyCWH15u3",3,"MIB",4,"Ignorance","Morality"
"R_O2a0beWlpnkeBB7",3,"MIB",5,"Ignorance","Morality"
"R_siIbJwoMNFAmf9D",3,"MIB",5,"Ignorance","Morality"
"R_2ZUn4Z9qs9SrQRR",3,"MIB",6,"Ignorance","Morality"
"R_1PTyJyKQcEUiuuQ",3,"MIB",4,"Ignorance","Morality"
"R_8qVN23Q1GhwxtRv",3,"MIB",3,"Ignorance","Morality"
"R_1g1jxYRliuLSNIS",3,"MIB",4,"Ignorance","Morality"
"R_3oT6ZoaUWgal8UH",3,"MIB",2,"Ignorance","Morality"
"R_VR82NyjxABFst9f",3,"MIB",4,"Ignorance","Morality"
"R_2q45WB8tM3CnMsk",3,"MIB",4,"Ignorance","Morality"
"R_3n00tAc7D3Xq0nG",3,"MIB",2,"Ignorance","Morality"
"R_qPGNLL5ULlYc0Ip",3,"MIB",2,"Ignorance","Morality"
"R_2ypyIkDBAjMyH3M",3,"MIB",7,"Ignorance","Morality"
"R_2v1A4xHLmEQoT2o",3,"MIB",2,"Ignorance","Morality"
"R_1OuTe9tItsdnSCB",3,"MIB",4,"Ignorance","Morality"
"R_3FLmunkf2Hht6TF",3,"MIB",1,"Ignorance","Morality"
"R_3KNNILeE3ut0kNj",3,"MIB",4,"Ignorance","Morality"
"R_3lrWn7KbZc6TkYf",3,"MIB",5,"Ignorance","Morality"
"R_2zC2JtfSTQzEsMI",3,"MIB",3,"Ignorance","Morality"
"R_wOdSQUqwdK4bScp",3,"MIB",6,"Ignorance","Morality"
"R_xu9UP0GFBjQzi1P",4,"MIB",1,"Ignorance","Morality"
"R_1hG9owKKMQroBBf",4,"MIB",4,"Ignorance","Morality"
"R_25H4qxjzbWJocXI",4,"MIB",3,"Ignorance","Morality"
"R_1OxDu1voda2Xi65",4,"MIB",6,"Ignorance","Morality"
"R_3G6V3MGevsXnxQw",4,"MIB",6,"Ignorance","Morality"
"R_1f9izvPYJ9ez5Zl",4,"MIB",5,"Ignorance","Morality"
"R_3MzjhB4l2CnyceM",4,"MIB",3,"Ignorance","Morality"
"R_2uPS3EAvMPxKfXl",4,"MIB",3,"Ignorance","Morality"
"R_1IvgwTwNrQyaHTf",4,"MIB",5,"Ignorance","Morality"
"R_1Kp8ZVRR3w3y8ob",4,"MIB",5,"Ignorance","Morality"
"R_3pcjNaakc9DEkuH",4,"MIB",4,"Ignorance","Morality"
"R_vxBGd6vfvtHapsl",4,"MIB",5,"Ignorance","Morality"
"R_1jP2knP7Vljlk60",4,"MIB",4,"Ignorance","Morality"
"R_2q45WB8tM3CnMsk",4,"MIB",6,"Ignorance","Morality"
"R_43cgimLZIc5sDdf",4,"MIB",3,"Ignorance","Morality"
"R_1KvGzRty5iYhjlc",4,"MIB",3,"Ignorance","Morality"
"R_3gY1SdxVLpmfmir",4,"MIB",4,"Ignorance","Morality"
"R_2P6F8vn4Tutz9m2",4,"MIB",3,"Ignorance","Morality"
"R_3fq0DzWogcDLEsV",4,"MIB",5,"Ignorance","Morality"
"R_1OuTe9tItsdnSCB",4,"MIB",6,"Ignorance","Morality"
"R_3FLmunkf2Hht6TF",4,"MIB",6,"Ignorance","Morality"
"R_3dJNWXdZg0boBR6",4,"MIB",4,"Ignorance","Morality"
"R_3KPhsWLJtp13y0X",4,"MIB",3,"Ignorance","Morality"
"R_2zC2JtfSTQzEsMI",4,"MIB",2,"Ignorance","Morality"
"R_plWR8uAeqvRwogh",5,"MIB",7,"Ignorance","Morality"
"R_12RQRhgLfJM83Iu",5,"MIB",1,"Ignorance","Morality"
"R_3G6V3MGevsXnxQw",5,"MIB",5,"Ignorance","Morality"
"R_1PYrsTeyCWH15u3",5,"MIB",5,"Ignorance","Morality"
"R_1ovWWgYf1uliRGE",5,"MIB",5,"Ignorance","Morality"
"R_XyPc9AuqmfgpmNP",5,"MIB",6,"Ignorance","Morality"
"R_2ZUFDDiW6GBTnqt",5,"MIB",6,"Ignorance","Morality"
"R_siIbJwoMNFAmf9D",5,"MIB",3,"Ignorance","Morality"
"R_2ZUn4Z9qs9SrQRR",5,"MIB",6,"Ignorance","Morality"
"R_1176tIngeKbNXez",5,"MIB",5,"Ignorance","Morality"
"R_1PTyJyKQcEUiuuQ",5,"MIB",3,"Ignorance","Morality"
"R_3j7l9N6xmB4kZGa",5,"MIB",3,"Ignorance","Morality"
"R_vxBGd6vfvtHapsl",5,"MIB",6,"Ignorance","Morality"
"R_3dGnkoBl0BCW4wr",5,"MIB",6,"Ignorance","Morality"
"R_43cgimLZIc5sDdf",5,"MIB",5,"Ignorance","Morality"
"R_bmzXOsLePOIJIbf",5,"MIB",4,"Ignorance","Morality"
"R_3n00tAc7D3Xq0nG",5,"MIB",6,"Ignorance","Morality"
"R_2ypyIkDBAjMyH3M",5,"MIB",6,"Ignorance","Morality"
"R_1rcce6YMkDl2Tqd",5,"MIB",4,"Ignorance","Morality"
"R_1cRJTBNGcC96v7X",5,"MIB",6,"Ignorance","Morality"
"R_u2m3EaePEvEE75f",5,"MIB",5,"Ignorance","Morality"
"R_3dJNWXdZg0boBR6",5,"MIB",5,"Ignorance","Morality"
"R_3lrWn7KbZc6TkYf",5,"MIB",3,"Ignorance","Morality"
"R_2zC2JtfSTQzEsMI",5,"MIB",5,"Ignorance","Morality"
"R_8IWJsKE3wv6zjoZ",5,"MIB",7,"Ignorance","Morality"
"R_1DLUYGKswrdb9cm",6,"MIB",2,"Ignorance","Morality"
"R_2tiogsuxGKKbNOv",6,"MIB",3,"Ignorance","Morality"
"R_1rAhrV5EwBM1LyZ",6,"MIB",6,"Ignorance","Morality"
"R_2CQattCDouu6rte",6,"MIB",1,"Ignorance","Morality"
"R_6DK6aYAhyK428E1",6,"MIB",2,"Ignorance","Morality"
"R_1OxDu1voda2Xi65",6,"MIB",4,"Ignorance","Morality"
"R_3G6V3MGevsXnxQw",6,"MIB",2,"Ignorance","Morality"
"R_3MzjhB4l2CnyceM",6,"MIB",2,"Ignorance","Morality"
"R_XyPc9AuqmfgpmNP",6,"MIB",5,"Ignorance","Morality"
"R_3hfQk0FdbI5ZquZ",6,"MIB",1,"Ignorance","Morality"
"R_3kFVIOx0vSMCknB",6,"MIB",2,"Ignorance","Morality"
"R_3pcjNaakc9DEkuH",6,"MIB",4,"Ignorance","Morality"
"R_2fTlSKmHwWxCyvn",6,"MIB",1,"Ignorance","Morality"
"R_VR82NyjxABFst9f",6,"MIB",7,"Ignorance","Morality"
"R_UMy2B8bGVjw9O3D",6,"MIB",4,"Ignorance","Morality"
"R_2q45WB8tM3CnMsk",6,"MIB",4,"Ignorance","Morality"
"R_3rSx4gMQuyykxRV",6,"MIB",1,"Ignorance","Morality"
"R_3n00tAc7D3Xq0nG",6,"MIB",2,"Ignorance","Morality"
"R_3gY1SdxVLpmfmir",6,"MIB",5,"Ignorance","Morality"
"R_2ZPlpIQ6QzShsrr",6,"MIB",3,"Ignorance","Morality"
"R_1rcce6YMkDl2Tqd",6,"MIB",5,"Ignorance","Morality"
"R_1QuZ05DZ060dABH",6,"MIB",4,"Ignorance","Morality"
"R_2R568m5pF77Dyh0",6,"MIB",6,"Ignorance","Morality"
"R_3KPhsWLJtp13y0X",6,"MIB",5,"Ignorance","Morality"
"R_2zC2JtfSTQzEsMI",6,"MIB",3,"Ignorance","Morality"
"R_wOdSQUqwdK4bScp",6,"MIB",2,"Ignorance","Morality"
"R_31TNc4a4YON2a7J",7,"MIB",5,"Ignorance","Morality"
"R_1hG9owKKMQroBBf",7,"MIB",5,"Ignorance","Morality"
"R_1OxDu1voda2Xi65",7,"MIB",6,"Ignorance","Morality"
"R_1PYrsTeyCWH15u3",7,"MIB",6,"Ignorance","Morality"
"R_O2a0beWlpnkeBB7",7,"MIB",7,"Ignorance","Morality"
"R_bIu9gF3RB8CTtXr",7,"MIB",6,"Ignorance","Morality"
"R_1BXFBu0qAEwfd17",7,"MIB",5,"Ignorance","Morality"
"R_3kFVIOx0vSMCknB",7,"MIB",4,"Ignorance","Morality"
"R_8qVN23Q1GhwxtRv",7,"MIB",6,"Ignorance","Morality"
"R_3qpzfYjYEBvysnh",7,"MIB",5,"Ignorance","Morality"
"R_3j7l9N6xmB4kZGa",7,"MIB",4,"Ignorance","Morality"
"R_3pcjNaakc9DEkuH",7,"MIB",6,"Ignorance","Morality"
"R_2fTlSKmHwWxCyvn",7,"MIB",1,"Ignorance","Morality"
"R_1F3wgkNCepYzGxO",7,"MIB",3,"Ignorance","Morality"
"R_VR82NyjxABFst9f",7,"MIB",1,"Ignorance","Morality"
"R_UMy2B8bGVjw9O3D",7,"MIB",5,"Ignorance","Morality"
"R_3rSx4gMQuyykxRV",7,"MIB",1,"Ignorance","Morality"
"R_3gY1SdxVLpmfmir",7,"MIB",6,"Ignorance","Morality"
"R_3EMEIC7rpqFY83T",7,"MIB",3,"Ignorance","Morality"
"R_2uKtRMa60xPV9Qd",7,"MIB",5,"Ignorance","Morality"
"R_2WTOOT1lnF1XiXn",7,"MIB",7,"Ignorance","Morality"
"R_u2m3EaePEvEE75f",7,"MIB",5,"Ignorance","Morality"
"R_3KNNILeE3ut0kNj",7,"MIB",7,"Ignorance","Morality"
"R_DNasEER9uGsFcfT",7,"MIB",1,"Ignorance","Morality"
"R_cIR19O6YM6BpoWd",7,"MIB",5,"Ignorance","Morality"
"R_wOdSQUqwdK4bScp",7,"MIB",4,"Ignorance","Morality"
"R_1hG9owKKMQroBBf",8,"MIB",5,"Ignorance","Morality"
"R_25H4qxjzbWJocXI",8,"MIB",6,"Ignorance","Morality"
"R_D0215TIQ3dRBXNL",8,"MIB",6,"Ignorance","Morality"
"R_plWR8uAeqvRwogh",8,"MIB",1,"Ignorance","Morality"
"R_1OxDu1voda2Xi65",8,"MIB",5,"Ignorance","Morality"
"R_O2a0beWlpnkeBB7",8,"MIB",6,"Ignorance","Morality"
"R_2ZUFDDiW6GBTnqt",8,"MIB",6,"Ignorance","Morality"
"R_bIu9gF3RB8CTtXr",8,"MIB",1,"Ignorance","Morality"
"R_1BXFBu0qAEwfd17",8,"MIB",6,"Ignorance","Morality"
"R_2PBUVaRRO8QOpsZ",8,"MIB",2,"Ignorance","Morality"
"R_siIbJwoMNFAmf9D",8,"MIB",5,"Ignorance","Morality"
"R_3kFVIOx0vSMCknB",8,"MIB",7,"Ignorance","Morality"
"R_3dGnkoBl0BCW4wr",8,"MIB",6,"Ignorance","Morality"
"R_1F3wgkNCepYzGxO",8,"MIB",4,"Ignorance","Morality"
"R_1jP2knP7Vljlk60",8,"MIB",6,"Ignorance","Morality"
"R_3oT6ZoaUWgal8UH",8,"MIB",4,"Ignorance","Morality"
"R_3rSx4gMQuyykxRV",8,"MIB",2,"Ignorance","Morality"
"R_2ypyIkDBAjMyH3M",8,"MIB",7,"Ignorance","Morality"
"R_2ZPlpIQ6QzShsrr",8,"MIB",4,"Ignorance","Morality"
"R_1rOn0eiXQgg0Bto",8,"MIB",3,"Ignorance","Morality"
"R_2WTOOT1lnF1XiXn",8,"MIB",7,"Ignorance","Morality"
"R_b1rH03pHa9MJNJv",8,"MIB",6,"Ignorance","Morality"
"R_3dJNWXdZg0boBR6",8,"MIB",5,"Ignorance","Morality"
"R_DNasEER9uGsFcfT",8,"MIB",2,"Ignorance","Morality"
"R_2zC2JtfSTQzEsMI",8,"MIB",3,"Ignorance","Morality"
"R_1IFTMKYY4Ar9h7X",9,"MIB",2,"Ignorance","Morality"
"R_2TtsbgTKwKK9wIO",9,"MIB",3,"Ignorance","Morality"
"R_VUMO4bHPJAdMI01",9,"MIB",7,"Ignorance","Morality"
"R_12RQRhgLfJM83Iu",9,"MIB",3,"Ignorance","Morality"
"R_31abv5pcixkRVsa",9,"MIB",4,"Ignorance","Morality"
"R_1f9izvPYJ9ez5Zl",9,"MIB",4,"Ignorance","Morality"
"R_2PBUVaRRO8QOpsZ",9,"MIB",2,"Ignorance","Morality"
"R_siIbJwoMNFAmf9D",9,"MIB",6,"Ignorance","Morality"
"R_1176tIngeKbNXez",9,"MIB",3,"Ignorance","Morality"
"R_3pcjNaakc9DEkuH",9,"MIB",5,"Ignorance","Morality"
"R_2fTlSKmHwWxCyvn",9,"MIB",1,"Ignorance","Morality"
"R_UMy2B8bGVjw9O3D",9,"MIB",3,"Ignorance","Morality"
"R_3rSx4gMQuyykxRV",9,"MIB",2,"Ignorance","Morality"
"R_43cgimLZIc5sDdf",9,"MIB",6,"Ignorance","Morality"
"R_3n00tAc7D3Xq0nG",9,"MIB",1,"Ignorance","Morality"
"R_2uKtRMa60xPV9Qd",9,"MIB",7,"Ignorance","Morality"
"R_1rOn0eiXQgg0Bto",9,"MIB",5,"Ignorance","Morality"
"R_1rcce6YMkDl2Tqd",9,"MIB",5,"Ignorance","Morality"
"R_u2m3EaePEvEE75f",9,"MIB",5,"Ignorance","Morality"
"R_3FLmunkf2Hht6TF",9,"MIB",7,"Ignorance","Morality"
"R_3HHqwXpaYg7zjtc",9,"MIB",4,"Ignorance","Morality"
"R_3KPhsWLJtp13y0X",9,"MIB",3,"Ignorance","Morality"
"R_1gNKGnEEzWH2iAi",9,"MIB",5,"Ignorance","Morality"
"R_2e9CF7ZPfDFASCc",9,"MIB",3,"Ignorance","Morality"
"R_xu9UP0GFBjQzi1P",10,"MIB",5,"Ignorance","Morality"
"R_3k4IYszsTCRQrgC",10,"MIB",1,"Ignorance","Morality"
"R_VUMO4bHPJAdMI01",10,"MIB",1,"Ignorance","Morality"
"R_8psRIDySszQHWjT",10,"MIB",2,"Ignorance","Morality"
"R_D0215TIQ3dRBXNL",10,"MIB",7,"Ignorance","Morality"
"R_6DK6aYAhyK428E1",10,"MIB",3,"Ignorance","Morality"
"R_plWR8uAeqvRwogh",10,"MIB",2,"Ignorance","Morality"
"R_2uPS3EAvMPxKfXl",10,"MIB",5,"Ignorance","Morality"
"R_2ZUn4Z9qs9SrQRR",10,"MIB",3,"Ignorance","Morality"
"R_1176tIngeKbNXez",10,"MIB",3,"Ignorance","Morality"
"R_8uCazDnCWc04MaR",10,"MIB",3,"Ignorance","Morality"
"R_3qpzfYjYEBvysnh",10,"MIB",3,"Ignorance","Morality"
"R_3j7l9N6xmB4kZGa",10,"MIB",1,"Ignorance","Morality"
"R_2fTlSKmHwWxCyvn",10,"MIB",1,"Ignorance","Morality"
"R_3dGnkoBl0BCW4wr",10,"MIB",4,"Ignorance","Morality"
"R_1g1jxYRliuLSNIS",10,"MIB",5,"Ignorance","Morality"
"R_2rZ10M50CWZ1eoq",10,"MIB",4,"Ignorance","Morality"
"R_3EMEIC7rpqFY83T",10,"MIB",4,"Ignorance","Morality"
"R_2P6F8vn4Tutz9m2",10,"MIB",2,"Ignorance","Morality"
"R_1rOn0eiXQgg0Bto",10,"MIB",2,"Ignorance","Morality"
"R_1QuZ05DZ060dABH",10,"MIB",3,"Ignorance","Morality"
"R_u2m3EaePEvEE75f",10,"MIB",3,"Ignorance","Morality"
"R_3KNNILeE3ut0kNj",10,"MIB",3,"Ignorance","Morality"
"R_DNasEER9uGsFcfT",10,"MIB",3,"Ignorance","Morality"
"R_cIR19O6YM6BpoWd",10,"MIB",1,"Ignorance","Morality"
"R_2e9CF7ZPfDFASCc",10,"MIB",2,"Ignorance","Morality"
"R_31TNc4a4YON2a7J",11,"MIB",4,"Ignorance","Morality"
"R_xu9UP0GFBjQzi1P",11,"MIB",3,"Ignorance","Morality"
"R_2tiogsuxGKKbNOv",11,"MIB",4,"Ignorance","Morality"
"R_8psRIDySszQHWjT",11,"MIB",6,"Ignorance","Morality"
"R_2CQattCDouu6rte",11,"MIB",1,"Ignorance","Morality"
"R_6DK6aYAhyK428E1",11,"MIB",5,"Ignorance","Morality"
"R_plWR8uAeqvRwogh",11,"MIB",7,"Ignorance","Morality"
"R_1BXFBu0qAEwfd17",11,"MIB",5,"Ignorance","Morality"
"R_3hfQk0FdbI5ZquZ",11,"MIB",2,"Ignorance","Morality"
"R_8qVN23Q1GhwxtRv",11,"MIB",4,"Ignorance","Morality"
"R_1g1jxYRliuLSNIS",11,"MIB",6,"Ignorance","Morality"
"R_1F3wgkNCepYzGxO",11,"MIB",5,"Ignorance","Morality"
"R_1jP2knP7Vljlk60",11,"MIB",5,"Ignorance","Morality"
"R_3oT6ZoaUWgal8UH",11,"MIB",6,"Ignorance","Morality"
"R_2q45WB8tM3CnMsk",11,"MIB",3,"Ignorance","Morality"
"R_3rSx4gMQuyykxRV",11,"MIB",4,"Ignorance","Morality"
"R_43cgimLZIc5sDdf",11,"MIB",5,"Ignorance","Morality"
"R_2ypyIkDBAjMyH3M",11,"MIB",4,"Ignorance","Morality"
"R_1rcce6YMkDl2Tqd",11,"MIB",3,"Ignorance","Morality"
"R_1cRJTBNGcC96v7X",11,"MIB",2,"Ignorance","Morality"
"R_b1rH03pHa9MJNJv",11,"MIB",3,"Ignorance","Morality"
"R_0Gs5KrwpxaE2AQF",11,"MIB",7,"Ignorance","Morality"
"R_yWjT3ClYfKtwXHr",11,"MIB",5,"Ignorance","Morality"
"R_2zC2JtfSTQzEsMI",11,"MIB",2,"Ignorance","Morality"
"R_VUMO4bHPJAdMI01",12,"MIB",7,"Ignorance","Morality"
"R_25H4qxjzbWJocXI",12,"MIB",7,"Ignorance","Morality"
"R_31abv5pcixkRVsa",12,"MIB",6,"Ignorance","Morality"
"R_3G6V3MGevsXnxQw",12,"MIB",7,"Ignorance","Morality"
"R_8bT93YYUqf1B1Qt",12,"MIB",7,"Ignorance","Morality"
"R_1f9izvPYJ9ez5Zl",12,"MIB",5,"Ignorance","Morality"
"R_3qlY7YuOtTmlnqw",12,"MIB",2,"Ignorance","Morality"
"R_2S6pPEn187Q5NtY",12,"MIB",4,"Ignorance","Morality"
"R_2uPS3EAvMPxKfXl",12,"MIB",3,"Ignorance","Morality"
"R_3kFVIOx0vSMCknB",12,"MIB",5,"Ignorance","Morality"
"R_8qVN23Q1GhwxtRv",12,"MIB",7,"Ignorance","Morality"
"R_3pcjNaakc9DEkuH",12,"MIB",4,"Ignorance","Morality"
"R_vxBGd6vfvtHapsl",12,"MIB",6,"Ignorance","Morality"
"R_3oT6ZoaUWgal8UH",12,"MIB",5,"Ignorance","Morality"
"R_2q45WB8tM3CnMsk",12,"MIB",6,"Ignorance","Morality"
"R_2rZ10M50CWZ1eoq",12,"MIB",1,"Ignorance","Morality"
"R_3gY1SdxVLpmfmir",12,"MIB",4,"Ignorance","Morality"
"R_2v1A4xHLmEQoT2o",12,"MIB",4,"Ignorance","Morality"
"R_1rOn0eiXQgg0Bto",12,"MIB",4,"Ignorance","Morality"
"R_1cRJTBNGcC96v7X",12,"MIB",7,"Ignorance","Morality"
"R_1QuZ05DZ060dABH",12,"MIB",4,"Ignorance","Morality"
"R_2R568m5pF77Dyh0",12,"MIB",5,"Ignorance","Morality"
"R_yWjT3ClYfKtwXHr",12,"MIB",6,"Ignorance","Morality"
"R_8IWJsKE3wv6zjoZ",12,"MIB",5,"Ignorance","Morality"
"R_xu9UP0GFBjQzi1P",13,"MIB",3,"Ignorance","Morality"
"R_1IFTMKYY4Ar9h7X",13,"MIB",5,"Ignorance","Morality"
"R_2TtsbgTKwKK9wIO",13,"MIB",5,"Ignorance","Morality"
"R_3k4IYszsTCRQrgC",13,"MIB",5,"Ignorance","Morality"
"R_VUMO4bHPJAdMI01",13,"MIB",7,"Ignorance","Morality"
"R_1rAhrV5EwBM1LyZ",13,"MIB",4,"Ignorance","Morality"
"R_1f9izvPYJ9ez5Zl",13,"MIB",6,"Ignorance","Morality"
"R_3qlY7YuOtTmlnqw",13,"MIB",3,"Ignorance","Morality"
"R_bIu9gF3RB8CTtXr",13,"MIB",4,"Ignorance","Morality"
"R_siIbJwoMNFAmf9D",13,"MIB",6,"Ignorance","Morality"
"R_2uPS3EAvMPxKfXl",13,"MIB",5,"Ignorance","Morality"
"R_2ZUn4Z9qs9SrQRR",13,"MIB",4,"Ignorance","Morality"
"R_1PTyJyKQcEUiuuQ",13,"MIB",5,"Ignorance","Morality"
"R_3dGnkoBl0BCW4wr",13,"MIB",6,"Ignorance","Morality"
"R_3oT6ZoaUWgal8UH",13,"MIB",5,"Ignorance","Morality"
"R_VR82NyjxABFst9f",13,"MIB",5,"Ignorance","Morality"
"R_2rZ10M50CWZ1eoq",13,"MIB",4,"Ignorance","Morality"
"R_qPGNLL5ULlYc0Ip",13,"MIB",5,"Ignorance","Morality"
"R_2v1A4xHLmEQoT2o",13,"MIB",5,"Ignorance","Morality"
"R_1cRJTBNGcC96v7X",13,"MIB",6,"Ignorance","Morality"
"R_u2m3EaePEvEE75f",13,"MIB",6,"Ignorance","Morality"
"R_2R568m5pF77Dyh0",13,"MIB",4,"Ignorance","Morality"
"R_3KPhsWLJtp13y0X",13,"MIB",3,"Ignorance","Morality"
"R_1gNKGnEEzWH2iAi",13,"MIB",7,"Ignorance","Morality"
"R_8IWJsKE3wv6zjoZ",13,"MIB",5,"Ignorance","Morality"
"R_25H4qxjzbWJocXI",14,"MIB",7,"Ignorance","Morality"
"R_2CQattCDouu6rte",14,"MIB",1,"Ignorance","Morality"
"R_plWR8uAeqvRwogh",14,"MIB",2,"Ignorance","Morality"
"R_1PYrsTeyCWH15u3",14,"MIB",6,"Ignorance","Morality"
"R_8bT93YYUqf1B1Qt",14,"MIB",7,"Ignorance","Morality"
"R_3qlY7YuOtTmlnqw",14,"MIB",5,"Ignorance","Morality"
"R_bIu9gF3RB8CTtXr",14,"MIB",4,"Ignorance","Morality"
"R_3hfQk0FdbI5ZquZ",14,"MIB",4,"Ignorance","Morality"
"R_1PTyJyKQcEUiuuQ",14,"MIB",6,"Ignorance","Morality"
"R_8qVN23Q1GhwxtRv",14,"MIB",6,"Ignorance","Morality"
"R_vxBGd6vfvtHapsl",14,"MIB",3,"Ignorance","Morality"
"R_1F3wgkNCepYzGxO",14,"MIB",3,"Ignorance","Morality"
"R_3oT6ZoaUWgal8UH",14,"MIB",6,"Ignorance","Morality"
"R_3Ebvsl7XtlhzQWB",14,"MIB",3,"Ignorance","Morality"
"R_3n00tAc7D3Xq0nG",14,"MIB",5,"Ignorance","Morality"
"R_qPGNLL5ULlYc0Ip",14,"MIB",5,"Ignorance","Morality"
"R_2uKtRMa60xPV9Qd",14,"MIB",7,"Ignorance","Morality"
"R_2v1A4xHLmEQoT2o",14,"MIB",4,"Ignorance","Morality"
"R_1rcce6YMkDl2Tqd",14,"MIB",6,"Ignorance","Morality"
"R_1cRJTBNGcC96v7X",14,"MIB",7,"Ignorance","Morality"
"R_u2m3EaePEvEE75f",14,"MIB",6,"Ignorance","Morality"
"R_3KNNILeE3ut0kNj",14,"MIB",3,"Ignorance","Morality"
"R_DNasEER9uGsFcfT",14,"MIB",5,"Ignorance","Morality"
"R_1gNKGnEEzWH2iAi",14,"MIB",6,"Ignorance","Morality"
"R_2e9CF7ZPfDFASCc",14,"MIB",3,"Ignorance","Morality"
"R_2tiogsuxGKKbNOv",15,"MIB",3,"Ignorance","Morality"
"R_1hG9owKKMQroBBf",15,"MIB",6,"Ignorance","Morality"
"R_25H4qxjzbWJocXI",15,"MIB",4,"Ignorance","Morality"
"R_6DK6aYAhyK428E1",15,"MIB",4,"Ignorance","Morality"
"R_plWR8uAeqvRwogh",15,"MIB",2,"Ignorance","Morality"
"R_1ovWWgYf1uliRGE",15,"MIB",2,"Ignorance","Morality"
"R_8bT93YYUqf1B1Qt",15,"MIB",7,"Ignorance","Morality"
"R_XyPc9AuqmfgpmNP",15,"MIB",5,"Ignorance","Morality"
"R_2ZUFDDiW6GBTnqt",15,"MIB",3,"Ignorance","Morality"
"R_3qlY7YuOtTmlnqw",15,"MIB",2,"Ignorance","Morality"
"R_siIbJwoMNFAmf9D",15,"MIB",2,"Ignorance","Morality"
"R_1176tIngeKbNXez",15,"MIB",3,"Ignorance","Morality"
"R_8qVN23Q1GhwxtRv",15,"MIB",4,"Ignorance","Morality"
"R_2fTlSKmHwWxCyvn",15,"MIB",1,"Ignorance","Morality"
"R_1F3wgkNCepYzGxO",15,"MIB",2,"Ignorance","Morality"
"R_1jP2knP7Vljlk60",15,"MIB",4,"Ignorance","Morality"
"R_3rSx4gMQuyykxRV",15,"MIB",2,"Ignorance","Morality"
"R_3n00tAc7D3Xq0nG",15,"MIB",2,"Ignorance","Morality"
"R_3EMEIC7rpqFY83T",15,"MIB",4,"Ignorance","Morality"
"R_1rOn0eiXQgg0Bto",15,"MIB",3,"Ignorance","Morality"
"R_2WTOOT1lnF1XiXn",15,"MIB",7,"Ignorance","Morality"
"R_1OuTe9tItsdnSCB",15,"MIB",4,"Ignorance","Morality"
"R_3dJNWXdZg0boBR6",15,"MIB",2,"Ignorance","Morality"
"R_DNasEER9uGsFcfT",15,"MIB",2,"Ignorance","Morality"
"R_2zC2JtfSTQzEsMI",15,"MIB",2,"Ignorance","Morality"
"R_1IFTMKYY4Ar9h7X",16,"MIB",1,"Ignorance","Morality"
"R_3k4IYszsTCRQrgC",16,"MIB",7,"Ignorance","Morality"
"R_1rAhrV5EwBM1LyZ",16,"MIB",2,"Ignorance","Morality"
"R_2CQattCDouu6rte",16,"MIB",1,"Ignorance","Morality"
"R_3MzjhB4l2CnyceM",16,"MIB",2,"Ignorance","Morality"
"R_XyPc9AuqmfgpmNP",16,"MIB",3,"Ignorance","Morality"
"R_3qlY7YuOtTmlnqw",16,"MIB",2,"Ignorance","Morality"
"R_3hfQk0FdbI5ZquZ",16,"MIB",1,"Ignorance","Morality"
"R_3kFVIOx0vSMCknB",16,"MIB",2,"Ignorance","Morality"
"R_1PTyJyKQcEUiuuQ",16,"MIB",3,"Ignorance","Morality"
"R_8qVN23Q1GhwxtRv",16,"MIB",1,"Ignorance","Morality"
"R_3pcjNaakc9DEkuH",16,"MIB",4,"Ignorance","Morality"
"R_1jP2knP7Vljlk60",16,"MIB",4,"Ignorance","Morality"
"R_UMy2B8bGVjw9O3D",16,"MIB",7,"Ignorance","Morality"
"R_3rSx4gMQuyykxRV",16,"MIB",1,"Ignorance","Morality"
"R_3n00tAc7D3Xq0nG",16,"MIB",2,"Ignorance","Morality"
"R_2ypyIkDBAjMyH3M",16,"MIB",2,"Ignorance","Morality"
"R_2uKtRMa60xPV9Qd",16,"MIB",1,"Ignorance","Morality"
"R_3fq0DzWogcDLEsV",16,"MIB",4,"Ignorance","Morality"
"R_b1rH03pHa9MJNJv",16,"MIB",2,"Ignorance","Morality"
"R_3dJNWXdZg0boBR6",16,"MIB",1,"Ignorance","Morality"
"R_3lrWn7KbZc6TkYf",16,"MIB",2,"Ignorance","Morality"
"R_cIR19O6YM6BpoWd",16,"MIB",2,"Ignorance","Morality"
