"subj","condition","cause","vign","knowledge","norm"
"R_3J4XYKn5XSdemXn","RKG",3,1,"Knowledge","Rationality"
"R_QbL9cxzbCfI9C0h","RKG",7,1,"Knowledge","Rationality"
"R_2xV1miydNY7rKn4","RKG",2,1,"Knowledge","Rationality"
"R_2th4RMS27Vb5iWt","RKG",5,1,"Knowledge","Rationality"
"R_1g7V7XqzFSEpJp7","RKG",4,1,"Knowledge","Rationality"
"R_1dtenbywNXsLq2q","RKG",7,1,"Knowledge","Rationality"
"R_2uNzWsbV1lQoauO","RKG",5,1,"Knowledge","Rationality"
"R_3qybpbdBZeK6VUq","RKG",7,1,"Knowledge","Rationality"
"R_56dMysz9SKnkMLf","RKG",3,1,"Knowledge","Rationality"
"R_3iwNEAiFGhmWf9X","RKG",1,1,"Knowledge","Rationality"
"R_2Et1kMITcvLp297","RKG",6,1,"Knowledge","Rationality"
"R_3plRP7X6UFKeqEg","RKG",7,1,"Knowledge","Rationality"
"R_38WciBbZoqGPKGF","RKG",2,1,"Knowledge","Rationality"
"R_22ugpf0OLzkj8AR","RKG",5,1,"Knowledge","Rationality"
"R_w5daplb7MxERGKZ","RKG",4,1,"Knowledge","Rationality"
"R_3JCd7tTqGGvJlTr","RKG",7,1,"Knowledge","Rationality"
"R_XvoNHSUGZEwCyzL","RKG",7,1,"Knowledge","Rationality"
"R_6M4JUtg6wJN7Ba9","RKG",6,1,"Knowledge","Rationality"
"R_2f7MQdI5iBtcB9w","RKG",4,1,"Knowledge","Rationality"
"R_vSJZic0BJrLuydP","RKG",6,1,"Knowledge","Rationality"
"R_24OWg9Cq0lPbxYb","RKG",3,1,"Knowledge","Rationality"
"R_x4xoV6nF3QCtxap","RKG",5,1,"Knowledge","Rationality"
"R_2czmJrXebJSyBIv","RKG",7,1,"Knowledge","Rationality"
"R_3hlsIzcwHbfktDc","RKG",2,1,"Knowledge","Rationality"
"R_2tmKa6wTy5rh9TE","RKG",6,1,"Knowledge","Rationality"
"R_3J4XYKn5XSdemXn","RKG",6,2,"Knowledge","Rationality"
"R_3fDjTE7T5pN9aug","RKG",4,2,"Knowledge","Rationality"
"R_OwhlmYRlV9VQhqx","RKG",5,2,"Knowledge","Rationality"
"R_1g7V7XqzFSEpJp7","RKG",5,2,"Knowledge","Rationality"
"R_9mcDXmedknnBbln","RKG",5,2,"Knowledge","Rationality"
"R_1dtenbywNXsLq2q","RKG",6,2,"Knowledge","Rationality"
"R_AaMoRGWEEUPFpF7","RKG",3,2,"Knowledge","Rationality"
"R_b87PB6XDAofdL21","RKG",6,2,"Knowledge","Rationality"
"R_56dMysz9SKnkMLf","RKG",2,2,"Knowledge","Rationality"
"R_sHbY8vn2k7SeOL7","RKG",1,2,"Knowledge","Rationality"
"R_ezYd6g0DGP96G6B","RKG",5,2,"Knowledge","Rationality"
"R_ePqTGsc0VfES1Wl","RKG",6,2,"Knowledge","Rationality"
"R_3fGET7YdgHncG8j","RKG",4,2,"Knowledge","Rationality"
"R_1FxshkwMF8wnCjp","RKG",3,2,"Knowledge","Rationality"
"R_6iosnhmKDSvIj5L","RKG",5,2,"Knowledge","Rationality"
"R_2qDxnWfJw3JCu9Y","RKG",2,2,"Knowledge","Rationality"
"R_XvoNHSUGZEwCyzL","RKG",6,2,"Knowledge","Rationality"
"R_Rnu08pOTKxysKuB","RKG",5,2,"Knowledge","Rationality"
"R_5AA7AMUGQMRGOqJ","RKG",1,2,"Knowledge","Rationality"
"R_2ZVQJVSUOKONpfP","RKG",5,2,"Knowledge","Rationality"
"R_Bu2A2UkV2ZLtSsV","RKG",3,2,"Knowledge","Rationality"
"R_3EKej2r7Msf8yBg","RKG",5,2,"Knowledge","Rationality"
"R_245wkgfvsrZ71pq","RKG",6,2,"Knowledge","Rationality"
"R_3hlsIzcwHbfktDc","RKG",3,2,"Knowledge","Rationality"
"R_6MAnqfBGwnaqGvD","RKG",6,2,"Knowledge","Rationality"
"R_3J4XYKn5XSdemXn","RKG",6,3,"Knowledge","Rationality"
"R_3fDjTE7T5pN9aug","RKG",3,3,"Knowledge","Rationality"
"R_2CkQ0ob8u9qQdbp","RKG",4,3,"Knowledge","Rationality"
"R_OwhlmYRlV9VQhqx","RKG",5,3,"Knowledge","Rationality"
"R_sh9wf7QQRKr8nRv","RKG",3,3,"Knowledge","Rationality"
"R_2uNzWsbV1lQoauO","RKG",7,3,"Knowledge","Rationality"
"R_AaMoRGWEEUPFpF7","RKG",5,3,"Knowledge","Rationality"
"R_28O1YpzLLGbVGR2","RKG",7,3,"Knowledge","Rationality"
"R_3RvWpZ24vTDWZZ4","RKG",5,3,"Knowledge","Rationality"
"R_3iwNEAiFGhmWf9X","RKG",7,3,"Knowledge","Rationality"
"R_1ohBPcgP7w17Nzi","RKG",6,3,"Knowledge","Rationality"
"R_3plRP7X6UFKeqEg","RKG",7,3,"Knowledge","Rationality"
"R_3enqefdPNHBq6Oq","RKG",7,3,"Knowledge","Rationality"
"R_1FxshkwMF8wnCjp","RKG",4,3,"Knowledge","Rationality"
"R_3lLAnX4ax8VJEet","RKG",5,3,"Knowledge","Rationality"
"R_r8XQl9jmC7ynhJf","RKG",6,3,"Knowledge","Rationality"
"R_2WZGuhVuxbtSDr0","RKG",3,3,"Knowledge","Rationality"
"R_6M4JUtg6wJN7Ba9","RKG",7,3,"Knowledge","Rationality"
"R_2SogiF7Vnj5oXf7","RKG",7,3,"Knowledge","Rationality"
"R_vBHaqEYiAqPtc4h","RKG",5,3,"Knowledge","Rationality"
"R_1ogW3e83CTgq3SW","RKG",7,3,"Knowledge","Rationality"
"R_3EKej2r7Msf8yBg","RKG",6,3,"Knowledge","Rationality"
"R_245wkgfvsrZ71pq","RKG",5,3,"Knowledge","Rationality"
"R_2CCI8TwLfkxoF52","RKG",7,3,"Knowledge","Rationality"
"R_2QlmY1N9RXjeWBU","RKG",7,3,"Knowledge","Rationality"
"R_1IAVWfOlFBp3QXh","RKG",6,4,"Knowledge","Rationality"
"R_1o1IAefWddFeCuL","RKG",6,4,"Knowledge","Rationality"
"R_2CkQ0ob8u9qQdbp","RKG",5,4,"Knowledge","Rationality"
"R_2th4RMS27Vb5iWt","RKG",5,4,"Knowledge","Rationality"
"R_OKk63kVutbY3HRT","RKG",7,4,"Knowledge","Rationality"
"R_1dtenbywNXsLq2q","RKG",7,4,"Knowledge","Rationality"
"R_1Ns8HmDussRwtSo","RKG",5,4,"Knowledge","Rationality"
"R_3qybpbdBZeK6VUq","RKG",7,4,"Knowledge","Rationality"
"R_3JwpiBeS7V3m1H3","RKG",6,4,"Knowledge","Rationality"
"R_2QEEJiKHLgUsppu","RKG",6,4,"Knowledge","Rationality"
"R_ezYd6g0DGP96G6B","RKG",6,4,"Knowledge","Rationality"
"R_3fKif9mVEDe7Opz","RKG",3,4,"Knowledge","Rationality"
"R_38WciBbZoqGPKGF","RKG",2,4,"Knowledge","Rationality"
"R_1FlfNKqBrmZpcIx","RKG",5,4,"Knowledge","Rationality"
"R_6iosnhmKDSvIj5L","RKG",6,4,"Knowledge","Rationality"
"R_r8XQl9jmC7ynhJf","RKG",6,4,"Knowledge","Rationality"
"R_cP8QojZwsgjAHDj","RKG",5,4,"Knowledge","Rationality"
"R_3EYd158W945bTmc","RKG",4,4,"Knowledge","Rationality"
"R_5AA7AMUGQMRGOqJ","RKG",2,4,"Knowledge","Rationality"
"R_vBHaqEYiAqPtc4h","RKG",6,4,"Knowledge","Rationality"
"R_26f2NZAzbV11sGE","RKG",6,4,"Knowledge","Rationality"
"R_22rUrA7fkcJMDbc","RKG",6,4,"Knowledge","Rationality"
"R_2AHGXyli8BKF3Jz","RKG",6,4,"Knowledge","Rationality"
"R_3ET3S215m8fGkxn","RKG",5,4,"Knowledge","Rationality"
"R_1LoqMhkJsj2GnTs","RKG",5,4,"Knowledge","Rationality"
"R_2XoGV7CT3IUHHOj","RKG",7,5,"Knowledge","Rationality"
"R_QbL9cxzbCfI9C0h","RKG",7,5,"Knowledge","Rationality"
"R_CfVltpcPPyEnl0B","RKG",7,5,"Knowledge","Rationality"
"R_2pY3RiXgh73oSk9","RKG",4,5,"Knowledge","Rationality"
"R_sh9wf7QQRKr8nRv","RKG",6,5,"Knowledge","Rationality"
"R_1dtenbywNXsLq2q","RKG",7,5,"Knowledge","Rationality"
"R_bPkHhXaCo8ctVXX","RKG",6,5,"Knowledge","Rationality"
"R_b87PB6XDAofdL21","RKG",6,5,"Knowledge","Rationality"
"R_3RvWpZ24vTDWZZ4","RKG",3,5,"Knowledge","Rationality"
"R_sHbY8vn2k7SeOL7","RKG",1,5,"Knowledge","Rationality"
"R_ezYd6g0DGP96G6B","RKG",6,5,"Knowledge","Rationality"
"R_ePqTGsc0VfES1Wl","RKG",3,5,"Knowledge","Rationality"
"R_3oN55R5Fwzb0Qgp","RKG",7,5,"Knowledge","Rationality"
"R_3NWm5WAJH4uINEU","RKG",7,5,"Knowledge","Rationality"
"R_6iosnhmKDSvIj5L","RKG",6,5,"Knowledge","Rationality"
"R_3JCd7tTqGGvJlTr","RKG",7,5,"Knowledge","Rationality"
"R_cP8QojZwsgjAHDj","RKG",5,5,"Knowledge","Rationality"
"R_6M4JUtg6wJN7Ba9","RKG",6,5,"Knowledge","Rationality"
"R_2SogiF7Vnj5oXf7","RKG",7,5,"Knowledge","Rationality"
"R_vSJZic0BJrLuydP","RKG",5,5,"Knowledge","Rationality"
"R_26f2NZAzbV11sGE","RKG",6,5,"Knowledge","Rationality"
"R_2e4OotA3LjZQxoB","RKG",4,5,"Knowledge","Rationality"
"R_2AHGXyli8BKF3Jz","RKG",2,5,"Knowledge","Rationality"
"R_1LoqMhkJsj2GnTs","RKG",6,5,"Knowledge","Rationality"
"R_2tmKa6wTy5rh9TE","RKG",6,5,"Knowledge","Rationality"
"R_3NU8KCvDdcMI3m7","RKG",5,6,"Knowledge","Rationality"
"R_QbL9cxzbCfI9C0h","RKG",4,6,"Knowledge","Rationality"
"R_CfVltpcPPyEnl0B","RKG",2,6,"Knowledge","Rationality"
"R_sh9wf7QQRKr8nRv","RKG",5,6,"Knowledge","Rationality"
"R_1mVDg9lWRZcjmTf","RKG",2,6,"Knowledge","Rationality"
"R_3r3fFxo62III3Hu","RKG",5,6,"Knowledge","Rationality"
"R_1Ns8HmDussRwtSo","RKG",5,6,"Knowledge","Rationality"
"R_b87PB6XDAofdL21","RKG",4,6,"Knowledge","Rationality"
"R_3qybpbdBZeK6VUq","RKG",7,6,"Knowledge","Rationality"
"R_sHbY8vn2k7SeOL7","RKG",1,6,"Knowledge","Rationality"
"R_ezYd6g0DGP96G6B","RKG",5,6,"Knowledge","Rationality"
"R_3fKif9mVEDe7Opz","RKG",3,6,"Knowledge","Rationality"
"R_3oN55R5Fwzb0Qgp","RKG",1,6,"Knowledge","Rationality"
"R_3NWm5WAJH4uINEU","RKG",4,6,"Knowledge","Rationality"
"R_1JOqMd3qorCE5QJ","RKG",7,6,"Knowledge","Rationality"
"R_r8XQl9jmC7ynhJf","RKG",5,6,"Knowledge","Rationality"
"R_cP8QojZwsgjAHDj","RKG",5,6,"Knowledge","Rationality"
"R_3EYd158W945bTmc","RKG",5,6,"Knowledge","Rationality"
"R_8eMrBPghJOeO6m5","RKG",3,6,"Knowledge","Rationality"
"R_vSJZic0BJrLuydP","RKG",6,6,"Knowledge","Rationality"
"R_26f2NZAzbV11sGE","RKG",4,6,"Knowledge","Rationality"
"R_1ogW3e83CTgq3SW","RKG",3,6,"Knowledge","Rationality"
"R_22rUrA7fkcJMDbc","RKG",4,6,"Knowledge","Rationality"
"R_2CCI8TwLfkxoF52","RKG",6,6,"Knowledge","Rationality"
"R_0IctgkJeDpDb6CZ","RKG",4,6,"Knowledge","Rationality"
"R_3hlsIzcwHbfktDc","RKG",3,6,"Knowledge","Rationality"
"R_3NU8KCvDdcMI3m7","RKG",5,7,"Knowledge","Rationality"
"R_QbL9cxzbCfI9C0h","RKG",7,7,"Knowledge","Rationality"
"R_2CkQ0ob8u9qQdbp","RKG",6,7,"Knowledge","Rationality"
"R_2th4RMS27Vb5iWt","RKG",5,7,"Knowledge","Rationality"
"R_9mcDXmedknnBbln","RKG",3,7,"Knowledge","Rationality"
"R_1Ns8HmDussRwtSo","RKG",7,7,"Knowledge","Rationality"
"R_AaMoRGWEEUPFpF7","RKG",4,7,"Knowledge","Rationality"
"R_3fituQFYKcsCOr2","RKG",5,7,"Knowledge","Rationality"
"R_3JwpiBeS7V3m1H3","RKG",6,7,"Knowledge","Rationality"
"R_0AKdfAcBiQjGJ8Z","RKG",6,7,"Knowledge","Rationality"
"R_3fKif9mVEDe7Opz","RKG",6,7,"Knowledge","Rationality"
"R_3NWm5WAJH4uINEU","RKG",6,7,"Knowledge","Rationality"
"R_38WciBbZoqGPKGF","RKG",3,7,"Knowledge","Rationality"
"R_3lLAnX4ax8VJEet","RKG",6,7,"Knowledge","Rationality"
"R_3JCd7tTqGGvJlTr","RKG",7,7,"Knowledge","Rationality"
"R_2vZerVrZAtgXYvE","RKG",7,7,"Knowledge","Rationality"
"R_2WZGuhVuxbtSDr0","RKG",2,7,"Knowledge","Rationality"
"R_sw0bNQoLwQRd4KB","RKG",7,7,"Knowledge","Rationality"
"R_2ZVQJVSUOKONpfP","RKG",5,7,"Knowledge","Rationality"
"R_1ogW3e83CTgq3SW","RKG",7,7,"Knowledge","Rationality"
"R_2e4OotA3LjZQxoB","RKG",3,7,"Knowledge","Rationality"
"R_2AHGXyli8BKF3Jz","RKG",2,7,"Knowledge","Rationality"
"R_3ET3S215m8fGkxn","RKG",4,7,"Knowledge","Rationality"
"R_3hlsIzcwHbfktDc","RKG",6,7,"Knowledge","Rationality"
"R_2QlmY1N9RXjeWBU","RKG",7,7,"Knowledge","Rationality"
"R_3NU8KCvDdcMI3m7","RKG",5,8,"Knowledge","Rationality"
"R_QbL9cxzbCfI9C0h","RKG",3,8,"Knowledge","Rationality"
"R_OwhlmYRlV9VQhqx","RKG",5,8,"Knowledge","Rationality"
"R_2th4RMS27Vb5iWt","RKG",3,8,"Knowledge","Rationality"
"R_9mcDXmedknnBbln","RKG",1,8,"Knowledge","Rationality"
"R_2uNzWsbV1lQoauO","RKG",4,8,"Knowledge","Rationality"
"R_bPkHhXaCo8ctVXX","RKG",1,8,"Knowledge","Rationality"
"R_3qybpbdBZeK6VUq","RKG",7,8,"Knowledge","Rationality"
"R_2ZZvCmIARcATxzO","RKG",1,8,"Knowledge","Rationality"
"R_3JwpiBeS7V3m1H3","RKG",6,8,"Knowledge","Rationality"
"R_0AKdfAcBiQjGJ8Z","RKG",5,8,"Knowledge","Rationality"
"R_3fKif9mVEDe7Opz","RKG",4,8,"Knowledge","Rationality"
"R_3NWm5WAJH4uINEU","RKG",3,8,"Knowledge","Rationality"
"R_22ugpf0OLzkj8AR","RKG",3,8,"Knowledge","Rationality"
"R_6iosnhmKDSvIj5L","RKG",2,8,"Knowledge","Rationality"
"R_r8XQl9jmC7ynhJf","RKG",5,8,"Knowledge","Rationality"
"R_cP8QojZwsgjAHDj","RKG",5,8,"Knowledge","Rationality"
"R_Rnu08pOTKxysKuB","RKG",3,8,"Knowledge","Rationality"
"R_2f7MQdI5iBtcB9w","RKG",4,8,"Knowledge","Rationality"
"R_vSJZic0BJrLuydP","RKG",5,8,"Knowledge","Rationality"
"R_Bu2A2UkV2ZLtSsV","RKG",1,8,"Knowledge","Rationality"
"R_3EKej2r7Msf8yBg","RKG",2,8,"Knowledge","Rationality"
"R_71dWUcO7gNp0eJP","RKG",7,8,"Knowledge","Rationality"
"R_0IctgkJeDpDb6CZ","RKG",6,8,"Knowledge","Rationality"
"R_6MAnqfBGwnaqGvD","RKG",4,8,"Knowledge","Rationality"
"R_3J4XYKn5XSdemXn","RKG",6,9,"Knowledge","Rationality"
"R_QbL9cxzbCfI9C0h","RKG",5,9,"Knowledge","Rationality"
"R_2CkQ0ob8u9qQdbp","RKG",4,9,"Knowledge","Rationality"
"R_9mcDXmedknnBbln","RKG",4,9,"Knowledge","Rationality"
"R_1dtenbywNXsLq2q","RKG",5,9,"Knowledge","Rationality"
"R_1mVDg9lWRZcjmTf","RKG",6,9,"Knowledge","Rationality"
"R_AaMoRGWEEUPFpF7","RKG",3,9,"Knowledge","Rationality"
"R_3qybpbdBZeK6VUq","RKG",7,9,"Knowledge","Rationality"
"R_56dMysz9SKnkMLf","RKG",4,9,"Knowledge","Rationality"
"R_3JwpiBeS7V3m1H3","RKG",6,9,"Knowledge","Rationality"
"R_1ohBPcgP7w17Nzi","RKG",3,9,"Knowledge","Rationality"
"R_2Et1kMITcvLp297","RKG",6,9,"Knowledge","Rationality"
"R_38WciBbZoqGPKGF","RKG",2,9,"Knowledge","Rationality"
"R_1mypbqrm71pNcZZ","RKG",5,9,"Knowledge","Rationality"
"R_6iosnhmKDSvIj5L","RKG",6,9,"Knowledge","Rationality"
"R_3JCd7tTqGGvJlTr","RKG",7,9,"Knowledge","Rationality"
"R_1DCF4Z6WagGl5Ma","RKG",5,9,"Knowledge","Rationality"
"R_Rnu08pOTKxysKuB","RKG",4,9,"Knowledge","Rationality"
"R_2f7MQdI5iBtcB9w","RKG",5,9,"Knowledge","Rationality"
"R_vBHaqEYiAqPtc4h","RKG",6,9,"Knowledge","Rationality"
"R_Bu2A2UkV2ZLtSsV","RKG",7,9,"Knowledge","Rationality"
"R_x4xoV6nF3QCtxap","RKG",5,9,"Knowledge","Rationality"
"R_245wkgfvsrZ71pq","RKG",7,9,"Knowledge","Rationality"
"R_3ET3S215m8fGkxn","RKG",5,9,"Knowledge","Rationality"
"R_2QlmY1N9RXjeWBU","RKG",6,9,"Knowledge","Rationality"
"R_wUlh2BECb90xNRf","RKG",5,9,"Knowledge","Rationality"
"R_3NU8KCvDdcMI3m7","RKG",5,10,"Knowledge","Rationality"
"R_3fPKamSv5XhWW7S","RKG",1,10,"Knowledge","Rationality"
"R_OwhlmYRlV9VQhqx","RKG",5,10,"Knowledge","Rationality"
"R_2pY3RiXgh73oSk9","RKG",1,10,"Knowledge","Rationality"
"R_sh9wf7QQRKr8nRv","RKG",3,10,"Knowledge","Rationality"
"R_AvT6fha3BdVp3X3","RKG",2,10,"Knowledge","Rationality"
"R_AaMoRGWEEUPFpF7","RKG",2,10,"Knowledge","Rationality"
"R_28O1YpzLLGbVGR2","RKG",1,10,"Knowledge","Rationality"
"R_3RvWpZ24vTDWZZ4","RKG",3,10,"Knowledge","Rationality"
"R_3iwNEAiFGhmWf9X","RKG",1,10,"Knowledge","Rationality"
"R_ezYd6g0DGP96G6B","RKG",2,10,"Knowledge","Rationality"
"R_ePqTGsc0VfES1Wl","RKG",6,10,"Knowledge","Rationality"
"R_3fGET7YdgHncG8j","RKG",3,10,"Knowledge","Rationality"
"R_1FlfNKqBrmZpcIx","RKG",5,10,"Knowledge","Rationality"
"R_w5daplb7MxERGKZ","RKG",5,10,"Knowledge","Rationality"
"R_2qDxnWfJw3JCu9Y","RKG",2,10,"Knowledge","Rationality"
"R_2WZGuhVuxbtSDr0","RKG",1,10,"Knowledge","Rationality"
"R_6M4JUtg6wJN7Ba9","RKG",5,10,"Knowledge","Rationality"
"R_5AA7AMUGQMRGOqJ","RKG",1,10,"Knowledge","Rationality"
"R_2ZVQJVSUOKONpfP","RKG",6,10,"Knowledge","Rationality"
"R_1ogW3e83CTgq3SW","RKG",2,10,"Knowledge","Rationality"
"R_x4xoV6nF3QCtxap","RKG",5,10,"Knowledge","Rationality"
"R_71dWUcO7gNp0eJP","RKG",6,10,"Knowledge","Rationality"
"R_1LoqMhkJsj2GnTs","RKG",3,10,"Knowledge","Rationality"
"R_2QlmY1N9RXjeWBU","RKG",5,10,"Knowledge","Rationality"
"R_wUlh2BECb90xNRf","RKG",4,10,"Knowledge","Rationality"
"R_2XoGV7CT3IUHHOj","RKG",7,11,"Knowledge","Rationality"
"R_1o1IAefWddFeCuL","RKG",6,11,"Knowledge","Rationality"
"R_OwhlmYRlV9VQhqx","RKG",4,11,"Knowledge","Rationality"
"R_brt25WJDSLmP4SR","RKG",6,11,"Knowledge","Rationality"
"R_sh9wf7QQRKr8nRv","RKG",6,11,"Knowledge","Rationality"
"R_1mVDg9lWRZcjmTf","RKG",6,11,"Knowledge","Rationality"
"R_2uNzWsbV1lQoauO","RKG",7,11,"Knowledge","Rationality"
"R_28O1YpzLLGbVGR2","RKG",7,11,"Knowledge","Rationality"
"R_3RvWpZ24vTDWZZ4","RKG",4,11,"Knowledge","Rationality"
"R_3fituQFYKcsCOr2","RKG",2,11,"Knowledge","Rationality"
"R_ezYd6g0DGP96G6B","RKG",6,11,"Knowledge","Rationality"
"R_1ohBPcgP7w17Nzi","RKG",5,11,"Knowledge","Rationality"
"R_3fGET7YdgHncG8j","RKG",6,11,"Knowledge","Rationality"
"R_1FlfNKqBrmZpcIx","RKG",6,11,"Knowledge","Rationality"
"R_1JOqMd3qorCE5QJ","RKG",7,11,"Knowledge","Rationality"
"R_w5daplb7MxERGKZ","RKG",2,11,"Knowledge","Rationality"
"R_1DCF4Z6WagGl5Ma","RKG",3,11,"Knowledge","Rationality"
"R_Rnu08pOTKxysKuB","RKG",5,11,"Knowledge","Rationality"
"R_2SogiF7Vnj5oXf7","RKG",7,11,"Knowledge","Rationality"
"R_2ZVQJVSUOKONpfP","RKG",6,11,"Knowledge","Rationality"
"R_1ogW3e83CTgq3SW","RKG",6,11,"Knowledge","Rationality"
"R_22rUrA7fkcJMDbc","RKG",6,11,"Knowledge","Rationality"
"R_2czmJrXebJSyBIv","RKG",7,11,"Knowledge","Rationality"
"R_0IctgkJeDpDb6CZ","RKG",6,11,"Knowledge","Rationality"
"R_2tmKa6wTy5rh9TE","RKG",6,11,"Knowledge","Rationality"
"R_wUlh2BECb90xNRf","RKG",5,11,"Knowledge","Rationality"
"R_2XoGV7CT3IUHHOj","RKG",7,12,"Knowledge","Rationality"
"R_3fPKamSv5XhWW7S","RKG",5,12,"Knowledge","Rationality"
"R_CfVltpcPPyEnl0B","RKG",4,12,"Knowledge","Rationality"
"R_2pY3RiXgh73oSk9","RKG",5,12,"Knowledge","Rationality"
"R_9mcDXmedknnBbln","RKG",5,12,"Knowledge","Rationality"
"R_1dtenbywNXsLq2q","RKG",7,12,"Knowledge","Rationality"
"R_28O1YpzLLGbVGR2","RKG",4,12,"Knowledge","Rationality"
"R_29gAP6TzTSJ4hH6","RKG",5,12,"Knowledge","Rationality"
"R_3fituQFYKcsCOr2","RKG",3,12,"Knowledge","Rationality"
"R_56dMysz9SKnkMLf","RKG",5,12,"Knowledge","Rationality"
"R_3fKif9mVEDe7Opz","RKG",5,12,"Knowledge","Rationality"
"R_3plRP7X6UFKeqEg","RKG",7,12,"Knowledge","Rationality"
"R_3fGET7YdgHncG8j","RKG",5,12,"Knowledge","Rationality"
"R_1FlfNKqBrmZpcIx","RKG",3,12,"Knowledge","Rationality"
"R_3lLAnX4ax8VJEet","RKG",6,12,"Knowledge","Rationality"
"R_r8XQl9jmC7ynhJf","RKG",6,12,"Knowledge","Rationality"
"R_2WZGuhVuxbtSDr0","RKG",5,12,"Knowledge","Rationality"
"R_Rnu08pOTKxysKuB","RKG",3,12,"Knowledge","Rationality"
"R_sw0bNQoLwQRd4KB","RKG",7,12,"Knowledge","Rationality"
"R_vBHaqEYiAqPtc4h","RKG",6,12,"Knowledge","Rationality"
"R_3gNkGEagZdDtbeI","RKG",5,12,"Knowledge","Rationality"
"R_2e4OotA3LjZQxoB","RKG",6,12,"Knowledge","Rationality"
"R_245wkgfvsrZ71pq","RKG",4,12,"Knowledge","Rationality"
"R_3hlsIzcwHbfktDc","RKG",4,12,"Knowledge","Rationality"
"R_2QlmY1N9RXjeWBU","RKG",6,12,"Knowledge","Rationality"
"R_2XoGV7CT3IUHHOj","RKG",7,13,"Knowledge","Rationality"
"R_3fPKamSv5XhWW7S","RKG",7,13,"Knowledge","Rationality"
"R_2CkQ0ob8u9qQdbp","RKG",5,13,"Knowledge","Rationality"
"R_1g7V7XqzFSEpJp7","RKG",3,13,"Knowledge","Rationality"
"R_OKk63kVutbY3HRT","RKG",4,13,"Knowledge","Rationality"
"R_AvT6fha3BdVp3X3","RKG",3,13,"Knowledge","Rationality"
"R_3iqXErxV0xnxTj0","RKG",3,13,"Knowledge","Rationality"
"R_b87PB6XDAofdL21","RKG",7,13,"Knowledge","Rationality"
"R_3iwNEAiFGhmWf9X","RKG",2,13,"Knowledge","Rationality"
"R_3JwpiBeS7V3m1H3","RKG",6,13,"Knowledge","Rationality"
"R_0AKdfAcBiQjGJ8Z","RKG",6,13,"Knowledge","Rationality"
"R_3fKif9mVEDe7Opz","RKG",6,13,"Knowledge","Rationality"
"R_3plRP7X6UFKeqEg","RKG",7,13,"Knowledge","Rationality"
"R_22ugpf0OLzkj8AR","RKG",5,13,"Knowledge","Rationality"
"R_1FxshkwMF8wnCjp","RKG",4,13,"Knowledge","Rationality"
"R_3JCd7tTqGGvJlTr","RKG",7,13,"Knowledge","Rationality"
"R_XvoNHSUGZEwCyzL","RKG",7,13,"Knowledge","Rationality"
"R_8eMrBPghJOeO6m5","RKG",4,13,"Knowledge","Rationality"
"R_sw0bNQoLwQRd4KB","RKG",7,13,"Knowledge","Rationality"
"R_vBHaqEYiAqPtc4h","RKG",7,13,"Knowledge","Rationality"
"R_Bu2A2UkV2ZLtSsV","RKG",7,13,"Knowledge","Rationality"
"R_2e4OotA3LjZQxoB","RKG",6,13,"Knowledge","Rationality"
"R_2AHGXyli8BKF3Jz","RKG",2,13,"Knowledge","Rationality"
"R_3hlsIzcwHbfktDc","RKG",4,13,"Knowledge","Rationality"
"R_1LoqMhkJsj2GnTs","RKG",6,13,"Knowledge","Rationality"
"R_2QlmY1N9RXjeWBU","RKG",7,13,"Knowledge","Rationality"
"R_3J4XYKn5XSdemXn","RKG",5,14,"Knowledge","Rationality"
"R_QbL9cxzbCfI9C0h","RKG",3,14,"Knowledge","Rationality"
"R_OwhlmYRlV9VQhqx","RKG",5,14,"Knowledge","Rationality"
"R_2pY3RiXgh73oSk9","RKG",7,14,"Knowledge","Rationality"
"R_1mVDg9lWRZcjmTf","RKG",5,14,"Knowledge","Rationality"
"R_3iqXErxV0xnxTj0","RKG",3,14,"Knowledge","Rationality"
"R_AaMoRGWEEUPFpF7","RKG",6,14,"Knowledge","Rationality"
"R_3qybpbdBZeK6VUq","RKG",4,14,"Knowledge","Rationality"
"R_2ZZvCmIARcATxzO","RKG",6,14,"Knowledge","Rationality"
"R_3iwNEAiFGhmWf9X","RKG",7,14,"Knowledge","Rationality"
"R_0AKdfAcBiQjGJ8Z","RKG",6,14,"Knowledge","Rationality"
"R_ezYd6g0DGP96G6B","RKG",4,14,"Knowledge","Rationality"
"R_1FlfNKqBrmZpcIx","RKG",3,14,"Knowledge","Rationality"
"R_1mypbqrm71pNcZZ","RKG",6,14,"Knowledge","Rationality"
"R_w5daplb7MxERGKZ","RKG",4,14,"Knowledge","Rationality"
"R_2vZerVrZAtgXYvE","RKG",5,14,"Knowledge","Rationality"
"R_1DCF4Z6WagGl5Ma","RKG",6,14,"Knowledge","Rationality"
"R_Rnu08pOTKxysKuB","RKG",5,14,"Knowledge","Rationality"
"R_2f7MQdI5iBtcB9w","RKG",6,14,"Knowledge","Rationality"
"R_2ZVQJVSUOKONpfP","RKG",5,14,"Knowledge","Rationality"
"R_1ogW3e83CTgq3SW","RKG",7,14,"Knowledge","Rationality"
"R_x4xoV6nF3QCtxap","RKG",2,14,"Knowledge","Rationality"
"R_2czmJrXebJSyBIv","RKG",7,14,"Knowledge","Rationality"
"R_2CCI8TwLfkxoF52","RKG",4,14,"Knowledge","Rationality"
"R_1LoqMhkJsj2GnTs","RKG",3,14,"Knowledge","Rationality"
"R_3NU8KCvDdcMI3m7","RKG",5,16,"Knowledge","Rationality"
"R_3fDjTE7T5pN9aug","RKG",2,16,"Knowledge","Rationality"
"R_2xV1miydNY7rKn4","RKG",5,16,"Knowledge","Rationality"
"R_brt25WJDSLmP4SR","RKG",2,16,"Knowledge","Rationality"
"R_1g7V7XqzFSEpJp7","RKG",3,16,"Knowledge","Rationality"
"R_AvT6fha3BdVp3X3","RKG",5,16,"Knowledge","Rationality"
"R_1Ns8HmDussRwtSo","RKG",6,16,"Knowledge","Rationality"
"R_28O1YpzLLGbVGR2","RKG",4,16,"Knowledge","Rationality"
"R_2ZZvCmIARcATxzO","RKG",5,16,"Knowledge","Rationality"
"R_3iwNEAiFGhmWf9X","RKG",1,16,"Knowledge","Rationality"
"R_0AKdfAcBiQjGJ8Z","RKG",4,16,"Knowledge","Rationality"
"R_ePqTGsc0VfES1Wl","RKG",5,16,"Knowledge","Rationality"
"R_3fGET7YdgHncG8j","RKG",4,16,"Knowledge","Rationality"
"R_22ugpf0OLzkj8AR","RKG",3,16,"Knowledge","Rationality"
"R_6iosnhmKDSvIj5L","RKG",6,16,"Knowledge","Rationality"
"R_2vZerVrZAtgXYvE","RKG",7,16,"Knowledge","Rationality"
"R_XvoNHSUGZEwCyzL","RKG",5,16,"Knowledge","Rationality"
"R_3EYd158W945bTmc","RKG",4,16,"Knowledge","Rationality"
"R_2SogiF7Vnj5oXf7","RKG",7,16,"Knowledge","Rationality"
"R_3gNkGEagZdDtbeI","RKG",3,16,"Knowledge","Rationality"
"R_24OWg9Cq0lPbxYb","RKG",3,16,"Knowledge","Rationality"
"R_22rUrA7fkcJMDbc","RKG",6,16,"Knowledge","Rationality"
"R_245wkgfvsrZ71pq","RKG",6,16,"Knowledge","Rationality"
"R_2CCI8TwLfkxoF52","RKG",4,16,"Knowledge","Rationality"
"R_0IctgkJeDpDb6CZ","RKG",4,16,"Knowledge","Rationality"
"R_wUlh2BECb90xNRf","RKG",3,16,"Knowledge","Rationality"
"R_2XoGV7CT3IUHHOj","RIG",7,1,"Ignorance","Rationality"
"R_3fDjTE7T5pN9aug","RIG",5,1,"Ignorance","Rationality"
"R_2CkQ0ob8u9qQdbp","RIG",4,1,"Ignorance","Rationality"
"R_OKk63kVutbY3HRT","RIG",5,1,"Ignorance","Rationality"
"R_1mVDg9lWRZcjmTf","RIG",5,1,"Ignorance","Rationality"
"R_3r3fFxo62III3Hu","RIG",7,1,"Ignorance","Rationality"
"R_bPkHhXaCo8ctVXX","RIG",5,1,"Ignorance","Rationality"
"R_AaMoRGWEEUPFpF7","RIG",2,1,"Ignorance","Rationality"
"R_2ZZvCmIARcATxzO","RIG",5,1,"Ignorance","Rationality"
"R_sHbY8vn2k7SeOL7","RIG",1,1,"Ignorance","Rationality"
"R_ezYd6g0DGP96G6B","RIG",6,1,"Ignorance","Rationality"
"R_3fKif9mVEDe7Opz","RIG",6,1,"Ignorance","Rationality"
"R_3fGET7YdgHncG8j","RIG",5,1,"Ignorance","Rationality"
"R_1FlfNKqBrmZpcIx","RIG",5,1,"Ignorance","Rationality"
"R_1JOqMd3qorCE5QJ","RIG",4,1,"Ignorance","Rationality"
"R_r8XQl9jmC7ynhJf","RIG",6,1,"Ignorance","Rationality"
"R_1DCF4Z6WagGl5Ma","RIG",2,1,"Ignorance","Rationality"
"R_8eMrBPghJOeO6m5","RIG",3,1,"Ignorance","Rationality"
"R_sw0bNQoLwQRd4KB","RIG",5,1,"Ignorance","Rationality"
"R_2ZVQJVSUOKONpfP","RIG",5,1,"Ignorance","Rationality"
"R_1ogW3e83CTgq3SW","RIG",4,1,"Ignorance","Rationality"
"R_2e4OotA3LjZQxoB","RIG",5,1,"Ignorance","Rationality"
"R_2AHGXyli8BKF3Jz","RIG",6,1,"Ignorance","Rationality"
"R_2CCI8TwLfkxoF52","RIG",5,1,"Ignorance","Rationality"
"R_2QlmY1N9RXjeWBU","RIG",6,1,"Ignorance","Rationality"
"R_wUlh2BECb90xNRf","RIG",4,1,"Ignorance","Rationality"
"R_2XoGV7CT3IUHHOj","RIG",7,2,"Ignorance","Rationality"
"R_1o1IAefWddFeCuL","RIG",5,2,"Ignorance","Rationality"
"R_CfVltpcPPyEnl0B","RIG",6,2,"Ignorance","Rationality"
"R_2pY3RiXgh73oSk9","RIG",4,2,"Ignorance","Rationality"
"R_1mVDg9lWRZcjmTf","RIG",4,2,"Ignorance","Rationality"
"R_AvT6fha3BdVp3X3","RIG",3,2,"Ignorance","Rationality"
"R_2uNzWsbV1lQoauO","RIG",7,2,"Ignorance","Rationality"
"R_28O1YpzLLGbVGR2","RIG",7,2,"Ignorance","Rationality"
"R_3fituQFYKcsCOr2","RIG",2,2,"Ignorance","Rationality"
"R_3JwpiBeS7V3m1H3","RIG",6,2,"Ignorance","Rationality"
"R_1ohBPcgP7w17Nzi","RIG",3,2,"Ignorance","Rationality"
"R_2Et1kMITcvLp297","RIG",5,2,"Ignorance","Rationality"
"R_1FlfNKqBrmZpcIx","RIG",5,2,"Ignorance","Rationality"
"R_22ugpf0OLzkj8AR","RIG",4,2,"Ignorance","Rationality"
"R_3lLAnX4ax8VJEet","RIG",5,2,"Ignorance","Rationality"
"R_w5daplb7MxERGKZ","RIG",5,2,"Ignorance","Rationality"
"R_cP8QojZwsgjAHDj","RIG",5,2,"Ignorance","Rationality"
"R_8eMrBPghJOeO6m5","RIG",6,2,"Ignorance","Rationality"
"R_2SogiF7Vnj5oXf7","RIG",6,2,"Ignorance","Rationality"
"R_26f2NZAzbV11sGE","RIG",5,2,"Ignorance","Rationality"
"R_24OWg9Cq0lPbxYb","RIG",6,2,"Ignorance","Rationality"
"R_2e4OotA3LjZQxoB","RIG",4,2,"Ignorance","Rationality"
"R_71dWUcO7gNp0eJP","RIG",5,2,"Ignorance","Rationality"
"R_3ET3S215m8fGkxn","RIG",4,2,"Ignorance","Rationality"
"R_1LoqMhkJsj2GnTs","RIG",5,2,"Ignorance","Rationality"
"R_2XoGV7CT3IUHHOj","RIG",7,3,"Ignorance","Rationality"
"R_3fPKamSv5XhWW7S","RIG",5,3,"Ignorance","Rationality"
"R_2th4RMS27Vb5iWt","RIG",6,3,"Ignorance","Rationality"
"R_brt25WJDSLmP4SR","RIG",5,3,"Ignorance","Rationality"
"R_1g7V7XqzFSEpJp7","RIG",5,3,"Ignorance","Rationality"
"R_1dtenbywNXsLq2q","RIG",7,3,"Ignorance","Rationality"
"R_3iqXErxV0xnxTj0","RIG",3,3,"Ignorance","Rationality"
"R_3qybpbdBZeK6VUq","RIG",7,3,"Ignorance","Rationality"
"R_3fituQFYKcsCOr2","RIG",2,3,"Ignorance","Rationality"
"R_56dMysz9SKnkMLf","RIG",2,3,"Ignorance","Rationality"
"R_0AKdfAcBiQjGJ8Z","RIG",5,3,"Ignorance","Rationality"
"R_ezYd6g0DGP96G6B","RIG",5,3,"Ignorance","Rationality"
"R_3NWm5WAJH4uINEU","RIG",6,3,"Ignorance","Rationality"
"R_1mypbqrm71pNcZZ","RIG",6,3,"Ignorance","Rationality"
"R_w5daplb7MxERGKZ","RIG",5,3,"Ignorance","Rationality"
"R_3JCd7tTqGGvJlTr","RIG",6,3,"Ignorance","Rationality"
"R_cP8QojZwsgjAHDj","RIG",6,3,"Ignorance","Rationality"
"R_sw0bNQoLwQRd4KB","RIG",7,3,"Ignorance","Rationality"
"R_5AA7AMUGQMRGOqJ","RIG",4,3,"Ignorance","Rationality"
"R_26f2NZAzbV11sGE","RIG",4,3,"Ignorance","Rationality"
"R_24OWg9Cq0lPbxYb","RIG",6,3,"Ignorance","Rationality"
"R_2e4OotA3LjZQxoB","RIG",5,3,"Ignorance","Rationality"
"R_2AHGXyli8BKF3Jz","RIG",6,3,"Ignorance","Rationality"
"R_3ET3S215m8fGkxn","RIG",6,3,"Ignorance","Rationality"
"R_3hlsIzcwHbfktDc","RIG",2,3,"Ignorance","Rationality"
"R_3J4XYKn5XSdemXn","RIG",6,4,"Ignorance","Rationality"
"R_3fPKamSv5XhWW7S","RIG",4,4,"Ignorance","Rationality"
"R_2xV1miydNY7rKn4","RIG",2,4,"Ignorance","Rationality"
"R_sh9wf7QQRKr8nRv","RIG",5,4,"Ignorance","Rationality"
"R_1mVDg9lWRZcjmTf","RIG",3,4,"Ignorance","Rationality"
"R_3iqXErxV0xnxTj0","RIG",2,4,"Ignorance","Rationality"
"R_bPkHhXaCo8ctVXX","RIG",6,4,"Ignorance","Rationality"
"R_28O1YpzLLGbVGR2","RIG",1,4,"Ignorance","Rationality"
"R_2ZZvCmIARcATxzO","RIG",5,4,"Ignorance","Rationality"
"R_56dMysz9SKnkMLf","RIG",4,4,"Ignorance","Rationality"
"R_1ohBPcgP7w17Nzi","RIG",5,4,"Ignorance","Rationality"
"R_3enqefdPNHBq6Oq","RIG",7,4,"Ignorance","Rationality"
"R_3oN55R5Fwzb0Qgp","RIG",7,4,"Ignorance","Rationality"
"R_1FxshkwMF8wnCjp","RIG",4,4,"Ignorance","Rationality"
"R_w5daplb7MxERGKZ","RIG",4,4,"Ignorance","Rationality"
"R_3JCd7tTqGGvJlTr","RIG",7,4,"Ignorance","Rationality"
"R_1DCF4Z6WagGl5Ma","RIG",1,4,"Ignorance","Rationality"
"R_8eMrBPghJOeO6m5","RIG",5,4,"Ignorance","Rationality"
"R_2f7MQdI5iBtcB9w","RIG",5,4,"Ignorance","Rationality"
"R_2ZVQJVSUOKONpfP","RIG",5,4,"Ignorance","Rationality"
"R_1ogW3e83CTgq3SW","RIG",4,4,"Ignorance","Rationality"
"R_3EKej2r7Msf8yBg","RIG",6,4,"Ignorance","Rationality"
"R_2czmJrXebJSyBIv","RIG",7,4,"Ignorance","Rationality"
"R_3hlsIzcwHbfktDc","RIG",6,4,"Ignorance","Rationality"
"R_6MAnqfBGwnaqGvD","RIG",5,4,"Ignorance","Rationality"
"R_wUlh2BECb90xNRf","RIG",3,4,"Ignorance","Rationality"
"R_3NU8KCvDdcMI3m7","RIG",5,5,"Ignorance","Rationality"
"R_3fPKamSv5XhWW7S","RIG",3,5,"Ignorance","Rationality"
"R_2xV1miydNY7rKn4","RIG",3,5,"Ignorance","Rationality"
"R_brt25WJDSLmP4SR","RIG",6,5,"Ignorance","Rationality"
"R_OKk63kVutbY3HRT","RIG",5,5,"Ignorance","Rationality"
"R_AvT6fha3BdVp3X3","RIG",4,5,"Ignorance","Rationality"
"R_1Ns8HmDussRwtSo","RIG",6,5,"Ignorance","Rationality"
"R_3qybpbdBZeK6VUq","RIG",7,5,"Ignorance","Rationality"
"R_3fituQFYKcsCOr2","RIG",2,5,"Ignorance","Rationality"
"R_3iwNEAiFGhmWf9X","RIG",1,5,"Ignorance","Rationality"
"R_3fKif9mVEDe7Opz","RIG",3,5,"Ignorance","Rationality"
"R_3fGET7YdgHncG8j","RIG",3,5,"Ignorance","Rationality"
"R_1mypbqrm71pNcZZ","RIG",4,5,"Ignorance","Rationality"
"R_1FxshkwMF8wnCjp","RIG",4,5,"Ignorance","Rationality"
"R_w5daplb7MxERGKZ","RIG",6,5,"Ignorance","Rationality"
"R_r8XQl9jmC7ynhJf","RIG",7,5,"Ignorance","Rationality"
"R_2WZGuhVuxbtSDr0","RIG",3,5,"Ignorance","Rationality"
"R_3EYd158W945bTmc","RIG",4,5,"Ignorance","Rationality"
"R_2f7MQdI5iBtcB9w","RIG",6,5,"Ignorance","Rationality"
"R_2ZVQJVSUOKONpfP","RIG",6,5,"Ignorance","Rationality"
"R_1ogW3e83CTgq3SW","RIG",3,5,"Ignorance","Rationality"
"R_x4xoV6nF3QCtxap","RIG",3,5,"Ignorance","Rationality"
"R_2czmJrXebJSyBIv","RIG",7,5,"Ignorance","Rationality"
"R_2CCI8TwLfkxoF52","RIG",6,5,"Ignorance","Rationality"
"R_2QlmY1N9RXjeWBU","RIG",6,5,"Ignorance","Rationality"
"R_3J4XYKn5XSdemXn","RIG",5,6,"Ignorance","Rationality"
"R_3fDjTE7T5pN9aug","RIG",3,6,"Ignorance","Rationality"
"R_OwhlmYRlV9VQhqx","RIG",3,6,"Ignorance","Rationality"
"R_brt25WJDSLmP4SR","RIG",5,6,"Ignorance","Rationality"
"R_OKk63kVutbY3HRT","RIG",6,6,"Ignorance","Rationality"
"R_3iqXErxV0xnxTj0","RIG",5,6,"Ignorance","Rationality"
"R_28O1YpzLLGbVGR2","RIG",4,6,"Ignorance","Rationality"
"R_3RvWpZ24vTDWZZ4","RIG",3,6,"Ignorance","Rationality"
"R_3iwNEAiFGhmWf9X","RIG",1,6,"Ignorance","Rationality"
"R_0AKdfAcBiQjGJ8Z","RIG",5,6,"Ignorance","Rationality"
"R_1ohBPcgP7w17Nzi","RIG",3,6,"Ignorance","Rationality"
"R_3fGET7YdgHncG8j","RIG",3,6,"Ignorance","Rationality"
"R_22ugpf0OLzkj8AR","RIG",4,6,"Ignorance","Rationality"
"R_1FxshkwMF8wnCjp","RIG",3,6,"Ignorance","Rationality"
"R_3JCd7tTqGGvJlTr","RIG",5,6,"Ignorance","Rationality"
"R_XvoNHSUGZEwCyzL","RIG",6,6,"Ignorance","Rationality"
"R_Rnu08pOTKxysKuB","RIG",5,6,"Ignorance","Rationality"
"R_2f7MQdI5iBtcB9w","RIG",5,6,"Ignorance","Rationality"
"R_2ZVQJVSUOKONpfP","RIG",5,6,"Ignorance","Rationality"
"R_Bu2A2UkV2ZLtSsV","RIG",1,6,"Ignorance","Rationality"
"R_24OWg9Cq0lPbxYb","RIG",3,6,"Ignorance","Rationality"
"R_245wkgfvsrZ71pq","RIG",2,6,"Ignorance","Rationality"
"R_2czmJrXebJSyBIv","RIG",7,6,"Ignorance","Rationality"
"R_1LoqMhkJsj2GnTs","RIG",5,6,"Ignorance","Rationality"
"R_2QlmY1N9RXjeWBU","RIG",3,6,"Ignorance","Rationality"
"R_3J4XYKn5XSdemXn","RIG",5,7,"Ignorance","Rationality"
"R_3fDjTE7T5pN9aug","RIG",3,7,"Ignorance","Rationality"
"R_CfVltpcPPyEnl0B","RIG",3,7,"Ignorance","Rationality"
"R_OKk63kVutbY3HRT","RIG",5,7,"Ignorance","Rationality"
"R_1mVDg9lWRZcjmTf","RIG",5,7,"Ignorance","Rationality"
"R_3r3fFxo62III3Hu","RIG",4,7,"Ignorance","Rationality"
"R_bPkHhXaCo8ctVXX","RIG",7,7,"Ignorance","Rationality"
"R_b87PB6XDAofdL21","RIG",6,7,"Ignorance","Rationality"
"R_3qybpbdBZeK6VUq","RIG",7,7,"Ignorance","Rationality"
"R_sHbY8vn2k7SeOL7","RIG",1,7,"Ignorance","Rationality"
"R_ezYd6g0DGP96G6B","RIG",5,7,"Ignorance","Rationality"
"R_3plRP7X6UFKeqEg","RIG",7,7,"Ignorance","Rationality"
"R_3fGET7YdgHncG8j","RIG",6,7,"Ignorance","Rationality"
"R_1mypbqrm71pNcZZ","RIG",5,7,"Ignorance","Rationality"
"R_6iosnhmKDSvIj5L","RIG",6,7,"Ignorance","Rationality"
"R_r8XQl9jmC7ynhJf","RIG",5,7,"Ignorance","Rationality"
"R_1DCF4Z6WagGl5Ma","RIG",2,7,"Ignorance","Rationality"
"R_3EYd158W945bTmc","RIG",4,7,"Ignorance","Rationality"
"R_8eMrBPghJOeO6m5","RIG",5,7,"Ignorance","Rationality"
"R_vSJZic0BJrLuydP","RIG",5,7,"Ignorance","Rationality"
"R_3gNkGEagZdDtbeI","RIG",4,7,"Ignorance","Rationality"
"R_24OWg9Cq0lPbxYb","RIG",5,7,"Ignorance","Rationality"
"R_245wkgfvsrZ71pq","RIG",3,7,"Ignorance","Rationality"
"R_2CCI8TwLfkxoF52","RIG",3,7,"Ignorance","Rationality"
"R_6MAnqfBGwnaqGvD","RIG",6,7,"Ignorance","Rationality"
"R_3J4XYKn5XSdemXn","RIG",2,8,"Ignorance","Rationality"
"R_3fPKamSv5XhWW7S","RIG",5,8,"Ignorance","Rationality"
"R_CfVltpcPPyEnl0B","RIG",5,8,"Ignorance","Rationality"
"R_2pY3RiXgh73oSk9","RIG",1,8,"Ignorance","Rationality"
"R_sh9wf7QQRKr8nRv","RIG",1,8,"Ignorance","Rationality"
"R_AvT6fha3BdVp3X3","RIG",1,8,"Ignorance","Rationality"
"R_28O1YpzLLGbVGR2","RIG",7,8,"Ignorance","Rationality"
"R_29gAP6TzTSJ4hH6","RIG",3,8,"Ignorance","Rationality"
"R_56dMysz9SKnkMLf","RIG",1,8,"Ignorance","Rationality"
"R_3iwNEAiFGhmWf9X","RIG",4,8,"Ignorance","Rationality"
"R_ezYd6g0DGP96G6B","RIG",5,8,"Ignorance","Rationality"
"R_ePqTGsc0VfES1Wl","RIG",2,8,"Ignorance","Rationality"
"R_3oN55R5Fwzb0Qgp","RIG",1,8,"Ignorance","Rationality"
"R_38WciBbZoqGPKGF","RIG",1,8,"Ignorance","Rationality"
"R_3lLAnX4ax8VJEet","RIG",2,8,"Ignorance","Rationality"
"R_2vZerVrZAtgXYvE","RIG",1,8,"Ignorance","Rationality"
"R_2WZGuhVuxbtSDr0","RIG",1,8,"Ignorance","Rationality"
"R_8eMrBPghJOeO6m5","RIG",4,8,"Ignorance","Rationality"
"R_5AA7AMUGQMRGOqJ","RIG",1,8,"Ignorance","Rationality"
"R_vBHaqEYiAqPtc4h","RIG",2,8,"Ignorance","Rationality"
"R_3gNkGEagZdDtbeI","RIG",1,8,"Ignorance","Rationality"
"R_x4xoV6nF3QCtxap","RIG",3,8,"Ignorance","Rationality"
"R_245wkgfvsrZ71pq","RIG",6,8,"Ignorance","Rationality"
"R_2CCI8TwLfkxoF52","RIG",4,8,"Ignorance","Rationality"
"R_3hlsIzcwHbfktDc","RIG",6,8,"Ignorance","Rationality"
"R_1IAVWfOlFBp3QXh","RIG",7,9,"Ignorance","Rationality"
"R_3fPKamSv5XhWW7S","RIG",2,9,"Ignorance","Rationality"
"R_2xV1miydNY7rKn4","RIG",5,9,"Ignorance","Rationality"
"R_2th4RMS27Vb5iWt","RIG",6,9,"Ignorance","Rationality"
"R_1g7V7XqzFSEpJp7","RIG",5,9,"Ignorance","Rationality"
"R_2uNzWsbV1lQoauO","RIG",6,9,"Ignorance","Rationality"
"R_3iqXErxV0xnxTj0","RIG",6,9,"Ignorance","Rationality"
"R_b87PB6XDAofdL21","RIG",5,9,"Ignorance","Rationality"
"R_2ZZvCmIARcATxzO","RIG",5,9,"Ignorance","Rationality"
"R_3iwNEAiFGhmWf9X","RIG",4,9,"Ignorance","Rationality"
"R_ezYd6g0DGP96G6B","RIG",5,9,"Ignorance","Rationality"
"R_ePqTGsc0VfES1Wl","RIG",6,9,"Ignorance","Rationality"
"R_3NWm5WAJH4uINEU","RIG",7,9,"Ignorance","Rationality"
"R_1FlfNKqBrmZpcIx","RIG",4,9,"Ignorance","Rationality"
"R_r8XQl9jmC7ynhJf","RIG",2,9,"Ignorance","Rationality"
"R_2qDxnWfJw3JCu9Y","RIG",6,9,"Ignorance","Rationality"
"R_cP8QojZwsgjAHDj","RIG",5,9,"Ignorance","Rationality"
"R_3EYd158W945bTmc","RIG",4,9,"Ignorance","Rationality"
"R_5AA7AMUGQMRGOqJ","RIG",2,9,"Ignorance","Rationality"
"R_vSJZic0BJrLuydP","RIG",4,9,"Ignorance","Rationality"
"R_24OWg9Cq0lPbxYb","RIG",6,9,"Ignorance","Rationality"
"R_2e4OotA3LjZQxoB","RIG",5,9,"Ignorance","Rationality"
"R_2czmJrXebJSyBIv","RIG",7,9,"Ignorance","Rationality"
"R_0IctgkJeDpDb6CZ","RIG",5,9,"Ignorance","Rationality"
"R_1LoqMhkJsj2GnTs","RIG",4,9,"Ignorance","Rationality"
"R_2XoGV7CT3IUHHOj","RIG",7,10,"Ignorance","Rationality"
"R_QbL9cxzbCfI9C0h","RIG",5,10,"Ignorance","Rationality"
"R_CfVltpcPPyEnl0B","RIG",3,10,"Ignorance","Rationality"
"R_1g7V7XqzFSEpJp7","RIG",4,10,"Ignorance","Rationality"
"R_9mcDXmedknnBbln","RIG",1,10,"Ignorance","Rationality"
"R_1dtenbywNXsLq2q","RIG",5,10,"Ignorance","Rationality"
"R_1Ns8HmDussRwtSo","RIG",2,10,"Ignorance","Rationality"
"R_3qybpbdBZeK6VUq","RIG",4,10,"Ignorance","Rationality"
"R_3fituQFYKcsCOr2","RIG",2,10,"Ignorance","Rationality"
"R_2QEEJiKHLgUsppu","RIG",6,10,"Ignorance","Rationality"
"R_0AKdfAcBiQjGJ8Z","RIG",5,10,"Ignorance","Rationality"
"R_3enqefdPNHBq6Oq","RIG",7,10,"Ignorance","Rationality"
"R_3NWm5WAJH4uINEU","RIG",1,10,"Ignorance","Rationality"
"R_1FxshkwMF8wnCjp","RIG",2,10,"Ignorance","Rationality"
"R_1JOqMd3qorCE5QJ","RIG",6,10,"Ignorance","Rationality"
"R_2vZerVrZAtgXYvE","RIG",5,10,"Ignorance","Rationality"
"R_1DCF4Z6WagGl5Ma","RIG",1,10,"Ignorance","Rationality"
"R_Rnu08pOTKxysKuB","RIG",5,10,"Ignorance","Rationality"
"R_sw0bNQoLwQRd4KB","RIG",5,10,"Ignorance","Rationality"
"R_26f2NZAzbV11sGE","RIG",5,10,"Ignorance","Rationality"
"R_24OWg9Cq0lPbxYb","RIG",4,10,"Ignorance","Rationality"
"R_3EKej2r7Msf8yBg","RIG",4,10,"Ignorance","Rationality"
"R_2AHGXyli8BKF3Jz","RIG",2,10,"Ignorance","Rationality"
"R_3ET3S215m8fGkxn","RIG",3,10,"Ignorance","Rationality"
"R_6MAnqfBGwnaqGvD","RIG",4,10,"Ignorance","Rationality"
"R_3J4XYKn5XSdemXn","RIG",6,11,"Ignorance","Rationality"
"R_QbL9cxzbCfI9C0h","RIG",6,11,"Ignorance","Rationality"
"R_2xV1miydNY7rKn4","RIG",4,11,"Ignorance","Rationality"
"R_2th4RMS27Vb5iWt","RIG",5,11,"Ignorance","Rationality"
"R_OKk63kVutbY3HRT","RIG",7,11,"Ignorance","Rationality"
"R_AvT6fha3BdVp3X3","RIG",3,11,"Ignorance","Rationality"
"R_bPkHhXaCo8ctVXX","RIG",7,11,"Ignorance","Rationality"
"R_b87PB6XDAofdL21","RIG",7,11,"Ignorance","Rationality"
"R_56dMysz9SKnkMLf","RIG",4,11,"Ignorance","Rationality"
"R_sHbY8vn2k7SeOL7","RIG",1,11,"Ignorance","Rationality"
"R_3fKif9mVEDe7Opz","RIG",4,11,"Ignorance","Rationality"
"R_3plRP7X6UFKeqEg","RIG",7,11,"Ignorance","Rationality"
"R_3oN55R5Fwzb0Qgp","RIG",7,11,"Ignorance","Rationality"
"R_38WciBbZoqGPKGF","RIG",2,11,"Ignorance","Rationality"
"R_3lLAnX4ax8VJEet","RIG",7,11,"Ignorance","Rationality"
"R_r8XQl9jmC7ynhJf","RIG",5,11,"Ignorance","Rationality"
"R_cP8QojZwsgjAHDj","RIG",5,11,"Ignorance","Rationality"
"R_8eMrBPghJOeO6m5","RIG",5,11,"Ignorance","Rationality"
"R_2f7MQdI5iBtcB9w","RIG",6,11,"Ignorance","Rationality"
"R_3gNkGEagZdDtbeI","RIG",5,11,"Ignorance","Rationality"
"R_Bu2A2UkV2ZLtSsV","RIG",3,11,"Ignorance","Rationality"
"R_3EKej2r7Msf8yBg","RIG",6,11,"Ignorance","Rationality"
"R_245wkgfvsrZ71pq","RIG",5,11,"Ignorance","Rationality"
"R_3hlsIzcwHbfktDc","RIG",4,11,"Ignorance","Rationality"
"R_6MAnqfBGwnaqGvD","RIG",5,11,"Ignorance","Rationality"
"R_1IAVWfOlFBp3QXh","RIG",6,12,"Ignorance","Rationality"
"R_1o1IAefWddFeCuL","RIG",5,12,"Ignorance","Rationality"
"R_2CkQ0ob8u9qQdbp","RIG",5,12,"Ignorance","Rationality"
"R_1g7V7XqzFSEpJp7","RIG",3,12,"Ignorance","Rationality"
"R_sh9wf7QQRKr8nRv","RIG",6,12,"Ignorance","Rationality"
"R_1Ns8HmDussRwtSo","RIG",6,12,"Ignorance","Rationality"
"R_3iqXErxV0xnxTj0","RIG",2,12,"Ignorance","Rationality"
"R_b87PB6XDAofdL21","RIG",6,12,"Ignorance","Rationality"
"R_2ZZvCmIARcATxzO","RIG",6,12,"Ignorance","Rationality"
"R_2QEEJiKHLgUsppu","RIG",7,12,"Ignorance","Rationality"
"R_1ohBPcgP7w17Nzi","RIG",4,12,"Ignorance","Rationality"
"R_2Et1kMITcvLp297","RIG",6,12,"Ignorance","Rationality"
"R_3NWm5WAJH4uINEU","RIG",5,12,"Ignorance","Rationality"
"R_1mypbqrm71pNcZZ","RIG",6,12,"Ignorance","Rationality"
"R_6iosnhmKDSvIj5L","RIG",6,12,"Ignorance","Rationality"
"R_2vZerVrZAtgXYvE","RIG",7,12,"Ignorance","Rationality"
"R_XvoNHSUGZEwCyzL","RIG",6,12,"Ignorance","Rationality"
"R_3EYd158W945bTmc","RIG",4,12,"Ignorance","Rationality"
"R_2SogiF7Vnj5oXf7","RIG",7,12,"Ignorance","Rationality"
"R_26f2NZAzbV11sGE","RIG",5,12,"Ignorance","Rationality"
"R_24OWg9Cq0lPbxYb","RIG",3,12,"Ignorance","Rationality"
"R_3EKej2r7Msf8yBg","RIG",6,12,"Ignorance","Rationality"
"R_2czmJrXebJSyBIv","RIG",7,12,"Ignorance","Rationality"
"R_2CCI8TwLfkxoF52","RIG",7,12,"Ignorance","Rationality"
"R_6MAnqfBGwnaqGvD","RIG",6,12,"Ignorance","Rationality"
"R_3NU8KCvDdcMI3m7","RIG",5,13,"Ignorance","Rationality"
"R_1o1IAefWddFeCuL","RIG",6,13,"Ignorance","Rationality"
"R_2xV1miydNY7rKn4","RIG",3,13,"Ignorance","Rationality"
"R_2pY3RiXgh73oSk9","RIG",1,13,"Ignorance","Rationality"
"R_9mcDXmedknnBbln","RIG",6,13,"Ignorance","Rationality"
"R_bPkHhXaCo8ctVXX","RIG",5,13,"Ignorance","Rationality"
"R_AaMoRGWEEUPFpF7","RIG",5,13,"Ignorance","Rationality"
"R_3RvWpZ24vTDWZZ4","RIG",4,13,"Ignorance","Rationality"
"R_sHbY8vn2k7SeOL7","RIG",4,13,"Ignorance","Rationality"
"R_ezYd6g0DGP96G6B","RIG",3,13,"Ignorance","Rationality"
"R_ePqTGsc0VfES1Wl","RIG",5,13,"Ignorance","Rationality"
"R_3oN55R5Fwzb0Qgp","RIG",7,13,"Ignorance","Rationality"
"R_38WciBbZoqGPKGF","RIG",2,13,"Ignorance","Rationality"
"R_3lLAnX4ax8VJEet","RIG",5,13,"Ignorance","Rationality"
"R_r8XQl9jmC7ynhJf","RIG",6,13,"Ignorance","Rationality"
"R_1DCF4Z6WagGl5Ma","RIG",5,13,"Ignorance","Rationality"
"R_3EYd158W945bTmc","RIG",4,13,"Ignorance","Rationality"
"R_2f7MQdI5iBtcB9w","RIG",5,13,"Ignorance","Rationality"
"R_vSJZic0BJrLuydP","RIG",4,13,"Ignorance","Rationality"
"R_3gNkGEagZdDtbeI","RIG",5,13,"Ignorance","Rationality"
"R_3EKej2r7Msf8yBg","RIG",6,13,"Ignorance","Rationality"
"R_2czmJrXebJSyBIv","RIG",7,13,"Ignorance","Rationality"
"R_71dWUcO7gNp0eJP","RIG",7,13,"Ignorance","Rationality"
"R_0IctgkJeDpDb6CZ","RIG",6,13,"Ignorance","Rationality"
"R_2XoGV7CT3IUHHOj","RIG",7,14,"Ignorance","Rationality"
"R_1o1IAefWddFeCuL","RIG",6,14,"Ignorance","Rationality"
"R_2CkQ0ob8u9qQdbp","RIG",4,14,"Ignorance","Rationality"
"R_2th4RMS27Vb5iWt","RIG",6,14,"Ignorance","Rationality"
"R_1g7V7XqzFSEpJp7","RIG",5,14,"Ignorance","Rationality"
"R_AvT6fha3BdVp3X3","RIG",4,14,"Ignorance","Rationality"
"R_2uNzWsbV1lQoauO","RIG",6,14,"Ignorance","Rationality"
"R_b87PB6XDAofdL21","RIG",3,14,"Ignorance","Rationality"
"R_3fituQFYKcsCOr2","RIG",5,14,"Ignorance","Rationality"
"R_sHbY8vn2k7SeOL7","RIG",7,14,"Ignorance","Rationality"
"R_3fKif9mVEDe7Opz","RIG",6,14,"Ignorance","Rationality"
"R_3plRP7X6UFKeqEg","RIG",7,14,"Ignorance","Rationality"
"R_3enqefdPNHBq6Oq","RIG",7,14,"Ignorance","Rationality"
"R_1FxshkwMF8wnCjp","RIG",6,14,"Ignorance","Rationality"
"R_6iosnhmKDSvIj5L","RIG",5,14,"Ignorance","Rationality"
"R_3JCd7tTqGGvJlTr","RIG",7,14,"Ignorance","Rationality"
"R_XvoNHSUGZEwCyzL","RIG",7,14,"Ignorance","Rationality"
"R_3EYd158W945bTmc","RIG",4,14,"Ignorance","Rationality"
"R_5AA7AMUGQMRGOqJ","RIG",2,14,"Ignorance","Rationality"
"R_vBHaqEYiAqPtc4h","RIG",3,14,"Ignorance","Rationality"
"R_24OWg9Cq0lPbxYb","RIG",6,14,"Ignorance","Rationality"
"R_22rUrA7fkcJMDbc","RIG",6,14,"Ignorance","Rationality"
"R_71dWUcO7gNp0eJP","RIG",6,14,"Ignorance","Rationality"
"R_0IctgkJeDpDb6CZ","RIG",6,14,"Ignorance","Rationality"
"R_6MAnqfBGwnaqGvD","RIG",7,14,"Ignorance","Rationality"
"R_1IAVWfOlFBp3QXh","RIG",1,16,"Ignorance","Rationality"
"R_3fPKamSv5XhWW7S","RIG",1,16,"Ignorance","Rationality"
"R_OwhlmYRlV9VQhqx","RIG",4,16,"Ignorance","Rationality"
"R_9mcDXmedknnBbln","RIG",1,16,"Ignorance","Rationality"
"R_1dtenbywNXsLq2q","RIG",6,16,"Ignorance","Rationality"
"R_3r3fFxo62III3Hu","RIG",4,16,"Ignorance","Rationality"
"R_2uNzWsbV1lQoauO","RIG",7,16,"Ignorance","Rationality"
"R_29gAP6TzTSJ4hH6","RIG",5,16,"Ignorance","Rationality"
"R_3RvWpZ24vTDWZZ4","RIG",4,16,"Ignorance","Rationality"
"R_sHbY8vn2k7SeOL7","RIG",1,16,"Ignorance","Rationality"
"R_3fKif9mVEDe7Opz","RIG",6,16,"Ignorance","Rationality"
"R_1ohBPcgP7w17Nzi","RIG",2,16,"Ignorance","Rationality"
"R_3oN55R5Fwzb0Qgp","RIG",1,16,"Ignorance","Rationality"
"R_1mypbqrm71pNcZZ","RIG",3,16,"Ignorance","Rationality"
"R_w5daplb7MxERGKZ","RIG",4,16,"Ignorance","Rationality"
"R_r8XQl9jmC7ynhJf","RIG",4,16,"Ignorance","Rationality"
"R_1DCF4Z6WagGl5Ma","RIG",2,16,"Ignorance","Rationality"
"R_Rnu08pOTKxysKuB","RIG",5,16,"Ignorance","Rationality"
"R_5AA7AMUGQMRGOqJ","RIG",4,16,"Ignorance","Rationality"
"R_vBHaqEYiAqPtc4h","RIG",2,16,"Ignorance","Rationality"
"R_26f2NZAzbV11sGE","RIG",6,16,"Ignorance","Rationality"
"R_2e4OotA3LjZQxoB","RIG",6,16,"Ignorance","Rationality"
"R_2AHGXyli8BKF3Jz","RIG",2,16,"Ignorance","Rationality"
"R_3ET3S215m8fGkxn","RIG",4,16,"Ignorance","Rationality"
"R_2QlmY1N9RXjeWBU","RIG",3,16,"Ignorance","Rationality"
"R_3NU8KCvDdcMI3m7","MKG",5,1,"Knowledge","Morality"
"R_1o1IAefWddFeCuL","MKG",5,1,"Knowledge","Morality"
"R_CfVltpcPPyEnl0B","MKG",4,1,"Knowledge","Morality"
"R_brt25WJDSLmP4SR","MKG",5,1,"Knowledge","Morality"
"R_sh9wf7QQRKr8nRv","MKG",3,1,"Knowledge","Morality"
"R_1Ns8HmDussRwtSo","MKG",5,1,"Knowledge","Morality"
"R_3iqXErxV0xnxTj0","MKG",2,1,"Knowledge","Morality"
"R_b87PB6XDAofdL21","MKG",5,1,"Knowledge","Morality"
"R_3fituQFYKcsCOr2","MKG",3,1,"Knowledge","Morality"
"R_3JwpiBeS7V3m1H3","MKG",6,1,"Knowledge","Morality"
"R_0AKdfAcBiQjGJ8Z","MKG",5,1,"Knowledge","Morality"
"R_ePqTGsc0VfES1Wl","MKG",5,1,"Knowledge","Morality"
"R_3oN55R5Fwzb0Qgp","MKG",1,1,"Knowledge","Morality"
"R_1mypbqrm71pNcZZ","MKG",5,1,"Knowledge","Morality"
"R_6iosnhmKDSvIj5L","MKG",6,1,"Knowledge","Morality"
"R_2vZerVrZAtgXYvE","MKG",7,1,"Knowledge","Morality"
"R_cP8QojZwsgjAHDj","MKG",5,1,"Knowledge","Morality"
"R_3EYd158W945bTmc","MKG",4,1,"Knowledge","Morality"
"R_5AA7AMUGQMRGOqJ","MKG",1,1,"Knowledge","Morality"
"R_26f2NZAzbV11sGE","MKG",5,1,"Knowledge","Morality"
"R_3gNkGEagZdDtbeI","MKG",4,1,"Knowledge","Morality"
"R_22rUrA7fkcJMDbc","MKG",6,1,"Knowledge","Morality"
"R_71dWUcO7gNp0eJP","MKG",7,1,"Knowledge","Morality"
"R_3ET3S215m8fGkxn","MKG",4,1,"Knowledge","Morality"
"R_6MAnqfBGwnaqGvD","MKG",6,1,"Knowledge","Morality"
"R_1IAVWfOlFBp3QXh","MKG",6,2,"Knowledge","Morality"
"R_QbL9cxzbCfI9C0h","MKG",6,2,"Knowledge","Morality"
"R_2CkQ0ob8u9qQdbp","MKG",3,2,"Knowledge","Morality"
"R_2th4RMS27Vb5iWt","MKG",3,2,"Knowledge","Morality"
"R_sh9wf7QQRKr8nRv","MKG",5,2,"Knowledge","Morality"
"R_3iqXErxV0xnxTj0","MKG",5,2,"Knowledge","Morality"
"R_bPkHhXaCo8ctVXX","MKG",7,2,"Knowledge","Morality"
"R_29gAP6TzTSJ4hH6","MKG",5,2,"Knowledge","Morality"
"R_3RvWpZ24vTDWZZ4","MKG",6,2,"Knowledge","Morality"
"R_2QEEJiKHLgUsppu","MKG",6,2,"Knowledge","Morality"
"R_3fKif9mVEDe7Opz","MKG",2,2,"Knowledge","Morality"
"R_3enqefdPNHBq6Oq","MKG",7,2,"Knowledge","Morality"
"R_3oN55R5Fwzb0Qgp","MKG",1,2,"Knowledge","Morality"
"R_1mypbqrm71pNcZZ","MKG",4,2,"Knowledge","Morality"
"R_r8XQl9jmC7ynhJf","MKG",3,2,"Knowledge","Morality"
"R_3JCd7tTqGGvJlTr","MKG",7,2,"Knowledge","Morality"
"R_1DCF4Z6WagGl5Ma","MKG",5,2,"Knowledge","Morality"
"R_3EYd158W945bTmc","MKG",4,2,"Knowledge","Morality"
"R_2f7MQdI5iBtcB9w","MKG",6,2,"Knowledge","Morality"
"R_vSJZic0BJrLuydP","MKG",4,2,"Knowledge","Morality"
"R_1ogW3e83CTgq3SW","MKG",6,2,"Knowledge","Morality"
"R_x4xoV6nF3QCtxap","MKG",6,2,"Knowledge","Morality"
"R_2AHGXyli8BKF3Jz","MKG",6,2,"Knowledge","Morality"
"R_2CCI8TwLfkxoF52","MKG",5,2,"Knowledge","Morality"
"R_2tmKa6wTy5rh9TE","MKG",5,2,"Knowledge","Morality"
"R_wUlh2BECb90xNRf","MKG",4,2,"Knowledge","Morality"
"R_3NU8KCvDdcMI3m7","MKG",5,3,"Knowledge","Morality"
"R_1o1IAefWddFeCuL","MKG",6,3,"Knowledge","Morality"
"R_CfVltpcPPyEnl0B","MKG",2,3,"Knowledge","Morality"
"R_OKk63kVutbY3HRT","MKG",6,3,"Knowledge","Morality"
"R_9mcDXmedknnBbln","MKG",2,3,"Knowledge","Morality"
"R_3r3fFxo62III3Hu","MKG",7,3,"Knowledge","Morality"
"R_bPkHhXaCo8ctVXX","MKG",6,3,"Knowledge","Morality"
"R_b87PB6XDAofdL21","MKG",5,3,"Knowledge","Morality"
"R_2ZZvCmIARcATxzO","MKG",5,3,"Knowledge","Morality"
"R_2QEEJiKHLgUsppu","MKG",5,3,"Knowledge","Morality"
"R_2Et1kMITcvLp297","MKG",6,3,"Knowledge","Morality"
"R_3fGET7YdgHncG8j","MKG",2,3,"Knowledge","Morality"
"R_3oN55R5Fwzb0Qgp","MKG",7,3,"Knowledge","Morality"
"R_1FlfNKqBrmZpcIx","MKG",6,3,"Knowledge","Morality"
"R_1JOqMd3qorCE5QJ","MKG",7,3,"Knowledge","Morality"
"R_2vZerVrZAtgXYvE","MKG",7,3,"Knowledge","Morality"
"R_XvoNHSUGZEwCyzL","MKG",6,3,"Knowledge","Morality"
"R_Rnu08pOTKxysKuB","MKG",5,3,"Knowledge","Morality"
"R_2f7MQdI5iBtcB9w","MKG",6,3,"Knowledge","Morality"
"R_2ZVQJVSUOKONpfP","MKG",4,3,"Knowledge","Morality"
"R_3gNkGEagZdDtbeI","MKG",5,3,"Knowledge","Morality"
"R_22rUrA7fkcJMDbc","MKG",6,3,"Knowledge","Morality"
"R_71dWUcO7gNp0eJP","MKG",4,3,"Knowledge","Morality"
"R_0IctgkJeDpDb6CZ","MKG",6,3,"Knowledge","Morality"
"R_1LoqMhkJsj2GnTs","MKG",4,3,"Knowledge","Morality"
"R_wUlh2BECb90xNRf","MKG",4,3,"Knowledge","Morality"
"R_2XoGV7CT3IUHHOj","MKG",7,4,"Knowledge","Morality"
"R_3fDjTE7T5pN9aug","MKG",3,4,"Knowledge","Morality"
"R_CfVltpcPPyEnl0B","MKG",7,4,"Knowledge","Morality"
"R_brt25WJDSLmP4SR","MKG",3,4,"Knowledge","Morality"
"R_1g7V7XqzFSEpJp7","MKG",3,4,"Knowledge","Morality"
"R_AvT6fha3BdVp3X3","MKG",4,4,"Knowledge","Morality"
"R_2uNzWsbV1lQoauO","MKG",6,4,"Knowledge","Morality"
"R_AaMoRGWEEUPFpF7","MKG",4,4,"Knowledge","Morality"
"R_3fituQFYKcsCOr2","MKG",4,4,"Knowledge","Morality"
"R_sHbY8vn2k7SeOL7","MKG",1,4,"Knowledge","Morality"
"R_0AKdfAcBiQjGJ8Z","MKG",5,4,"Knowledge","Morality"
"R_3plRP7X6UFKeqEg","MKG",7,4,"Knowledge","Morality"
"R_3NWm5WAJH4uINEU","MKG",6,4,"Knowledge","Morality"
"R_1mypbqrm71pNcZZ","MKG",4,4,"Knowledge","Morality"
"R_1JOqMd3qorCE5QJ","MKG",7,4,"Knowledge","Morality"
"R_2vZerVrZAtgXYvE","MKG",3,4,"Knowledge","Morality"
"R_XvoNHSUGZEwCyzL","MKG",6,4,"Knowledge","Morality"
"R_6M4JUtg6wJN7Ba9","MKG",5,4,"Knowledge","Morality"
"R_2SogiF7Vnj5oXf7","MKG",7,4,"Knowledge","Morality"
"R_vSJZic0BJrLuydP","MKG",5,4,"Knowledge","Morality"
"R_24OWg9Cq0lPbxYb","MKG",6,4,"Knowledge","Morality"
"R_x4xoV6nF3QCtxap","MKG",6,4,"Knowledge","Morality"
"R_245wkgfvsrZ71pq","MKG",4,4,"Knowledge","Morality"
"R_0IctgkJeDpDb6CZ","MKG",6,4,"Knowledge","Morality"
"R_2tmKa6wTy5rh9TE","MKG",5,4,"Knowledge","Morality"
"R_3J4XYKn5XSdemXn","MKG",6,5,"Knowledge","Morality"
"R_1o1IAefWddFeCuL","MKG",5,5,"Knowledge","Morality"
"R_OwhlmYRlV9VQhqx","MKG",4,5,"Knowledge","Morality"
"R_1g7V7XqzFSEpJp7","MKG",3,5,"Knowledge","Morality"
"R_9mcDXmedknnBbln","MKG",5,5,"Knowledge","Morality"
"R_1mVDg9lWRZcjmTf","MKG",6,5,"Knowledge","Morality"
"R_3iqXErxV0xnxTj0","MKG",7,5,"Knowledge","Morality"
"R_28O1YpzLLGbVGR2","MKG",4,5,"Knowledge","Morality"
"R_2ZZvCmIARcATxzO","MKG",6,5,"Knowledge","Morality"
"R_2QEEJiKHLgUsppu","MKG",6,5,"Knowledge","Morality"
"R_2Et1kMITcvLp297","MKG",6,5,"Knowledge","Morality"
"R_3plRP7X6UFKeqEg","MKG",7,5,"Knowledge","Morality"
"R_3enqefdPNHBq6Oq","MKG",1,5,"Knowledge","Morality"
"R_22ugpf0OLzkj8AR","MKG",6,5,"Knowledge","Morality"
"R_3lLAnX4ax8VJEet","MKG",6,5,"Knowledge","Morality"
"R_2vZerVrZAtgXYvE","MKG",7,5,"Knowledge","Morality"
"R_1DCF4Z6WagGl5Ma","MKG",3,5,"Knowledge","Morality"
"R_8eMrBPghJOeO6m5","MKG",5,5,"Knowledge","Morality"
"R_sw0bNQoLwQRd4KB","MKG",7,5,"Knowledge","Morality"
"R_vBHaqEYiAqPtc4h","MKG",5,5,"Knowledge","Morality"
"R_24OWg9Cq0lPbxYb","MKG",3,5,"Knowledge","Morality"
"R_3EKej2r7Msf8yBg","MKG",4,5,"Knowledge","Morality"
"R_245wkgfvsrZ71pq","MKG",7,5,"Knowledge","Morality"
"R_0IctgkJeDpDb6CZ","MKG",6,5,"Knowledge","Morality"
"R_3hlsIzcwHbfktDc","MKG",6,5,"Knowledge","Morality"
"R_2XoGV7CT3IUHHOj","MKG",4,6,"Knowledge","Morality"
"R_3fPKamSv5XhWW7S","MKG",1,6,"Knowledge","Morality"
"R_2xV1miydNY7rKn4","MKG",4,6,"Knowledge","Morality"
"R_2pY3RiXgh73oSk9","MKG",1,6,"Knowledge","Morality"
"R_9mcDXmedknnBbln","MKG",4,6,"Knowledge","Morality"
"R_1dtenbywNXsLq2q","MKG",5,6,"Knowledge","Morality"
"R_2uNzWsbV1lQoauO","MKG",5,6,"Knowledge","Morality"
"R_AaMoRGWEEUPFpF7","MKG",1,6,"Knowledge","Morality"
"R_2ZZvCmIARcATxzO","MKG",5,6,"Knowledge","Morality"
"R_3JwpiBeS7V3m1H3","MKG",3,6,"Knowledge","Morality"
"R_2Et1kMITcvLp297","MKG",6,6,"Knowledge","Morality"
"R_ePqTGsc0VfES1Wl","MKG",3,6,"Knowledge","Morality"
"R_1FlfNKqBrmZpcIx","MKG",5,6,"Knowledge","Morality"
"R_1mypbqrm71pNcZZ","MKG",4,6,"Knowledge","Morality"
"R_6iosnhmKDSvIj5L","MKG",5,6,"Knowledge","Morality"
"R_w5daplb7MxERGKZ","MKG",4,6,"Knowledge","Morality"
"R_1DCF4Z6WagGl5Ma","MKG",2,6,"Knowledge","Morality"
"R_6M4JUtg6wJN7Ba9","MKG",5,6,"Knowledge","Morality"
"R_5AA7AMUGQMRGOqJ","MKG",1,6,"Knowledge","Morality"
"R_2SogiF7Vnj5oXf7","MKG",7,6,"Knowledge","Morality"
"R_x4xoV6nF3QCtxap","MKG",5,6,"Knowledge","Morality"
"R_2AHGXyli8BKF3Jz","MKG",6,6,"Knowledge","Morality"
"R_71dWUcO7gNp0eJP","MKG",4,6,"Knowledge","Morality"
"R_3ET3S215m8fGkxn","MKG",2,6,"Knowledge","Morality"
"R_1IAVWfOlFBp3QXh","MKG",2,7,"Knowledge","Morality"
"R_1o1IAefWddFeCuL","MKG",5,7,"Knowledge","Morality"
"R_2xV1miydNY7rKn4","MKG",4,7,"Knowledge","Morality"
"R_brt25WJDSLmP4SR","MKG",3,7,"Knowledge","Morality"
"R_1g7V7XqzFSEpJp7","MKG",4,7,"Knowledge","Morality"
"R_AvT6fha3BdVp3X3","MKG",3,7,"Knowledge","Morality"
"R_2uNzWsbV1lQoauO","MKG",6,7,"Knowledge","Morality"
"R_29gAP6TzTSJ4hH6","MKG",5,7,"Knowledge","Morality"
"R_56dMysz9SKnkMLf","MKG",4,7,"Knowledge","Morality"
"R_3iwNEAiFGhmWf9X","MKG",1,7,"Knowledge","Morality"
"R_2QEEJiKHLgUsppu","MKG",7,7,"Knowledge","Morality"
"R_ePqTGsc0VfES1Wl","MKG",7,7,"Knowledge","Morality"
"R_3enqefdPNHBq6Oq","MKG",7,7,"Knowledge","Morality"
"R_1FlfNKqBrmZpcIx","MKG",5,7,"Knowledge","Morality"
"R_1FxshkwMF8wnCjp","MKG",4,7,"Knowledge","Morality"
"R_w5daplb7MxERGKZ","MKG",6,7,"Knowledge","Morality"
"R_cP8QojZwsgjAHDj","MKG",6,7,"Knowledge","Morality"
"R_5AA7AMUGQMRGOqJ","MKG",1,7,"Knowledge","Morality"
"R_2SogiF7Vnj5oXf7","MKG",7,7,"Knowledge","Morality"
"R_26f2NZAzbV11sGE","MKG",5,7,"Knowledge","Morality"
"R_3EKej2r7Msf8yBg","MKG",3,7,"Knowledge","Morality"
"R_2czmJrXebJSyBIv","MKG",7,7,"Knowledge","Morality"
"R_71dWUcO7gNp0eJP","MKG",4,7,"Knowledge","Morality"
"R_1LoqMhkJsj2GnTs","MKG",3,7,"Knowledge","Morality"
"R_2XoGV7CT3IUHHOj","MKG",7,8,"Knowledge","Morality"
"R_1o1IAefWddFeCuL","MKG",7,8,"Knowledge","Morality"
"R_2xV1miydNY7rKn4","MKG",3,8,"Knowledge","Morality"
"R_1g7V7XqzFSEpJp7","MKG",6,8,"Knowledge","Morality"
"R_OKk63kVutbY3HRT","MKG",4,8,"Knowledge","Morality"
"R_3r3fFxo62III3Hu","MKG",4,8,"Knowledge","Morality"
"R_3iqXErxV0xnxTj0","MKG",2,8,"Knowledge","Morality"
"R_b87PB6XDAofdL21","MKG",6,8,"Knowledge","Morality"
"R_3fituQFYKcsCOr2","MKG",5,8,"Knowledge","Morality"
"R_2QEEJiKHLgUsppu","MKG",5,8,"Knowledge","Morality"
"R_1ohBPcgP7w17Nzi","MKG",3,8,"Knowledge","Morality"
"R_3enqefdPNHBq6Oq","MKG",7,8,"Knowledge","Morality"
"R_3fGET7YdgHncG8j","MKG",5,8,"Knowledge","Morality"
"R_1FxshkwMF8wnCjp","MKG",4,8,"Knowledge","Morality"
"R_w5daplb7MxERGKZ","MKG",6,8,"Knowledge","Morality"
"R_3JCd7tTqGGvJlTr","MKG",7,8,"Knowledge","Morality"
"R_XvoNHSUGZEwCyzL","MKG",6,8,"Knowledge","Morality"
"R_6M4JUtg6wJN7Ba9","MKG",5,8,"Knowledge","Morality"
"R_2SogiF7Vnj5oXf7","MKG",4,8,"Knowledge","Morality"
"R_2ZVQJVSUOKONpfP","MKG",5,8,"Knowledge","Morality"
"R_24OWg9Cq0lPbxYb","MKG",6,8,"Knowledge","Morality"
"R_22rUrA7fkcJMDbc","MKG",4,8,"Knowledge","Morality"
"R_2czmJrXebJSyBIv","MKG",7,8,"Knowledge","Morality"
"R_3ET3S215m8fGkxn","MKG",3,8,"Knowledge","Morality"
"R_1LoqMhkJsj2GnTs","MKG",4,8,"Knowledge","Morality"
"R_wUlh2BECb90xNRf","MKG",3,8,"Knowledge","Morality"
"R_3NU8KCvDdcMI3m7","MKG",5,9,"Knowledge","Morality"
"R_1o1IAefWddFeCuL","MKG",6,9,"Knowledge","Morality"
"R_CfVltpcPPyEnl0B","MKG",1,9,"Knowledge","Morality"
"R_2pY3RiXgh73oSk9","MKG",1,9,"Knowledge","Morality"
"R_OKk63kVutbY3HRT","MKG",5,9,"Knowledge","Morality"
"R_AvT6fha3BdVp3X3","MKG",6,9,"Knowledge","Morality"
"R_1Ns8HmDussRwtSo","MKG",7,9,"Knowledge","Morality"
"R_28O1YpzLLGbVGR2","MKG",4,9,"Knowledge","Morality"
"R_3RvWpZ24vTDWZZ4","MKG",4,9,"Knowledge","Morality"
"R_sHbY8vn2k7SeOL7","MKG",5,9,"Knowledge","Morality"
"R_3fKif9mVEDe7Opz","MKG",6,9,"Knowledge","Morality"
"R_3plRP7X6UFKeqEg","MKG",7,9,"Knowledge","Morality"
"R_3fGET7YdgHncG8j","MKG",5,9,"Knowledge","Morality"
"R_22ugpf0OLzkj8AR","MKG",5,9,"Knowledge","Morality"
"R_1JOqMd3qorCE5QJ","MKG",6,9,"Knowledge","Morality"
"R_w5daplb7MxERGKZ","MKG",5,9,"Knowledge","Morality"
"R_2WZGuhVuxbtSDr0","MKG",4,9,"Knowledge","Morality"
"R_6M4JUtg6wJN7Ba9","MKG",6,9,"Knowledge","Morality"
"R_2SogiF7Vnj5oXf7","MKG",7,9,"Knowledge","Morality"
"R_3gNkGEagZdDtbeI","MKG",5,9,"Knowledge","Morality"
"R_1ogW3e83CTgq3SW","MKG",6,9,"Knowledge","Morality"
"R_3EKej2r7Msf8yBg","MKG",6,9,"Knowledge","Morality"
"R_71dWUcO7gNp0eJP","MKG",4,9,"Knowledge","Morality"
"R_3hlsIzcwHbfktDc","MKG",7,9,"Knowledge","Morality"
"R_2tmKa6wTy5rh9TE","MKG",6,9,"Knowledge","Morality"
"R_3J4XYKn5XSdemXn","MKG",3,10,"Knowledge","Morality"
"R_3fDjTE7T5pN9aug","MKG",4,10,"Knowledge","Morality"
"R_2CkQ0ob8u9qQdbp","MKG",4,10,"Knowledge","Morality"
"R_brt25WJDSLmP4SR","MKG",4,10,"Knowledge","Morality"
"R_OKk63kVutbY3HRT","MKG",7,10,"Knowledge","Morality"
"R_2uNzWsbV1lQoauO","MKG",5,10,"Knowledge","Morality"
"R_3iqXErxV0xnxTj0","MKG",5,10,"Knowledge","Morality"
"R_29gAP6TzTSJ4hH6","MKG",5,10,"Knowledge","Morality"
"R_56dMysz9SKnkMLf","MKG",2,10,"Knowledge","Morality"
"R_3JwpiBeS7V3m1H3","MKG",2,10,"Knowledge","Morality"
"R_2Et1kMITcvLp297","MKG",4,10,"Knowledge","Morality"
"R_3plRP7X6UFKeqEg","MKG",7,10,"Knowledge","Morality"
"R_3oN55R5Fwzb0Qgp","MKG",7,10,"Knowledge","Morality"
"R_38WciBbZoqGPKGF","MKG",4,10,"Knowledge","Morality"
"R_3lLAnX4ax8VJEet","MKG",1,10,"Knowledge","Morality"
"R_3JCd7tTqGGvJlTr","MKG",7,10,"Knowledge","Morality"
"R_XvoNHSUGZEwCyzL","MKG",1,10,"Knowledge","Morality"
"R_8eMrBPghJOeO6m5","MKG",5,10,"Knowledge","Morality"
"R_2SogiF7Vnj5oXf7","MKG",1,10,"Knowledge","Morality"
"R_vSJZic0BJrLuydP","MKG",3,10,"Knowledge","Morality"
"R_Bu2A2UkV2ZLtSsV","MKG",1,10,"Knowledge","Morality"
"R_2e4OotA3LjZQxoB","MKG",5,10,"Knowledge","Morality"
"R_22rUrA7fkcJMDbc","MKG",6,10,"Knowledge","Morality"
"R_0IctgkJeDpDb6CZ","MKG",6,10,"Knowledge","Morality"
"R_2tmKa6wTy5rh9TE","MKG",5,10,"Knowledge","Morality"
"R_1IAVWfOlFBp3QXh","MKG",4,11,"Knowledge","Morality"
"R_3fPKamSv5XhWW7S","MKG",5,11,"Knowledge","Morality"
"R_CfVltpcPPyEnl0B","MKG",3,11,"Knowledge","Morality"
"R_2pY3RiXgh73oSk9","MKG",1,11,"Knowledge","Morality"
"R_1g7V7XqzFSEpJp7","MKG",5,11,"Knowledge","Morality"
"R_3r3fFxo62III3Hu","MKG",4,11,"Knowledge","Morality"
"R_1Ns8HmDussRwtSo","MKG",5,11,"Knowledge","Morality"
"R_3qybpbdBZeK6VUq","MKG",7,11,"Knowledge","Morality"
"R_2ZZvCmIARcATxzO","MKG",5,11,"Knowledge","Morality"
"R_2QEEJiKHLgUsppu","MKG",3,11,"Knowledge","Morality"
"R_0AKdfAcBiQjGJ8Z","MKG",5,11,"Knowledge","Morality"
"R_ePqTGsc0VfES1Wl","MKG",6,11,"Knowledge","Morality"
"R_1mypbqrm71pNcZZ","MKG",5,11,"Knowledge","Morality"
"R_1FxshkwMF8wnCjp","MKG",2,11,"Knowledge","Morality"
"R_3JCd7tTqGGvJlTr","MKG",7,11,"Knowledge","Morality"
"R_2qDxnWfJw3JCu9Y","MKG",6,11,"Knowledge","Morality"
"R_XvoNHSUGZEwCyzL","MKG",6,11,"Knowledge","Morality"
"R_6M4JUtg6wJN7Ba9","MKG",4,11,"Knowledge","Morality"
"R_sw0bNQoLwQRd4KB","MKG",7,11,"Knowledge","Morality"
"R_vSJZic0BJrLuydP","MKG",5,11,"Knowledge","Morality"
"R_24OWg9Cq0lPbxYb","MKG",6,11,"Knowledge","Morality"
"R_x4xoV6nF3QCtxap","MKG",4,11,"Knowledge","Morality"
"R_71dWUcO7gNp0eJP","MKG",4,11,"Knowledge","Morality"
"R_3ET3S215m8fGkxn","MKG",4,11,"Knowledge","Morality"
"R_1LoqMhkJsj2GnTs","MKG",5,11,"Knowledge","Morality"
"R_3J4XYKn5XSdemXn","MKG",2,12,"Knowledge","Morality"
"R_QbL9cxzbCfI9C0h","MKG",7,12,"Knowledge","Morality"
"R_2xV1miydNY7rKn4","MKG",5,12,"Knowledge","Morality"
"R_brt25WJDSLmP4SR","MKG",6,12,"Knowledge","Morality"
"R_3r3fFxo62III3Hu","MKG",5,12,"Knowledge","Morality"
"R_AvT6fha3BdVp3X3","MKG",6,12,"Knowledge","Morality"
"R_2uNzWsbV1lQoauO","MKG",6,12,"Knowledge","Morality"
"R_3qybpbdBZeK6VUq","MKG",7,12,"Knowledge","Morality"
"R_3JwpiBeS7V3m1H3","MKG",5,12,"Knowledge","Morality"
"R_sHbY8vn2k7SeOL7","MKG",1,12,"Knowledge","Morality"
"R_0AKdfAcBiQjGJ8Z","MKG",5,12,"Knowledge","Morality"
"R_3enqefdPNHBq6Oq","MKG",7,12,"Knowledge","Morality"
"R_3oN55R5Fwzb0Qgp","MKG",1,12,"Knowledge","Morality"
"R_22ugpf0OLzkj8AR","MKG",6,12,"Knowledge","Morality"
"R_1JOqMd3qorCE5QJ","MKG",1,12,"Knowledge","Morality"
"R_2qDxnWfJw3JCu9Y","MKG",6,12,"Knowledge","Morality"
"R_1DCF4Z6WagGl5Ma","MKG",5,12,"Knowledge","Morality"
"R_8eMrBPghJOeO6m5","MKG",4,12,"Knowledge","Morality"
"R_5AA7AMUGQMRGOqJ","MKG",1,12,"Knowledge","Morality"
"R_vSJZic0BJrLuydP","MKG",3,12,"Knowledge","Morality"
"R_Bu2A2UkV2ZLtSsV","MKG",7,12,"Knowledge","Morality"
"R_2AHGXyli8BKF3Jz","MKG",6,12,"Knowledge","Morality"
"R_71dWUcO7gNp0eJP","MKG",7,12,"Knowledge","Morality"
"R_3ET3S215m8fGkxn","MKG",5,12,"Knowledge","Morality"
"R_2tmKa6wTy5rh9TE","MKG",4,12,"Knowledge","Morality"
"R_3J4XYKn5XSdemXn","MKG",5,13,"Knowledge","Morality"
"R_QbL9cxzbCfI9C0h","MKG",7,13,"Knowledge","Morality"
"R_OwhlmYRlV9VQhqx","MKG",5,13,"Knowledge","Morality"
"R_2th4RMS27Vb5iWt","MKG",3,13,"Knowledge","Morality"
"R_sh9wf7QQRKr8nRv","MKG",5,13,"Knowledge","Morality"
"R_3r3fFxo62III3Hu","MKG",5,13,"Knowledge","Morality"
"R_1Ns8HmDussRwtSo","MKG",7,13,"Knowledge","Morality"
"R_29gAP6TzTSJ4hH6","MKG",6,13,"Knowledge","Morality"
"R_3qybpbdBZeK6VUq","MKG",7,13,"Knowledge","Morality"
"R_56dMysz9SKnkMLf","MKG",4,13,"Knowledge","Morality"
"R_2QEEJiKHLgUsppu","MKG",6,13,"Knowledge","Morality"
"R_3enqefdPNHBq6Oq","MKG",7,13,"Knowledge","Morality"
"R_3fGET7YdgHncG8j","MKG",5,13,"Knowledge","Morality"
"R_1mypbqrm71pNcZZ","MKG",5,13,"Knowledge","Morality"
"R_1JOqMd3qorCE5QJ","MKG",7,13,"Knowledge","Morality"
"R_w5daplb7MxERGKZ","MKG",6,13,"Knowledge","Morality"
"R_cP8QojZwsgjAHDj","MKG",5,13,"Knowledge","Morality"
"R_Rnu08pOTKxysKuB","MKG",4,13,"Knowledge","Morality"
"R_5AA7AMUGQMRGOqJ","MKG",1,13,"Knowledge","Morality"
"R_2SogiF7Vnj5oXf7","MKG",7,13,"Knowledge","Morality"
"R_26f2NZAzbV11sGE","MKG",5,13,"Knowledge","Morality"
"R_24OWg9Cq0lPbxYb","MKG",6,13,"Knowledge","Morality"
"R_22rUrA7fkcJMDbc","MKG",4,13,"Knowledge","Morality"
"R_2CCI8TwLfkxoF52","MKG",5,13,"Knowledge","Morality"
"R_2tmKa6wTy5rh9TE","MKG",5,13,"Knowledge","Morality"
"R_wUlh2BECb90xNRf","MKG",5,13,"Knowledge","Morality"
"R_3NU8KCvDdcMI3m7","MKG",5,14,"Knowledge","Morality"
"R_3fPKamSv5XhWW7S","MKG",5,14,"Knowledge","Morality"
"R_CfVltpcPPyEnl0B","MKG",6,14,"Knowledge","Morality"
"R_OKk63kVutbY3HRT","MKG",7,14,"Knowledge","Morality"
"R_sh9wf7QQRKr8nRv","MKG",5,14,"Knowledge","Morality"
"R_3r3fFxo62III3Hu","MKG",7,14,"Knowledge","Morality"
"R_bPkHhXaCo8ctVXX","MKG",6,14,"Knowledge","Morality"
"R_29gAP6TzTSJ4hH6","MKG",6,14,"Knowledge","Morality"
"R_56dMysz9SKnkMLf","MKG",6,14,"Knowledge","Morality"
"R_3JwpiBeS7V3m1H3","MKG",5,14,"Knowledge","Morality"
"R_2Et1kMITcvLp297","MKG",5,14,"Knowledge","Morality"
"R_3fGET7YdgHncG8j","MKG",6,14,"Knowledge","Morality"
"R_3NWm5WAJH4uINEU","MKG",5,14,"Knowledge","Morality"
"R_38WciBbZoqGPKGF","MKG",3,14,"Knowledge","Morality"
"R_1JOqMd3qorCE5QJ","MKG",4,14,"Knowledge","Morality"
"R_r8XQl9jmC7ynhJf","MKG",5,14,"Knowledge","Morality"
"R_cP8QojZwsgjAHDj","MKG",6,14,"Knowledge","Morality"
"R_sw0bNQoLwQRd4KB","MKG",7,14,"Knowledge","Morality"
"R_2SogiF7Vnj5oXf7","MKG",7,14,"Knowledge","Morality"
"R_vSJZic0BJrLuydP","MKG",6,14,"Knowledge","Morality"
"R_Bu2A2UkV2ZLtSsV","MKG",6,14,"Knowledge","Morality"
"R_3EKej2r7Msf8yBg","MKG",6,14,"Knowledge","Morality"
"R_2AHGXyli8BKF3Jz","MKG",6,14,"Knowledge","Morality"
"R_3hlsIzcwHbfktDc","MKG",6,14,"Knowledge","Morality"
"R_2QlmY1N9RXjeWBU","MKG",6,14,"Knowledge","Morality"
"R_2XoGV7CT3IUHHOj","MKG",7,16,"Knowledge","Morality"
"R_1o1IAefWddFeCuL","MKG",2,16,"Knowledge","Morality"
"R_CfVltpcPPyEnl0B","MKG",4,16,"Knowledge","Morality"
"R_2pY3RiXgh73oSk9","MKG",5,16,"Knowledge","Morality"
"R_sh9wf7QQRKr8nRv","MKG",2,16,"Knowledge","Morality"
"R_1mVDg9lWRZcjmTf","MKG",1,16,"Knowledge","Morality"
"R_AaMoRGWEEUPFpF7","MKG",3,16,"Knowledge","Morality"
"R_b87PB6XDAofdL21","MKG",1,16,"Knowledge","Morality"
"R_3fituQFYKcsCOr2","MKG",1,16,"Knowledge","Morality"
"R_3JwpiBeS7V3m1H3","MKG",3,16,"Knowledge","Morality"
"R_ezYd6g0DGP96G6B","MKG",4,16,"Knowledge","Morality"
"R_3enqefdPNHBq6Oq","MKG",1,16,"Knowledge","Morality"
"R_38WciBbZoqGPKGF","MKG",3,16,"Knowledge","Morality"
"R_1FlfNKqBrmZpcIx","MKG",3,16,"Knowledge","Morality"
"R_1JOqMd3qorCE5QJ","MKG",1,16,"Knowledge","Morality"
"R_2qDxnWfJw3JCu9Y","MKG",4,16,"Knowledge","Morality"
"R_2WZGuhVuxbtSDr0","MKG",4,16,"Knowledge","Morality"
"R_6M4JUtg6wJN7Ba9","MKG",3,16,"Knowledge","Morality"
"R_2f7MQdI5iBtcB9w","MKG",4,16,"Knowledge","Morality"
"R_2ZVQJVSUOKONpfP","MKG",6,16,"Knowledge","Morality"
"R_1ogW3e83CTgq3SW","MKG",2,16,"Knowledge","Morality"
"R_3EKej2r7Msf8yBg","MKG",2,16,"Knowledge","Morality"
"R_2czmJrXebJSyBIv","MKG",1,16,"Knowledge","Morality"
"R_3hlsIzcwHbfktDc","MKG",3,16,"Knowledge","Morality"
"R_6MAnqfBGwnaqGvD","MKG",5,16,"Knowledge","Morality"
"R_1IAVWfOlFBp3QXh","MIG",3,1,"Ignorance","Morality"
"R_3fPKamSv5XhWW7S","MIG",1,1,"Ignorance","Morality"
"R_OwhlmYRlV9VQhqx","MIG",4,1,"Ignorance","Morality"
"R_2pY3RiXgh73oSk9","MIG",4,1,"Ignorance","Morality"
"R_9mcDXmedknnBbln","MIG",5,1,"Ignorance","Morality"
"R_AvT6fha3BdVp3X3","MIG",3,1,"Ignorance","Morality"
"R_28O1YpzLLGbVGR2","MIG",4,1,"Ignorance","Morality"
"R_29gAP6TzTSJ4hH6","MIG",5,1,"Ignorance","Morality"
"R_3RvWpZ24vTDWZZ4","MIG",4,1,"Ignorance","Morality"
"R_2QEEJiKHLgUsppu","MIG",6,1,"Ignorance","Morality"
"R_1ohBPcgP7w17Nzi","MIG",4,1,"Ignorance","Morality"
"R_3enqefdPNHBq6Oq","MIG",1,1,"Ignorance","Morality"
"R_3NWm5WAJH4uINEU","MIG",7,1,"Ignorance","Morality"
"R_1FxshkwMF8wnCjp","MIG",3,1,"Ignorance","Morality"
"R_3lLAnX4ax8VJEet","MIG",4,1,"Ignorance","Morality"
"R_2qDxnWfJw3JCu9Y","MIG",2,1,"Ignorance","Morality"
"R_2WZGuhVuxbtSDr0","MIG",4,1,"Ignorance","Morality"
"R_Rnu08pOTKxysKuB","MIG",4,1,"Ignorance","Morality"
"R_2SogiF7Vnj5oXf7","MIG",7,1,"Ignorance","Morality"
"R_vBHaqEYiAqPtc4h","MIG",3,1,"Ignorance","Morality"
"R_Bu2A2UkV2ZLtSsV","MIG",2,1,"Ignorance","Morality"
"R_3EKej2r7Msf8yBg","MIG",5,1,"Ignorance","Morality"
"R_245wkgfvsrZ71pq","MIG",6,1,"Ignorance","Morality"
"R_0IctgkJeDpDb6CZ","MIG",6,1,"Ignorance","Morality"
"R_1LoqMhkJsj2GnTs","MIG",4,1,"Ignorance","Morality"
"R_3NU8KCvDdcMI3m7","MIG",5,2,"Ignorance","Morality"
"R_3fPKamSv5XhWW7S","MIG",4,2,"Ignorance","Morality"
"R_2xV1miydNY7rKn4","MIG",5,2,"Ignorance","Morality"
"R_brt25WJDSLmP4SR","MIG",5,2,"Ignorance","Morality"
"R_OKk63kVutbY3HRT","MIG",7,2,"Ignorance","Morality"
"R_3r3fFxo62III3Hu","MIG",6,2,"Ignorance","Morality"
"R_1Ns8HmDussRwtSo","MIG",6,2,"Ignorance","Morality"
"R_3qybpbdBZeK6VUq","MIG",7,2,"Ignorance","Morality"
"R_2ZZvCmIARcATxzO","MIG",5,2,"Ignorance","Morality"
"R_3iwNEAiFGhmWf9X","MIG",1,2,"Ignorance","Morality"
"R_0AKdfAcBiQjGJ8Z","MIG",6,2,"Ignorance","Morality"
"R_3plRP7X6UFKeqEg","MIG",7,2,"Ignorance","Morality"
"R_3NWm5WAJH4uINEU","MIG",6,2,"Ignorance","Morality"
"R_38WciBbZoqGPKGF","MIG",2,2,"Ignorance","Morality"
"R_1JOqMd3qorCE5QJ","MIG",1,2,"Ignorance","Morality"
"R_2vZerVrZAtgXYvE","MIG",7,2,"Ignorance","Morality"
"R_2WZGuhVuxbtSDr0","MIG",5,2,"Ignorance","Morality"
"R_6M4JUtg6wJN7Ba9","MIG",6,2,"Ignorance","Morality"
"R_sw0bNQoLwQRd4KB","MIG",7,2,"Ignorance","Morality"
"R_vBHaqEYiAqPtc4h","MIG",6,2,"Ignorance","Morality"
"R_3gNkGEagZdDtbeI","MIG",4,2,"Ignorance","Morality"
"R_22rUrA7fkcJMDbc","MIG",6,2,"Ignorance","Morality"
"R_2czmJrXebJSyBIv","MIG",7,2,"Ignorance","Morality"
"R_0IctgkJeDpDb6CZ","MIG",6,2,"Ignorance","Morality"
"R_2QlmY1N9RXjeWBU","MIG",7,2,"Ignorance","Morality"
"R_1IAVWfOlFBp3QXh","MIG",7,3,"Ignorance","Morality"
"R_QbL9cxzbCfI9C0h","MIG",6,3,"Ignorance","Morality"
"R_2xV1miydNY7rKn4","MIG",3,3,"Ignorance","Morality"
"R_2pY3RiXgh73oSk9","MIG",5,3,"Ignorance","Morality"
"R_1mVDg9lWRZcjmTf","MIG",6,3,"Ignorance","Morality"
"R_AvT6fha3BdVp3X3","MIG",6,3,"Ignorance","Morality"
"R_1Ns8HmDussRwtSo","MIG",6,3,"Ignorance","Morality"
"R_29gAP6TzTSJ4hH6","MIG",5,3,"Ignorance","Morality"
"R_3JwpiBeS7V3m1H3","MIG",5,3,"Ignorance","Morality"
"R_sHbY8vn2k7SeOL7","MIG",5,3,"Ignorance","Morality"
"R_3fKif9mVEDe7Opz","MIG",5,3,"Ignorance","Morality"
"R_ePqTGsc0VfES1Wl","MIG",6,3,"Ignorance","Morality"
"R_38WciBbZoqGPKGF","MIG",2,3,"Ignorance","Morality"
"R_22ugpf0OLzkj8AR","MIG",5,3,"Ignorance","Morality"
"R_6iosnhmKDSvIj5L","MIG",6,3,"Ignorance","Morality"
"R_2qDxnWfJw3JCu9Y","MIG",7,3,"Ignorance","Morality"
"R_1DCF4Z6WagGl5Ma","MIG",5,3,"Ignorance","Morality"
"R_3EYd158W945bTmc","MIG",4,3,"Ignorance","Morality"
"R_8eMrBPghJOeO6m5","MIG",4,3,"Ignorance","Morality"
"R_vSJZic0BJrLuydP","MIG",6,3,"Ignorance","Morality"
"R_Bu2A2UkV2ZLtSsV","MIG",6,3,"Ignorance","Morality"
"R_x4xoV6nF3QCtxap","MIG",6,3,"Ignorance","Morality"
"R_2czmJrXebJSyBIv","MIG",7,3,"Ignorance","Morality"
"R_6MAnqfBGwnaqGvD","MIG",7,3,"Ignorance","Morality"
"R_2tmKa6wTy5rh9TE","MIG",6,3,"Ignorance","Morality"
"R_3NU8KCvDdcMI3m7","MIG",5,4,"Ignorance","Morality"
"R_QbL9cxzbCfI9C0h","MIG",7,4,"Ignorance","Morality"
"R_OwhlmYRlV9VQhqx","MIG",5,4,"Ignorance","Morality"
"R_2pY3RiXgh73oSk9","MIG",1,4,"Ignorance","Morality"
"R_9mcDXmedknnBbln","MIG",5,4,"Ignorance","Morality"
"R_3r3fFxo62III3Hu","MIG",4,4,"Ignorance","Morality"
"R_b87PB6XDAofdL21","MIG",6,4,"Ignorance","Morality"
"R_29gAP6TzTSJ4hH6","MIG",3,4,"Ignorance","Morality"
"R_3RvWpZ24vTDWZZ4","MIG",4,4,"Ignorance","Morality"
"R_3iwNEAiFGhmWf9X","MIG",4,4,"Ignorance","Morality"
"R_2Et1kMITcvLp297","MIG",5,4,"Ignorance","Morality"
"R_ePqTGsc0VfES1Wl","MIG",4,4,"Ignorance","Morality"
"R_3fGET7YdgHncG8j","MIG",4,4,"Ignorance","Morality"
"R_22ugpf0OLzkj8AR","MIG",5,4,"Ignorance","Morality"
"R_3lLAnX4ax8VJEet","MIG",4,4,"Ignorance","Morality"
"R_2qDxnWfJw3JCu9Y","MIG",6,4,"Ignorance","Morality"
"R_2WZGuhVuxbtSDr0","MIG",4,4,"Ignorance","Morality"
"R_Rnu08pOTKxysKuB","MIG",4,4,"Ignorance","Morality"
"R_sw0bNQoLwQRd4KB","MIG",4,4,"Ignorance","Morality"
"R_3gNkGEagZdDtbeI","MIG",5,4,"Ignorance","Morality"
"R_Bu2A2UkV2ZLtSsV","MIG",4,4,"Ignorance","Morality"
"R_2e4OotA3LjZQxoB","MIG",5,4,"Ignorance","Morality"
"R_71dWUcO7gNp0eJP","MIG",7,4,"Ignorance","Morality"
"R_2CCI8TwLfkxoF52","MIG",5,4,"Ignorance","Morality"
"R_2QlmY1N9RXjeWBU","MIG",5,4,"Ignorance","Morality"
"R_1IAVWfOlFBp3QXh","MIG",6,5,"Ignorance","Morality"
"R_3fDjTE7T5pN9aug","MIG",2,5,"Ignorance","Morality"
"R_2CkQ0ob8u9qQdbp","MIG",4,5,"Ignorance","Morality"
"R_2th4RMS27Vb5iWt","MIG",4,5,"Ignorance","Morality"
"R_3r3fFxo62III3Hu","MIG",6,5,"Ignorance","Morality"
"R_2uNzWsbV1lQoauO","MIG",6,5,"Ignorance","Morality"
"R_AaMoRGWEEUPFpF7","MIG",5,5,"Ignorance","Morality"
"R_29gAP6TzTSJ4hH6","MIG",7,5,"Ignorance","Morality"
"R_56dMysz9SKnkMLf","MIG",4,5,"Ignorance","Morality"
"R_3JwpiBeS7V3m1H3","MIG",6,5,"Ignorance","Morality"
"R_0AKdfAcBiQjGJ8Z","MIG",6,5,"Ignorance","Morality"
"R_1ohBPcgP7w17Nzi","MIG",5,5,"Ignorance","Morality"
"R_38WciBbZoqGPKGF","MIG",4,5,"Ignorance","Morality"
"R_1FlfNKqBrmZpcIx","MIG",5,5,"Ignorance","Morality"
"R_1JOqMd3qorCE5QJ","MIG",1,5,"Ignorance","Morality"
"R_2qDxnWfJw3JCu9Y","MIG",7,5,"Ignorance","Morality"
"R_XvoNHSUGZEwCyzL","MIG",6,5,"Ignorance","Morality"
"R_Rnu08pOTKxysKuB","MIG",5,5,"Ignorance","Morality"
"R_5AA7AMUGQMRGOqJ","MIG",2,5,"Ignorance","Morality"
"R_3gNkGEagZdDtbeI","MIG",3,5,"Ignorance","Morality"
"R_Bu2A2UkV2ZLtSsV","MIG",5,5,"Ignorance","Morality"
"R_22rUrA7fkcJMDbc","MIG",6,5,"Ignorance","Morality"
"R_71dWUcO7gNp0eJP","MIG",4,5,"Ignorance","Morality"
"R_3ET3S215m8fGkxn","MIG",4,5,"Ignorance","Morality"
"R_6MAnqfBGwnaqGvD","MIG",7,5,"Ignorance","Morality"
"R_wUlh2BECb90xNRf","MIG",5,5,"Ignorance","Morality"
"R_1IAVWfOlFBp3QXh","MIG",4,6,"Ignorance","Morality"
"R_1o1IAefWddFeCuL","MIG",5,6,"Ignorance","Morality"
"R_2CkQ0ob8u9qQdbp","MIG",5,6,"Ignorance","Morality"
"R_2th4RMS27Vb5iWt","MIG",3,6,"Ignorance","Morality"
"R_1g7V7XqzFSEpJp7","MIG",4,6,"Ignorance","Morality"
"R_AvT6fha3BdVp3X3","MIG",4,6,"Ignorance","Morality"
"R_bPkHhXaCo8ctVXX","MIG",2,6,"Ignorance","Morality"
"R_29gAP6TzTSJ4hH6","MIG",4,6,"Ignorance","Morality"
"R_3fituQFYKcsCOr2","MIG",4,6,"Ignorance","Morality"
"R_56dMysz9SKnkMLf","MIG",4,6,"Ignorance","Morality"
"R_2QEEJiKHLgUsppu","MIG",5,6,"Ignorance","Morality"
"R_3plRP7X6UFKeqEg","MIG",7,6,"Ignorance","Morality"
"R_3enqefdPNHBq6Oq","MIG",1,6,"Ignorance","Morality"
"R_38WciBbZoqGPKGF","MIG",2,6,"Ignorance","Morality"
"R_3lLAnX4ax8VJEet","MIG",3,6,"Ignorance","Morality"
"R_2qDxnWfJw3JCu9Y","MIG",2,6,"Ignorance","Morality"
"R_2vZerVrZAtgXYvE","MIG",2,6,"Ignorance","Morality"
"R_2WZGuhVuxbtSDr0","MIG",2,6,"Ignorance","Morality"
"R_sw0bNQoLwQRd4KB","MIG",5,6,"Ignorance","Morality"
"R_vBHaqEYiAqPtc4h","MIG",4,6,"Ignorance","Morality"
"R_3gNkGEagZdDtbeI","MIG",5,6,"Ignorance","Morality"
"R_2e4OotA3LjZQxoB","MIG",3,6,"Ignorance","Morality"
"R_3EKej2r7Msf8yBg","MIG",4,6,"Ignorance","Morality"
"R_6MAnqfBGwnaqGvD","MIG",2,6,"Ignorance","Morality"
"R_2tmKa6wTy5rh9TE","MIG",4,6,"Ignorance","Morality"
"R_wUlh2BECb90xNRf","MIG",6,6,"Ignorance","Morality"
"R_2XoGV7CT3IUHHOj","MIG",7,7,"Ignorance","Morality"
"R_3fPKamSv5XhWW7S","MIG",3,7,"Ignorance","Morality"
"R_OwhlmYRlV9VQhqx","MIG",4,7,"Ignorance","Morality"
"R_2pY3RiXgh73oSk9","MIG",4,7,"Ignorance","Morality"
"R_sh9wf7QQRKr8nRv","MIG",5,7,"Ignorance","Morality"
"R_1dtenbywNXsLq2q","MIG",7,7,"Ignorance","Morality"
"R_3iqXErxV0xnxTj0","MIG",3,7,"Ignorance","Morality"
"R_28O1YpzLLGbVGR2","MIG",4,7,"Ignorance","Morality"
"R_2ZZvCmIARcATxzO","MIG",5,7,"Ignorance","Morality"
"R_3RvWpZ24vTDWZZ4","MIG",4,7,"Ignorance","Morality"
"R_1ohBPcgP7w17Nzi","MIG",5,7,"Ignorance","Morality"
"R_2Et1kMITcvLp297","MIG",6,7,"Ignorance","Morality"
"R_3oN55R5Fwzb0Qgp","MIG",7,7,"Ignorance","Morality"
"R_22ugpf0OLzkj8AR","MIG",5,7,"Ignorance","Morality"
"R_1JOqMd3qorCE5QJ","MIG",6,7,"Ignorance","Morality"
"R_2qDxnWfJw3JCu9Y","MIG",7,7,"Ignorance","Morality"
"R_XvoNHSUGZEwCyzL","MIG",6,7,"Ignorance","Morality"
"R_Rnu08pOTKxysKuB","MIG",3,7,"Ignorance","Morality"
"R_2f7MQdI5iBtcB9w","MIG",5,7,"Ignorance","Morality"
"R_vBHaqEYiAqPtc4h","MIG",4,7,"Ignorance","Morality"
"R_Bu2A2UkV2ZLtSsV","MIG",2,7,"Ignorance","Morality"
"R_x4xoV6nF3QCtxap","MIG",6,7,"Ignorance","Morality"
"R_22rUrA7fkcJMDbc","MIG",6,7,"Ignorance","Morality"
"R_0IctgkJeDpDb6CZ","MIG",6,7,"Ignorance","Morality"
"R_2tmKa6wTy5rh9TE","MIG",6,7,"Ignorance","Morality"
"R_1IAVWfOlFBp3QXh","MIG",7,8,"Ignorance","Morality"
"R_3fDjTE7T5pN9aug","MIG",2,8,"Ignorance","Morality"
"R_2CkQ0ob8u9qQdbp","MIG",5,8,"Ignorance","Morality"
"R_brt25WJDSLmP4SR","MIG",7,8,"Ignorance","Morality"
"R_1dtenbywNXsLq2q","MIG",6,8,"Ignorance","Morality"
"R_1mVDg9lWRZcjmTf","MIG",6,8,"Ignorance","Morality"
"R_1Ns8HmDussRwtSo","MIG",5,8,"Ignorance","Morality"
"R_AaMoRGWEEUPFpF7","MIG",3,8,"Ignorance","Morality"
"R_3RvWpZ24vTDWZZ4","MIG",4,8,"Ignorance","Morality"
"R_sHbY8vn2k7SeOL7","MIG",5,8,"Ignorance","Morality"
"R_2Et1kMITcvLp297","MIG",6,8,"Ignorance","Morality"
"R_3plRP7X6UFKeqEg","MIG",5,8,"Ignorance","Morality"
"R_1FlfNKqBrmZpcIx","MIG",5,8,"Ignorance","Morality"
"R_1mypbqrm71pNcZZ","MIG",5,8,"Ignorance","Morality"
"R_1JOqMd3qorCE5QJ","MIG",1,8,"Ignorance","Morality"
"R_2qDxnWfJw3JCu9Y","MIG",6,8,"Ignorance","Morality"
"R_1DCF4Z6WagGl5Ma","MIG",5,8,"Ignorance","Morality"
"R_3EYd158W945bTmc","MIG",4,8,"Ignorance","Morality"
"R_sw0bNQoLwQRd4KB","MIG",4,8,"Ignorance","Morality"
"R_26f2NZAzbV11sGE","MIG",4,8,"Ignorance","Morality"
"R_1ogW3e83CTgq3SW","MIG",2,8,"Ignorance","Morality"
"R_2e4OotA3LjZQxoB","MIG",4,8,"Ignorance","Morality"
"R_2AHGXyli8BKF3Jz","MIG",6,8,"Ignorance","Morality"
"R_2tmKa6wTy5rh9TE","MIG",4,8,"Ignorance","Morality"
"R_2QlmY1N9RXjeWBU","MIG",6,8,"Ignorance","Morality"
"R_2XoGV7CT3IUHHOj","MIG",7,9,"Ignorance","Morality"
"R_3fDjTE7T5pN9aug","MIG",3,9,"Ignorance","Morality"
"R_OwhlmYRlV9VQhqx","MIG",6,9,"Ignorance","Morality"
"R_brt25WJDSLmP4SR","MIG",5,9,"Ignorance","Morality"
"R_sh9wf7QQRKr8nRv","MIG",3,9,"Ignorance","Morality"
"R_3r3fFxo62III3Hu","MIG",4,9,"Ignorance","Morality"
"R_bPkHhXaCo8ctVXX","MIG",7,9,"Ignorance","Morality"
"R_29gAP6TzTSJ4hH6","MIG",4,9,"Ignorance","Morality"
"R_3fituQFYKcsCOr2","MIG",5,9,"Ignorance","Morality"
"R_2QEEJiKHLgUsppu","MIG",6,9,"Ignorance","Morality"
"R_0AKdfAcBiQjGJ8Z","MIG",6,9,"Ignorance","Morality"
"R_3enqefdPNHBq6Oq","MIG",1,9,"Ignorance","Morality"
"R_3oN55R5Fwzb0Qgp","MIG",7,9,"Ignorance","Morality"
"R_1FxshkwMF8wnCjp","MIG",5,9,"Ignorance","Morality"
"R_3lLAnX4ax8VJEet","MIG",1,9,"Ignorance","Morality"
"R_2vZerVrZAtgXYvE","MIG",4,9,"Ignorance","Morality"
"R_XvoNHSUGZEwCyzL","MIG",6,9,"Ignorance","Morality"
"R_8eMrBPghJOeO6m5","MIG",6,9,"Ignorance","Morality"
"R_sw0bNQoLwQRd4KB","MIG",7,9,"Ignorance","Morality"
"R_2ZVQJVSUOKONpfP","MIG",5,9,"Ignorance","Morality"
"R_26f2NZAzbV11sGE","MIG",4,9,"Ignorance","Morality"
"R_22rUrA7fkcJMDbc","MIG",6,9,"Ignorance","Morality"
"R_2AHGXyli8BKF3Jz","MIG",6,9,"Ignorance","Morality"
"R_2CCI8TwLfkxoF52","MIG",5,9,"Ignorance","Morality"
"R_6MAnqfBGwnaqGvD","MIG",7,9,"Ignorance","Morality"
"R_1IAVWfOlFBp3QXh","MIG",2,10,"Ignorance","Morality"
"R_1o1IAefWddFeCuL","MIG",5,10,"Ignorance","Morality"
"R_2xV1miydNY7rKn4","MIG",6,10,"Ignorance","Morality"
"R_2th4RMS27Vb5iWt","MIG",3,10,"Ignorance","Morality"
"R_1mVDg9lWRZcjmTf","MIG",1,10,"Ignorance","Morality"
"R_3r3fFxo62III3Hu","MIG",3,10,"Ignorance","Morality"
"R_bPkHhXaCo8ctVXX","MIG",1,10,"Ignorance","Morality"
"R_b87PB6XDAofdL21","MIG",2,10,"Ignorance","Morality"
"R_2ZZvCmIARcATxzO","MIG",2,10,"Ignorance","Morality"
"R_sHbY8vn2k7SeOL7","MIG",1,10,"Ignorance","Morality"
"R_3fKif9mVEDe7Opz","MIG",3,10,"Ignorance","Morality"
"R_1ohBPcgP7w17Nzi","MIG",3,10,"Ignorance","Morality"
"R_1mypbqrm71pNcZZ","MIG",3,10,"Ignorance","Morality"
"R_22ugpf0OLzkj8AR","MIG",3,10,"Ignorance","Morality"
"R_6iosnhmKDSvIj5L","MIG",4,10,"Ignorance","Morality"
"R_r8XQl9jmC7ynhJf","MIG",4,10,"Ignorance","Morality"
"R_cP8QojZwsgjAHDj","MIG",4,10,"Ignorance","Morality"
"R_3EYd158W945bTmc","MIG",4,10,"Ignorance","Morality"
"R_2f7MQdI5iBtcB9w","MIG",4,10,"Ignorance","Morality"
"R_vBHaqEYiAqPtc4h","MIG",5,10,"Ignorance","Morality"
"R_3gNkGEagZdDtbeI","MIG",3,10,"Ignorance","Morality"
"R_245wkgfvsrZ71pq","MIG",2,10,"Ignorance","Morality"
"R_2czmJrXebJSyBIv","MIG",1,10,"Ignorance","Morality"
"R_2CCI8TwLfkxoF52","MIG",6,10,"Ignorance","Morality"
"R_3hlsIzcwHbfktDc","MIG",1,10,"Ignorance","Morality"
"R_3NU8KCvDdcMI3m7","MIG",5,11,"Ignorance","Morality"
"R_3fDjTE7T5pN9aug","MIG",2,11,"Ignorance","Morality"
"R_2CkQ0ob8u9qQdbp","MIG",4,11,"Ignorance","Morality"
"R_9mcDXmedknnBbln","MIG",6,11,"Ignorance","Morality"
"R_1dtenbywNXsLq2q","MIG",7,11,"Ignorance","Morality"
"R_3iqXErxV0xnxTj0","MIG",5,11,"Ignorance","Morality"
"R_AaMoRGWEEUPFpF7","MIG",4,11,"Ignorance","Morality"
"R_29gAP6TzTSJ4hH6","MIG",4,11,"Ignorance","Morality"
"R_3iwNEAiFGhmWf9X","MIG",1,11,"Ignorance","Morality"
"R_3JwpiBeS7V3m1H3","MIG",4,11,"Ignorance","Morality"
"R_2Et1kMITcvLp297","MIG",6,11,"Ignorance","Morality"
"R_3enqefdPNHBq6Oq","MIG",7,11,"Ignorance","Morality"
"R_3NWm5WAJH4uINEU","MIG",5,11,"Ignorance","Morality"
"R_22ugpf0OLzkj8AR","MIG",5,11,"Ignorance","Morality"
"R_6iosnhmKDSvIj5L","MIG",6,11,"Ignorance","Morality"
"R_2vZerVrZAtgXYvE","MIG",7,11,"Ignorance","Morality"
"R_2WZGuhVuxbtSDr0","MIG",3,11,"Ignorance","Morality"
"R_3EYd158W945bTmc","MIG",4,11,"Ignorance","Morality"
"R_5AA7AMUGQMRGOqJ","MIG",1,11,"Ignorance","Morality"
"R_vBHaqEYiAqPtc4h","MIG",5,11,"Ignorance","Morality"
"R_26f2NZAzbV11sGE","MIG",5,11,"Ignorance","Morality"
"R_2e4OotA3LjZQxoB","MIG",5,11,"Ignorance","Morality"
"R_2AHGXyli8BKF3Jz","MIG",6,11,"Ignorance","Morality"
"R_2CCI8TwLfkxoF52","MIG",6,11,"Ignorance","Morality"
"R_2QlmY1N9RXjeWBU","MIG",6,11,"Ignorance","Morality"
"R_3NU8KCvDdcMI3m7","MIG",5,12,"Ignorance","Morality"
"R_3fDjTE7T5pN9aug","MIG",5,12,"Ignorance","Morality"
"R_OwhlmYRlV9VQhqx","MIG",5,12,"Ignorance","Morality"
"R_2th4RMS27Vb5iWt","MIG",6,12,"Ignorance","Morality"
"R_OKk63kVutbY3HRT","MIG",7,12,"Ignorance","Morality"
"R_1mVDg9lWRZcjmTf","MIG",5,12,"Ignorance","Morality"
"R_bPkHhXaCo8ctVXX","MIG",5,12,"Ignorance","Morality"
"R_AaMoRGWEEUPFpF7","MIG",3,12,"Ignorance","Morality"
"R_3RvWpZ24vTDWZZ4","MIG",3,12,"Ignorance","Morality"
"R_3iwNEAiFGhmWf9X","MIG",1,12,"Ignorance","Morality"
"R_ezYd6g0DGP96G6B","MIG",5,12,"Ignorance","Morality"
"R_ePqTGsc0VfES1Wl","MIG",5,12,"Ignorance","Morality"
"R_38WciBbZoqGPKGF","MIG",2,12,"Ignorance","Morality"
"R_1FxshkwMF8wnCjp","MIG",6,12,"Ignorance","Morality"
"R_w5daplb7MxERGKZ","MIG",4,12,"Ignorance","Morality"
"R_3JCd7tTqGGvJlTr","MIG",7,12,"Ignorance","Morality"
"R_cP8QojZwsgjAHDj","MIG",6,12,"Ignorance","Morality"
"R_6M4JUtg6wJN7Ba9","MIG",4,12,"Ignorance","Morality"
"R_2f7MQdI5iBtcB9w","MIG",5,12,"Ignorance","Morality"
"R_2ZVQJVSUOKONpfP","MIG",5,12,"Ignorance","Morality"
"R_1ogW3e83CTgq3SW","MIG",6,12,"Ignorance","Morality"
"R_x4xoV6nF3QCtxap","MIG",5,12,"Ignorance","Morality"
"R_22rUrA7fkcJMDbc","MIG",2,12,"Ignorance","Morality"
"R_0IctgkJeDpDb6CZ","MIG",6,12,"Ignorance","Morality"
"R_1LoqMhkJsj2GnTs","MIG",5,12,"Ignorance","Morality"
"R_wUlh2BECb90xNRf","MIG",4,12,"Ignorance","Morality"
"R_1IAVWfOlFBp3QXh","MIG",2,13,"Ignorance","Morality"
"R_3fDjTE7T5pN9aug","MIG",2,13,"Ignorance","Morality"
"R_CfVltpcPPyEnl0B","MIG",5,13,"Ignorance","Morality"
"R_brt25WJDSLmP4SR","MIG",7,13,"Ignorance","Morality"
"R_1dtenbywNXsLq2q","MIG",7,13,"Ignorance","Morality"
"R_1mVDg9lWRZcjmTf","MIG",6,13,"Ignorance","Morality"
"R_2uNzWsbV1lQoauO","MIG",7,13,"Ignorance","Morality"
"R_28O1YpzLLGbVGR2","MIG",4,13,"Ignorance","Morality"
"R_2ZZvCmIARcATxzO","MIG",5,13,"Ignorance","Morality"
"R_3fituQFYKcsCOr2","MIG",6,13,"Ignorance","Morality"
"R_1ohBPcgP7w17Nzi","MIG",5,13,"Ignorance","Morality"
"R_2Et1kMITcvLp297","MIG",6,13,"Ignorance","Morality"
"R_3NWm5WAJH4uINEU","MIG",7,13,"Ignorance","Morality"
"R_1FlfNKqBrmZpcIx","MIG",3,13,"Ignorance","Morality"
"R_6iosnhmKDSvIj5L","MIG",6,13,"Ignorance","Morality"
"R_2qDxnWfJw3JCu9Y","MIG",6,13,"Ignorance","Morality"
"R_2vZerVrZAtgXYvE","MIG",6,13,"Ignorance","Morality"
"R_2WZGuhVuxbtSDr0","MIG",6,13,"Ignorance","Morality"
"R_6M4JUtg6wJN7Ba9","MIG",6,13,"Ignorance","Morality"
"R_2ZVQJVSUOKONpfP","MIG",5,13,"Ignorance","Morality"
"R_1ogW3e83CTgq3SW","MIG",4,13,"Ignorance","Morality"
"R_x4xoV6nF3QCtxap","MIG",6,13,"Ignorance","Morality"
"R_245wkgfvsrZ71pq","MIG",7,13,"Ignorance","Morality"
"R_3ET3S215m8fGkxn","MIG",5,13,"Ignorance","Morality"
"R_6MAnqfBGwnaqGvD","MIG",6,13,"Ignorance","Morality"
"R_1IAVWfOlFBp3QXh","MIG",4,14,"Ignorance","Morality"
"R_3fDjTE7T5pN9aug","MIG",3,14,"Ignorance","Morality"
"R_2xV1miydNY7rKn4","MIG",3,14,"Ignorance","Morality"
"R_brt25WJDSLmP4SR","MIG",3,14,"Ignorance","Morality"
"R_9mcDXmedknnBbln","MIG",5,14,"Ignorance","Morality"
"R_1dtenbywNXsLq2q","MIG",7,14,"Ignorance","Morality"
"R_1Ns8HmDussRwtSo","MIG",7,14,"Ignorance","Morality"
"R_28O1YpzLLGbVGR2","MIG",7,14,"Ignorance","Morality"
"R_3RvWpZ24vTDWZZ4","MIG",6,14,"Ignorance","Morality"
"R_2QEEJiKHLgUsppu","MIG",3,14,"Ignorance","Morality"
"R_1ohBPcgP7w17Nzi","MIG",5,14,"Ignorance","Morality"
"R_ePqTGsc0VfES1Wl","MIG",5,14,"Ignorance","Morality"
"R_3oN55R5Fwzb0Qgp","MIG",7,14,"Ignorance","Morality"
"R_22ugpf0OLzkj8AR","MIG",3,14,"Ignorance","Morality"
"R_3lLAnX4ax8VJEet","MIG",5,14,"Ignorance","Morality"
"R_2qDxnWfJw3JCu9Y","MIG",6,14,"Ignorance","Morality"
"R_2WZGuhVuxbtSDr0","MIG",7,14,"Ignorance","Morality"
"R_8eMrBPghJOeO6m5","MIG",5,14,"Ignorance","Morality"
"R_6M4JUtg6wJN7Ba9","MIG",3,14,"Ignorance","Morality"
"R_26f2NZAzbV11sGE","MIG",5,14,"Ignorance","Morality"
"R_3gNkGEagZdDtbeI","MIG",6,14,"Ignorance","Morality"
"R_2e4OotA3LjZQxoB","MIG",5,14,"Ignorance","Morality"
"R_245wkgfvsrZ71pq","MIG",6,14,"Ignorance","Morality"
"R_3ET3S215m8fGkxn","MIG",4,14,"Ignorance","Morality"
"R_2tmKa6wTy5rh9TE","MIG",4,14,"Ignorance","Morality"
"R_wUlh2BECb90xNRf","MIG",4,14,"Ignorance","Morality"
"R_3J4XYKn5XSdemXn","MIG",5,16,"Ignorance","Morality"
"R_QbL9cxzbCfI9C0h","MIG",6,16,"Ignorance","Morality"
"R_2CkQ0ob8u9qQdbp","MIG",3,16,"Ignorance","Morality"
"R_2th4RMS27Vb5iWt","MIG",3,16,"Ignorance","Morality"
"R_OKk63kVutbY3HRT","MIG",3,16,"Ignorance","Morality"
"R_3iqXErxV0xnxTj0","MIG",3,16,"Ignorance","Morality"
"R_bPkHhXaCo8ctVXX","MIG",2,16,"Ignorance","Morality"
"R_3qybpbdBZeK6VUq","MIG",6,16,"Ignorance","Morality"
"R_56dMysz9SKnkMLf","MIG",1,16,"Ignorance","Morality"
"R_2QEEJiKHLgUsppu","MIG",3,16,"Ignorance","Morality"
"R_2Et1kMITcvLp297","MIG",5,16,"Ignorance","Morality"
"R_3plRP7X6UFKeqEg","MIG",4,16,"Ignorance","Morality"
"R_3NWm5WAJH4uINEU","MIG",6,16,"Ignorance","Morality"
"R_1FxshkwMF8wnCjp","MIG",5,16,"Ignorance","Morality"
"R_3lLAnX4ax8VJEet","MIG",1,16,"Ignorance","Morality"
"R_3JCd7tTqGGvJlTr","MIG",3,16,"Ignorance","Morality"
"R_cP8QojZwsgjAHDj","MIG",3,16,"Ignorance","Morality"
"R_8eMrBPghJOeO6m5","MIG",5,16,"Ignorance","Morality"
"R_sw0bNQoLwQRd4KB","MIG",7,16,"Ignorance","Morality"
"R_vSJZic0BJrLuydP","MIG",4,16,"Ignorance","Morality"
"R_Bu2A2UkV2ZLtSsV","MIG",1,16,"Ignorance","Morality"
"R_x4xoV6nF3QCtxap","MIG",3,16,"Ignorance","Morality"
"R_71dWUcO7gNp0eJP","MIG",4,16,"Ignorance","Morality"
"R_1LoqMhkJsj2GnTs","MIG",5,16,"Ignorance","Morality"
"R_2tmKa6wTy5rh9TE","MIG",4,16,"Ignorance","Morality"
