StartDate,EndDate,Status,IPAddress,Progress,Duration (in seconds),Finished,RecordedDate,ResponseId,RecipientLastName,RecipientFirstName,RecipientEmail,ExternalReference,LocationLatitude,LocationLongitude,DistributionChannel,UserLanguage,caus1-RKB,caus1-RIB,caus1-MKB,caus1-MIB,caus1-RKG,caus1-RIG,caus1-MKG,caus1-MIG,caus2-RKB,caus2-RIB,caus2-MKB,caus2-MIB,caus2-RKG,caus2-RIG,caus2-MKG,caus2-MIG,caus3-RKB,caus3-RIB,caus3-MKB,caus3-MIB,caus3-RKG,caus3-RIG,caus3-MKG,caus3-MIG,caus4-RKB,caus4-RIB,caus4-MKB,caus4-MIB,caus4-RKG,caus4-RIG,caus4-MKG,caus4-MIG,caus5-RKB,caus5-RIB,caus5-MKB,caus5-MIB,caus5-RKG,caus5-RIG,caus5-MKG,caus5-MIG,caus6-RKB,caus6-RIB,caus6-MKB,caus6-MIB,caus6-RKG,caus6-RIG,caus6-MKG,caus6-MIG,caus7-RKB,caus7-RIB,caus7-MKB,caus7-MIG,caus7-RKG,caus7-RIG,caus7-MKG,caus7-MIG,caus8-RKB,caus8-RIB,caus8-MKB,caus8-MIB,caus8-RKG,caus8-RIG,caus8-MKG,caus8-MIG,caus9-RKB,caus9-RIB,caus9-MKB,caus9-MIB,caus9-RKG,caus9-RIG,caus9-MKG,caus9-MIG,caus10-RKB,caus10-RIB,caus10-MKB,caus10-MIB,caus10-RKG,caus10-RIG,caus10-MKG,caus10-MIG,caus11-RKB,caus11-RIB,caus11-MKB,caus11-MIB,caus11-RKG,caus11-RIG,caus11-MKG,caus11-MIG,caus12-RKB,caus12-RIB,caus12-MKB,caus12-MIB,caus12-RKG,caus12-RIG,caus12-MKG,caus12-MIG,caus13-RKB,caus13-RIB,caus13-MKB,caus13-MIB,caus13-RKG,caus13-RIG,caus13-MKG,caus13-MIG,caus14-RKB,caus14-RIB,caus14-MKB,caus14-MIB,caus14-RKG,caus14-RIG,caus14-MKG,caus14-MIG,caus15-RKB,caus15-RIB,caus15-MKB,caus15-MIB,caus15-RKG,caus15-RIG,caus15-MKG,caus15-MIG,caus16-RKB,caus16-RIB,caus16-MKB,caus16-MIB,caus16-RKG,caus16-RIG,caus16-MKG,caus16-MIG,demo,age,gender,ethn,edu,ses
Start Date,End Date,Response Type,IP Address,Progress,Duration (in seconds),Finished,Recorded Date,Response ID,Recipient Last Name,Recipient First Name,Recipient Email,External Data Reference,Location Latitude,Location Longitude,Distribution Channel,User Language,"Please tell us whether you agree or disagree with the following statement: 
The owner of the construction company caused the entire building to smell of kiwis.","Please tell us whether you agree or disagree with the following statement: 
The owner of the construction company caused the entire building to smell of kiwis.","Please tell us whether you agree or disagree with the following statement: 
The owner of the construction company caused the entire building to smell of kiwis.","Please tell us whether you agree or disagree with the following statement: 
The owner of the construction company caused the entire building to smell of kiwis.","Please tell us whether you agree or disagree with the following statement: 
The owner of the construction company caused the entire building to smell of new plastic.","Please tell us whether you agree or disagree with the following statement: 
The owner of the construction company caused the entire building to smell of new plastic.","Please tell us whether you agree or disagree with the following statement: 
The owner of the construction company caused the entire building to smell of new plastic.","Please tell us whether you agree or disagree with the following statement: 
The owner of the construction company caused the entire building to smell of new plastic.","Please tell us whether you agree or disagree with the following statement: 

 
Travis caused the wooden floor at the tournament to turn bright green.","Please tell us whether you agree or disagree with the following statement: 

 
Travis caused the wooden floor at the tournament to turn bright green.","Please tell us whether you agree or disagree with the following statement: 

 
Travis caused the wooden floor at the tournament to turn bright green.","Please tell us whether you agree or disagree with the following statement: 

 
Travis caused the wooden floor at the tournament to turn bright green.","Please tell us whether you agree or disagree with the following statement: 

 
Travis caused the wooden floor at the tournament to turn slightly darker.","Please tell us whether you agree or disagree with the following statement: 

 
Travis caused the wooden floor at the tournament to turn slightly darker.","Please tell us whether you agree or disagree with the following statement: 

 
Travis caused the wooden floor at the tournament to turn slightly darker.","Please tell us whether you agree or disagree with the following statement: 

 
Travis caused the wooden floor at the tournament to turn slightly darker.","Please tell us whether you agree or disagree with the following statement: 

 
Jonas caused the tiny harmless red bugs to be attached to the wall.","Please tell us whether you agree or disagree with the following statement: 

 
Jonas caused the tiny harmless red bugs to be attached to the wall.","Please tell us whether you agree or disagree with the following statement: 

 
Jonas caused the tiny harmless red bugs to be attached to the wall.","Please tell us whether you agree or disagree with the following statement: 

 
Jonas caused the tiny harmless red bugs to be attached to the wall.","Please tell us whether you agree or disagree with the following statement: 

 
Jonas caused the tiny particles of dust to be attached to the wall.","Please tell us whether you agree or disagree with the following statement: 

 
Jonas caused the tiny particles of dust to be attached to the wall.","Please tell us whether you agree or disagree with the following statement: 

 
Jonas caused the tiny particles of dust to be attached to the wall.","Please tell us whether you agree or disagree with the following statement: 

 
Jonas caused the tiny particles of dust to be attached to the wall.","Please tell us whether you agree or disagree with the following statement: 

 
Alex caused the oven to sound as though snakes are slithering.","Please tell us whether you agree or disagree with the following statement: 

 
Alex caused the oven to sound as though snakes are slithering.","Please tell us whether you agree or disagree with the following statement: 

 
Alex caused the oven to sound as though snakes are slithering.","Please tell us whether you agree or disagree with the following statement: 

 
Alex caused the oven to sound as though snakes are slithering.","Please tell us whether you agree or disagree with the following statement: 

 
Alex caused the oven to sound as though a fire is igniting.","Please tell us whether you agree or disagree with the following statement: 

 
Alex caused the oven to sound as though a fire is igniting.","Please tell us whether you agree or disagree with the following statement: 

 
Alex caused the oven to sound as though a fire is igniting.","Please tell us whether you agree or disagree with the following statement: 

 
Alex caused the oven to sound as though a fire is igniting.","Please tell us whether you agree or disagree with the following statement: 

 
Farmer Brown caused the apples to grow specifically in bunches of seven.","Please tell us whether you agree or disagree with the following statement: 

 
Farmer Brown caused the apples to grow specifically in bunches of seven.","Please tell us whether you agree or disagree with the following statement: 

 
Farmer Brown caused the apples to grow specifically in bunches of seven.","Please tell us whether you agree or disagree with the following statement: 

 
Farmer Brown caused the apples to grow specifically in bunches of seven.","Please tell us whether you agree or disagree with the following statement: 

 
Farmer Brown caused the apples to grow slightly more spread out.","Please tell us whether you agree or disagree with the following statement: 

 
Farmer Brown caused the apples to grow slightly more spread out.","Please tell us whether you agree or disagree with the following statement: 

 
Farmer Brown caused the apples to grow slightly more spread out.","Please tell us whether you agree or disagree with the following statement: 

 
Farmer Brown caused the apples to grow slightly more spread out.","Please tell us whether you agree or disagree with the following statement: 

 
Harry caused the default font to change to italicized Architects Daughter.","Please tell us whether you agree or disagree with the following statement: 

 
Harry caused the default font to change to italicized Architects Daughter.","Please tell us whether you agree or disagree with the following statement: 

 
Harry caused the default font to change to italicized Architects Daughter.","Please tell us whether you agree or disagree with the following statement: 

 
Harry caused the default font to change to italicized Architects Daughter.","Please tell us whether you agree or disagree with the following statement: 

 
Harry caused the default font to change to standard Times New Roman.","Please tell us whether you agree or disagree with the following statement: 

 
Harry caused the default font to change to standard Times New Roman.","Please tell us whether you agree or disagree with the following statement: 

 
Harry caused the default font to change to standard Times New Roman.","Please tell us whether you agree or disagree with the following statement: 

 
Harry caused the default font to change to standard Times New Roman.","Please tell us whether you agree or disagree with the following statement: 

 
Jim caused his assistant to frequently drink extremely salty beverages.","Please tell us whether you agree or disagree with the following statement: 

 
Jim caused his assistant to frequently drink extremely salty beverages.","Please tell us whether you agree or disagree with the following statement: 

 
Jim caused his assistant to frequently drink extremely salty beverages.","Please tell us whether you agree or disagree with the following statement: 

 
Jim caused his assistant to frequently drink extremely salty beverages.","Please tell us whether you agree or disagree with the following statement: 

 
Jim caused his assistant to frequently drink water.","Please tell us whether you agree or disagree with the following statement: 

 
Jim caused his assistant to frequently drink water.","Please tell us whether you agree or disagree with the following statement: 

 
Jim caused his assistant to frequently drink water.","Please tell us whether you agree or disagree with the following statement: 

 
Jim caused his assistant to frequently drink water.","Please tell us whether you agree or disagree with the following statement: 

 
Henry caused the rare strain of pink algae to bloom in the water.","Please tell us whether you agree or disagree with the following statement: 

 
Henry caused the rare strain of pink algae to bloom in the water.","Please tell us whether you agree or disagree with the following statement: 

 
Henry caused the rare strain of pink algae to bloom in the water.","Please tell us whether you agree or disagree with the following statement: 

 
Henry caused the rare strain of pink algae to bloom in the water.","Please tell us whether you agree or disagree with the following statement: 

 
Henry caused the common strain of green algae to bloom in the water.","Please tell us whether you agree or disagree with the following statement: 

 
Henry caused the common strain of green algae to bloom in the water.","Please tell us whether you agree or disagree with the following statement: 

 
Henry caused the common strain of green algae to bloom in the water.","Please tell us whether you agree or disagree with the following statement: 

 
Henry caused the common strain of green algae to bloom in the water.","Please tell us whether you agree or disagree with the following statement: 

 
The head of the dental health board caused the water to taste more like almond milk.","Please tell us whether you agree or disagree with the following statement: 

 
The head of the dental health board caused the water to taste more like almond milk.","Please tell us whether you agree or disagree with the following statement: 

 
The head of the dental health board caused the water to taste more like almond milk.","Please tell us whether you agree or disagree with the following statement: 

 
The head of the dental health board caused the water to taste more like almond milk.","Please tell us whether you agree or disagree with the following statement: 

 
The head of the dental health board caused the water to taste more like Russian spring water.","Please tell us whether you agree or disagree with the following statement: 

 
The head of the dental health board caused the water to taste more like Russian spring water.","Please tell us whether you agree or disagree with the following statement: 

 
The head of the dental health board caused the water to taste more like Russian spring water.","Please tell us whether you agree or disagree with the following statement: 

 
The head of the dental health board caused the water to taste more like Russian spring water.","Please tell us whether you agree or disagree with the following statement: 

 
Trent caused the pipes to emit sounds that were exactly like a somber whale song.","Please tell us whether you agree or disagree with the following statement: 

 
Trent caused the pipes to emit sounds that were exactly like a somber whale song.","Please tell us whether you agree or disagree with the following statement: 

 
Trent caused the pipes to emit sounds that were exactly like a somber whale song.","Please tell us whether you agree or disagree with the following statement: 

 
Trent caused the pipes to emit sounds that were exactly like a somber whale song.","Please tell us whether you agree or disagree with the following statement: 

 
Trent caused the pipes to emit sounds that were exactly like a stream gurgling.","Please tell us whether you agree or disagree with the following statement: 

 
Trent caused the pipes to emit sounds that were exactly like a stream gurgling.","Please tell us whether you agree or disagree with the following statement: 

 
Trent caused the pipes to emit sounds that were exactly like a stream gurgling.","Please tell us whether you agree or disagree with the following statement: 

 
Trent caused the pipes to emit sounds that were exactly like a stream gurgling.","Please tell us whether you agree or disagree with the following statement: 

 
Chris caused the roads to become an electric pink.","Please tell us whether you agree or disagree with the following statement: 

 
Chris caused the roads to become an electric pink.","Please tell us whether you agree or disagree with the following statement: 

 
Chris caused the roads to become an electric pink.","Please tell us whether you agree or disagree with the following statement: 

 
Chris caused the roads to become an electric pink.","Please tell us whether you agree or disagree with the following statement: 

 
Chris caused the roads to become a slightly darker black.","Please tell us whether you agree or disagree with the following statement: 

 
Chris caused the roads to become a slightly darker black.","Please tell us whether you agree or disagree with the following statement: 

 
Chris caused the roads to become a slightly darker black.","Please tell us whether you agree or disagree with the following statement: 

 
Chris caused the roads to become a slightly darker black.","Please tell us whether you agree or disagree with the following statement: 

 
The geologist caused the stream to form the shape of a perfect five-pointed star.","Please tell us whether you agree or disagree with the following statement: 

 
The geologist caused the stream to form the shape of a perfect five-pointed star.","Please tell us whether you agree or disagree with the following statement: 

 
The geologist caused the stream to form the shape of a perfect five-pointed star.","Please tell us whether you agree or disagree with the following statement: 

 
The geologist caused the stream to form the shape of a perfect five-pointed star.","Please tell us whether you agree or disagree with the following statement: 

 
The geologist caused the stream to form the shape of an ordinary snake.","Please tell us whether you agree or disagree with the following statement: 

 
The geologist caused the stream to form the shape of an ordinary snake.","Please tell us whether you agree or disagree with the following statement: 

 
The geologist caused the stream to form the shape of an ordinary snake.","Please tell us whether you agree or disagree with the following statement: 

 
The geologist caused the stream to form the shape of an ordinary snake.","Please tell us whether you agree or disagree with the following statement: 

 
The farmer caused the soil to erode and reveal the top of an ancient Mayan city.","Please tell us whether you agree or disagree with the following statement: 

 
The farmer caused the soil to erode and reveal the top of an ancient Mayan city.","Please tell us whether you agree or disagree with the following statement: 

 
The farmer caused the soil to erode and reveal the top of an ancient Mayan city.","Please tell us whether you agree or disagree with the following statement: 

 
The farmer caused the soil to erode and reveal the top of an ancient Mayan city.","Please tell us whether you agree or disagree with the following statement: 

 
The farmer caused the soil to erode and reveal the top of common rocks.","Please tell us whether you agree or disagree with the following statement: 

 
The farmer caused the soil to erode and reveal the top of common rocks.","Please tell us whether you agree or disagree with the following statement: 

 
The farmer caused the soil to erode and reveal the top of common rocks.","Please tell us whether you agree or disagree with the following statement: 

 
The farmer caused the soil to erode and reveal the top of common rocks.","Please tell us whether you agree or disagree with the following statement: 

 
Meredith caused the brownies to end up with a flavor that is almost exactly the same as crispy bacon.","Please tell us whether you agree or disagree with the following statement: 

 
Meredith caused the brownies to end up with a flavor that is almost exactly the same as crispy bacon.","Please tell us whether you agree or disagree with the following statement: 

 
Meredith caused the brownies to end up with a flavor that is almost exactly the same as crispy bacon.","Please tell us whether you agree or disagree with the following statement: 

 
Meredith caused the brownies to end up with a flavor that is almost exactly the same as crispy bacon.","Please tell us whether you agree or disagree with the following statement: 

 
Meredith caused the brownies to end up with a flavor that is almost exactly the same as vanilla.","Please tell us whether you agree or disagree with the following statement: 

 
Meredith caused the brownies to end up with a flavor that is almost exactly the same as vanilla.","Please tell us whether you agree or disagree with the following statement: 

 
Meredith caused the brownies to end up with a flavor that is almost exactly the same as vanilla.","Please tell us whether you agree or disagree with the following statement: 

 
Meredith caused the brownies to end up with a flavor that is almost exactly the same as vanilla.","Please tell us whether you agree or disagree with the following statement: 

 
Marilyn caused the clothing of the workers to glow exactly as if they were under a blacklight.","Please tell us whether you agree or disagree with the following statement: 

 
Marilyn caused the clothing of the workers to glow exactly as if they were under a blacklight.","Please tell us whether you agree or disagree with the following statement: 

 
Marilyn caused the clothing of the workers to glow exactly as if they were under a blacklight.","Please tell us whether you agree or disagree with the following statement: 

 
Marilyn caused the clothing of the workers to glow exactly as if they were under a blacklight.","Please tell us whether you agree or disagree with the following statement: 

 
Marilyn caused the clothing of the workers to look slightly darker exactly as if they were outside on a cloudy day.","Please tell us whether you agree or disagree with the following statement: 

 
Marilyn caused the clothing of the workers to look slightly darker exactly as if they were outside on a cloudy day.","Please tell us whether you agree or disagree with the following statement: 

 
Marilyn caused the clothing of the workers to look slightly darker exactly as if they were outside on a cloudy day.","Please tell us whether you agree or disagree with the following statement: 

 
Marilyn caused the clothing of the workers to look slightly darker exactly as if they were outside on a cloudy day.","Please tell us whether you agree or disagree with the following statement: 

 
Mitchell caused the pizza restaurant to begin making mostly just anchovy, pineapple, and jalapeno pepper pizza.","Please tell us whether you agree or disagree with the following statement: 

 
Mitchell caused the pizza restaurant to begin making mostly just anchovy, pineapple, and jalapeno pepper pizza.","Please tell us whether you agree or disagree with the following statement: 

 
Mitchell caused the pizza restaurant to begin making mostly just anchovy, pineapple, and jalapeno pepper pizza.","Please tell us whether you agree or disagree with the following statement: 

 
Mitchell caused the pizza restaurant to begin making mostly just anchovy, pineapple, and jalapeno pepper pizza.","Please tell us whether you agree or disagree with the following statement: 

 
Mitchell caused the pizza restaurant to begin making mostly just cheese and pepperoni pizza.","Please tell us whether you agree or disagree with the following statement: 

 
Mitchell caused the pizza restaurant to begin making mostly just cheese and pepperoni pizza.","Please tell us whether you agree or disagree with the following statement: 

 
Mitchell caused the pizza restaurant to begin making mostly just cheese and pepperoni pizza.","Please tell us whether you agree or disagree with the following statement: 

 
Mitchell caused the pizza restaurant to begin making mostly just cheese and pepperoni pizza.","In this part of the experiment, we'd like you to answer a series of background questions.

	 
(Your answers to these questions are very helpful, and are for research purposes only. Remember that your responses are entirely anonymous. If you feel uncomfortable with a question in this section, you can leave the question blank.)",What is your age?,What is your gender?,What is your ethnicity?,Please indicate the highest level of education completed.,"Think of this ladder as representing where people stand in the United States. At the top of the ladder are the people who have the most money, most education, and most respected jobs. At the bottom are the people who have the least money, least education, and least respected jobs or no job. The higher up you are on this ladder, the closer you are to the people at the very top, and the lower you are, the closer you are to the people at the very bottom.






Where would you place yourself on this ladder? Please select the rung where you think you stand at this time in your life, relative to other people in the United States."
"{""ImportId"":""startDate"",""timeZone"":""America/Denver""}","{""ImportId"":""endDate"",""timeZone"":""America/Denver""}","{""ImportId"":""status""}","{""ImportId"":""ipAddress""}","{""ImportId"":""progress""}","{""ImportId"":""duration""}","{""ImportId"":""finished""}","{""ImportId"":""recordedDate"",""timeZone"":""America/Denver""}","{""ImportId"":""_recordId""}","{""ImportId"":""recipientLastName""}","{""ImportId"":""recipientFirstName""}","{""ImportId"":""recipientEmail""}","{""ImportId"":""externalDataReference""}","{""ImportId"":""locationLatitude""}","{""ImportId"":""locationLongitude""}","{""ImportId"":""distributionChannel""}","{""ImportId"":""userLanguage""}","{""ImportId"":""QID47""}","{""ImportId"":""QID49""}","{""ImportId"":""QID51""}","{""ImportId"":""QID53""}","{""ImportId"":""QID28""}","{""ImportId"":""QID48""}","{""ImportId"":""QID50""}","{""ImportId"":""QID52""}","{""ImportId"":""QID57""}","{""ImportId"":""QID61""}","{""ImportId"":""QID65""}","{""ImportId"":""QID69""}","{""ImportId"":""QID55""}","{""ImportId"":""QID59""}","{""ImportId"":""QID63""}","{""ImportId"":""QID67""}","{""ImportId"":""QID73""}","{""ImportId"":""QID77""}","{""ImportId"":""QID81""}","{""ImportId"":""QID85""}","{""ImportId"":""QID71""}","{""ImportId"":""QID75""}","{""ImportId"":""QID79""}","{""ImportId"":""QID83""}","{""ImportId"":""QID89""}","{""ImportId"":""QID93""}","{""ImportId"":""QID97""}","{""ImportId"":""QID101""}","{""ImportId"":""QID87""}","{""ImportId"":""QID91""}","{""ImportId"":""QID95""}","{""ImportId"":""QID99""}","{""ImportId"":""QID105""}","{""ImportId"":""QID109""}","{""ImportId"":""QID113""}","{""ImportId"":""QID117""}","{""ImportId"":""QID103""}","{""ImportId"":""QID107""}","{""ImportId"":""QID111""}","{""ImportId"":""QID115""}","{""ImportId"":""QID121""}","{""ImportId"":""QID125""}","{""ImportId"":""QID129""}","{""ImportId"":""QID133""}","{""ImportId"":""QID119""}","{""ImportId"":""QID123""}","{""ImportId"":""QID127""}","{""ImportId"":""QID131""}","{""ImportId"":""QID137""}","{""ImportId"":""QID141""}","{""ImportId"":""QID145""}","{""ImportId"":""QID149""}","{""ImportId"":""QID135""}","{""ImportId"":""QID139""}","{""ImportId"":""QID143""}","{""ImportId"":""QID147""}","{""ImportId"":""QID153""}","{""ImportId"":""QID157""}","{""ImportId"":""QID161""}","{""ImportId"":""QID165""}","{""ImportId"":""QID151""}","{""ImportId"":""QID155""}","{""ImportId"":""QID159""}","{""ImportId"":""QID163""}","{""ImportId"":""QID169""}","{""ImportId"":""QID173""}","{""ImportId"":""QID177""}","{""ImportId"":""QID181""}","{""ImportId"":""QID167""}","{""ImportId"":""QID171""}","{""ImportId"":""QID175""}","{""ImportId"":""QID179""}","{""ImportId"":""QID185""}","{""ImportId"":""QID189""}","{""ImportId"":""QID193""}","{""ImportId"":""QID197""}","{""ImportId"":""QID183""}","{""ImportId"":""QID187""}","{""ImportId"":""QID191""}","{""ImportId"":""QID195""}","{""ImportId"":""QID201""}","{""ImportId"":""QID205""}","{""ImportId"":""QID209""}","{""ImportId"":""QID213""}","{""ImportId"":""QID199""}","{""ImportId"":""QID203""}","{""ImportId"":""QID207""}","{""ImportId"":""QID211""}","{""ImportId"":""QID217""}","{""ImportId"":""QID221""}","{""ImportId"":""QID225""}","{""ImportId"":""QID229""}","{""ImportId"":""QID215""}","{""ImportId"":""QID219""}","{""ImportId"":""QID223""}","{""ImportId"":""QID227""}","{""ImportId"":""QID233""}","{""ImportId"":""QID237""}","{""ImportId"":""QID241""}","{""ImportId"":""QID245""}","{""ImportId"":""QID231""}","{""ImportId"":""QID235""}","{""ImportId"":""QID239""}","{""ImportId"":""QID243""}","{""ImportId"":""QID249""}","{""ImportId"":""QID253""}","{""ImportId"":""QID257""}","{""ImportId"":""QID261""}","{""ImportId"":""QID247""}","{""ImportId"":""QID251""}","{""ImportId"":""QID255""}","{""ImportId"":""QID259""}","{""ImportId"":""QID265""}","{""ImportId"":""QID269""}","{""ImportId"":""QID273""}","{""ImportId"":""QID277""}","{""ImportId"":""QID263""}","{""ImportId"":""QID267""}","{""ImportId"":""QID271""}","{""ImportId"":""QID275""}","{""ImportId"":""QID281""}","{""ImportId"":""QID285""}","{""ImportId"":""QID289""}","{""ImportId"":""QID293""}","{""ImportId"":""QID279""}","{""ImportId"":""QID283""}","{""ImportId"":""QID287""}","{""ImportId"":""QID291""}","{""ImportId"":""QID296""}","{""ImportId"":""QID297_TEXT""}","{""ImportId"":""QID298""}","{""ImportId"":""QID299""}","{""ImportId"":""QID300""}","{""ImportId"":""QID301""}"
2016-05-05 15:32:34,2016-05-05 15:34:32,0,104.230.6.186,100,117,1,2016-05-05 15:34:32,R_SNSaRsNd36GZBap,,,,,41.238800048828,-81.831497192383,anonymous,EN,,,,,4,,,,,,,5,,,,,,,,,3,,,,6,,,,,,,,,,,,3,,,,,,,,3,,,,,,3,,,,,,,,,,,6,,,,,3,,,,,,,,,,,,5,,,,,3,,,,,,,,,,,,3,5,,,,,,,,,,,6,,,,,,,,,,,5,,,,,,,5,,,,29,1,5,4,6
2016-05-05 15:31:27,2016-05-05 15:35:42,0,24.100.127.179,100,255,1,2016-05-05 15:35:43,R_3ix9OZp19n7z3ji,,,,,37.444396972656,-89.170501708984,anonymous,EN,4,,,,,,,,,3,,,,,,,,,,,,5,,,,,,,,,4,,,,,,,,,3,,,,6,,,,,,,4,,,,,,,,,,,2,,,,3,,,,,,,4,,,,,,,,7,,,,,,,,,4,,,,,,,4,,,,,,,,,,,,,,4,,4,,,,,,,,,5,,,,,,,,26,1,5,3,6
2016-05-05 15:34:48,2016-05-05 15:36:22,0,98.157.4.172,100,93,1,2016-05-05 15:36:22,R_2fBaz1njeTCwFDg,,,,,37.313705444336,-82.052200317383,anonymous,EN,,,5,,,,,,,,,,,5,,,,,,,,5,,,,,5,,,,,,,5,,,,,,,5,,,,,,,,,,5,,,,,,4,,,,,,,,,,,6,,,,,,3,,,,,,,,,,,,,5,,,,,,,6,,,,,,5,,,,,,,,,,,3,,,,,,,3,,,,,,,,6,,,,28,1,5,5,5
2016-05-05 15:31:42,2016-05-05 15:36:27,0,98.196.197.236,100,285,1,2016-05-05 15:36:28,R_33ydZUGqQjKMVgR,,,,,29.408096313477,-94.90779876709,anonymous,EN,,,,,,,,2,,,,,,,,1,,,,,,,1,,,2,,,,,,,,,,,7,,,,,,,,,,3,,4,,,,,,,,,,,1,,,,,,,,,,,4,,,,,2,,,,,,,,,,,,4,,,4,,,,,,5,,,,,,,,,6,,,,,,,,,,,,,2,,3,,,,,,,,,37,1,5,2,8
2016-05-05 15:32:13,2016-05-05 15:36:40,0,64.61.92.178,100,266,1,2016-05-05 15:36:40,R_29s869TqKRtXUjX,,,,,40.735702514648,-74.172401428223,anonymous,EN,,,,,,,,7,7,,,,,,,,,,,,,,6,,,,,,,6,,,,,,,,6,,,,,,,,,,7,,,,,,,,6,,,,6,,,,,,,,,,,,7,,,,,,,,5,,,6,,,,,,,,,,,,,6,,,,,,7,,,,,,,7,,,,,,,,,,,7,,,,,,,,7,,40,2,5,8,3
2016-05-05 15:33:42,2016-05-05 15:36:47,0,108.215.254.113,100,184,1,2016-05-05 15:36:47,R_1FgpxZrcDBC7KiF,,,,,30.054901123047,-95.477096557617,anonymous,EN,,,,,,,,5,,,,,,,6,,,5,,,,,,,,,,,,4,,,,,6,,,,,,5,,,,,,,,,,5,,,,,,,,,,5,,,,,,,,5,,,,6,,,,,,,,,,4,,,,,,,,,,,,4,,,,,6,,,,,,,,,6,,,,,,,5,,,,,,,,,,6,,,,23,2,5,4,7
2016-05-05 15:31:55,2016-05-05 15:36:51,0,75.69.163.37,100,295,1,2016-05-05 15:36:51,R_29bHQQ2oPiTR1HO,,,,,41.768295288086,-70.600700378418,anonymous,EN,,,,,,1,,,,,,,,,1,,,,,,,,,1,,,,,,,,1,,,,,,,,1,,1,,,,,,,,7,,,,,,,1,,,,,,,,,,,,,,1,,,1,,,,,,,,,,,,,1,,,1,,,,,,,,,,,7,,,,,,,,,,7,,,,,1,,,,,,,,,,7,,,,30,2,5,5,7
2016-05-05 15:35:32,2016-05-05 15:37:03,0,50.150.62.48,100,90,1,2016-05-05 15:37:03,R_Wf9yO6kOByjRfzj,,,,,34.257705688477,-84.49210357666,anonymous,EN,,,,,2,,,,,,,,5,,,,,,,,5,,,,2,,,,,,,,,,,,4,,,,,,,,,,3,,,,,,,,5,,,,4,,,,,,,,,3,,,,,,,,,,5,,,,5,,,,,,,,,,,,,3,,,,,5,,,,,,,4,,,,,,,,,,,3,,,,,,,2,,,,,23,1,5,4,6
2016-05-05 15:33:10,2016-05-05 15:37:12,0,24.214.132.33,100,241,1,2016-05-05 15:37:12,R_ploi37XR9kuXVSh,,,,,33.557800292969,-82.16480255127,anonymous,EN,3,,,,,,,,,,5,,,,,,,,,,,,,1,7,,,,,,,,,,,,,,,3,,,,,,,,5,,,,,,,,7,,,5,,,,,,,,7,,,,,,,,,,4,,,,5,,,,,,,,,,,,,,,7,,,,,,,,1,,,7,,,,,,,,7,,,,,,,,,,,6,,,,33,2,5,4,4
2016-05-05 15:31:45,2016-05-05 15:37:51,0,65.27.197.147,100,366,1,2016-05-05 15:37:52,R_2WYfIWj1j7Eyboc,,,,,39.46110534668,-83.817199707031,anonymous,EN,,,,,,7,,,,,,,6,,,,,,,,,,7,,,6,,,,,,,,,,,,6,,,7,,,,,,,,,,,,,4,,,,,,,,,6,,,6,,,,,,,,,,,,7,,,,,,,,7,,,,7,,,,,,,,,,,,,,7,,,,,,,,6,,,,,,5,,,,,,5,,,,,,45,1,5,5,4
2016-05-05 15:31:30,2016-05-05 15:37:56,0,50.153.130.201,100,386,1,2016-05-05 15:37:57,R_yQtSb1omyXaVzAl,,,,,42.305892944336,-71.085899353027,anonymous,EN,,,,4,,,,,,,3,,,,,,3,,,,,,,,,2,,,,,,,,,,,,,3,,,6,,,,,,,,,,5,,,,,,4,,,,,,,,6,,,,,,,,4,,,,,,,,,,,,,,4,3,,,,,,,,,,,,,3,,,,,,,,,,7,,2,,,,,,,,,,,,,4,,,24,2,5,5,7
2016-05-05 15:31:22,2016-05-05 15:38:17,0,74.77.106.120,100,414,1,2016-05-05 15:38:17,R_1dbMCfd0tFgyzGw,,,,,42.990493774414,-78.842002868652,anonymous,EN,,,,,,2,,,7,,,,,,,,,,,,,4,,,,,7,,,,,,,,,,4,,,,,,,4,,,,,,,,,,,7,,,,,4,,,,,5,,,,,,,,7,,,,,,,,,,,7,,,,,,3,,,,,,,,,,,,,4,,,,,,,6,,,,,7,,,,,,,,,,,,,4,,23,2,5,4,5
2016-05-05 15:34:08,2016-05-05 15:38:19,0,200.84.253.216,100,250,1,2016-05-05 15:38:19,R_2tFow6WZdXNL5v7,,,,,10.631698608398,-71.640602111816,anonymous,EN,,,,,7,,,,,,,,3,,,,,,,,,5,,,,,,,,5,,,,,,,,5,,,,,,,,,5,,,,6,,,,,,,,,,6,,,,,,,5,,,,,2,,,,,,,,,,,5,,,,,,,,,,,4,,4,,,,,,,,6,,,,,,,,,,,,,5,,,,,,,,,5,,,37,1,5,5,6
2016-05-05 15:31:48,2016-05-05 15:38:23,0,75.171.215.242,100,395,1,2016-05-05 15:38:24,R_uyp37cmhjFrwrBv,,,,,39.683700561523,-104.91139984131,anonymous,EN,,,,7,,,,,,,,7,,,,,,,7,,,,,,,,,,,,1,,,7,,,,,,,,,,,5,,,,,,,,,7,,,,,7,,,,,,,,,,,6,,,,,,,,,,1,,,7,,,,,,,5,,,,,,,,,7,,,,,,,4,,,,,,,,7,,,,,,,,,,,,,,1,,29,2,5,4,7
2016-05-05 15:31:57,2016-05-05 15:38:24,0,66.87.148.73,100,387,1,2016-05-05 15:38:24,R_6sqhg90xvrPK4QJ,,,,,28.32600402832,-81.351303100586,anonymous,,,,,,4,,,,,,4,,,,,,,,,,,,,1,,,,,,1,,,,2,,,,,,,3,,,,,,,,,,,,4,,,,,,,,2,,,,,4,,,,,,,,,2,,,,,,,,4,,,,,,,,,,,,,1,,,,,4,,,,,5,,,,,,,3,,,,,,,,,,,,,,1,,,32,2,3,5,5
2016-05-05 15:31:35,2016-05-05 15:38:24,0,108.53.21.182,100,408,1,2016-05-05 15:38:24,R_2SlgBAOTUJwmdMm,,,,,40.682098388672,-74.35880279541,anonymous,EN,,,,6,,,,,6,,,,,,,,,,,,,,,4,,,,3,,,,,,,3,,,,,,,,,,,,5,,,,,,,,,3,,,,1,,,,,,,,,,4,,,,,,,,6,,,6,,,,,,,,,,,,,,6,,,4,,,,,,,6,,,,,,,,,2,,,,,,,,5,,,,,,,,22,1,3,2,10
2016-05-05 15:31:33,2016-05-05 15:38:32,0,24.180.62.157,100,418,1,2016-05-05 15:38:33,R_2XhV22aSIfhzE2M,,,,,34.051406860352,-118.14559936523,anonymous,EN,,,,,,,6,,,,,,,,,4,,,,,,5,,,,,,,,,,2,2,,,,,,,,,,,,,,5,,,,,,,3,,,,4,,,,,,,,,5,,,,,,,,2,,,,,,,,5,,,,,,,,,,,,,2,,,,4,,,,,,4,,,,,,,,,,,,4,,,,,,,,,,4,,35,1,3,5,4
2016-05-05 15:32:11,2016-05-05 15:38:49,0,24.206.146.188,100,398,1,2016-05-05 15:38:50,R_2tJQWc6RMGqRQYC,,,,,33.263702392578,-96.952796936035,anonymous,EN,,1,,,,,,,,,,,,,1,,,,,,1,,,,,,,,6,,,,,,1,,,,,,,,,,7,,,,1,,,,,,,,,1,,,,,,,,,,1,,,,,,,,,1,,,,,,,,5,,,,,,,,,6,,,,,,,,,,1,,,,,,,,7,,,,,1,,,,,,,,,,1,,,35,2,5,5,4
2016-05-05 15:32:00,2016-05-05 15:38:54,0,98.216.145.60,100,413,1,2016-05-05 15:38:54,R_SAI1Og7BAnD7SeZ,,,,,43.013900756836,-71.435203552246,anonymous,EN,,,,,,,1,,,1,,,,,,,,,,,,1,,,,,,,,1,,,,,,,,,1,,,,,,1,,,,,,,,,,2,,,,,,1,,,,,,,1,,,,,,,,,,,,1,,,,,1,,,,,,,,,,1,,,,,,,2,,,,,,,,,1,,,1,,,,,,,,,,,,1,,,,44,2,4,2,6
2016-05-05 15:31:56,2016-05-05 15:39:04,0,69.225.128.119,100,427,1,2016-05-05 15:39:04,R_w7QRd2mMsffG6TD,,,,,33.949005126953,-118.24600219727,anonymous,EN,,,,,7,,,,7,,,,,,,,,,,,,7,,,4,,,,,,,,,,,,,,,7,,,,,,,,7,,4,,,,,,,,,,,,,,7,,,,,,7,,,7,,,,,,,,,7,,,,,,,,,,,,7,,,,,7,,,,,,,,,,,7,,,7,,,,,,,,,,,,,,4,,,54,2,5,7,5
2016-05-05 15:31:27,2016-05-05 15:39:06,0,98.219.186.123,100,459,1,2016-05-05 15:39:07,R_r22wBQDJrvOypDb,,,,,40.46809387207,-79.911399841309,anonymous,EN,,,,,6,,,,,,,,,4,,,7,,,,,,,,,,,,,5,,,5,,,,,,,,,,,6,,,,,,,5,,,,,,,,,,,,7,,,,,,6,,,,,,,4,,,,,,,,5,,,,,,,,4,,,,,,,,,,,5,,,5,,,,,,,7,,,,,,,,,,,3,,,,,,41,2,5,4,8
2016-05-05 15:31:45,2016-05-05 15:39:11,0,76.94.92.204,100,446,1,2016-05-05 15:39:11,R_86QidGGfYLmbKwN,,,,,34.156799316406,-118.52310180664,anonymous,EN,6,,,,,,,,,,,,,,,2,,,2,,,,,,,,,5,,,,,,,,,,,4,,,,,,,,5,,,,,,,,,3,,,5,,,,,,,,,,,,4,,,,,3,,,,,,,,,3,,,,5,,,,,,,,,,,,,,3,,,,,,4,,,,,,,,,5,,,5,,,,,,,,,51,2,2,5,4
2016-05-05 15:32:19,2016-05-05 15:39:11,0,73.86.255.245,100,411,1,2016-05-05 15:39:12,R_2ZObC2dIpw8cyew,,,,,39.46240234375,-77.275802612305,anonymous,EN,,,2,,,,,,,,,2,,,,,5,,,,,,,,,,,1,,,,,,,,,4,,,,,2,,,,,,,5,,,,,,,,4,,,,,,,,,,,5,,,,,,,,,,,4,,,,5,,,,,,,,,,,,2,,,,,1,,,,,,,,,,,,2,,,,,5,,,,,2,,,,,,,,32,2,5,5,7
2016-05-05 15:34:03,2016-05-05 15:39:11,0,50.153.174.130,100,308,1,2016-05-05 15:39:12,R_2uPSdXCqk73QKwa,,,,,40.27409362793,-76.861602783203,anonymous,EN,,,,,6,,,,,,5,,,,,,,,,,,,,6,,,,,6,,,,,,,,,,,4,,7,,,,,,,,,,,,6,,,,,7,,,,,,,,,,7,,,,5,,,,,,,,,,,,,,,6,,,,4,,,,,,,,,6,,,,,,,,,,,6,,6,,,,,,,,,,5,,,,,,37,2,5,4,7
2016-05-05 15:33:37,2016-05-05 15:39:16,0,174.140.64.232,100,338,1,2016-05-05 15:39:17,R_2wi5PcVfGEmAi1X,,,,,39.893707275391,-79.749198913574,anonymous,EN,,,,,,1,,,,,1,,,,,,,,,1,,,,,,,4,,,,,,,,,,,7,,,,1,,,,,,,1,,,,,,,,,1,,,,,,,,,4,,,,,,,,,,,1,,,,,,1,,,,,,,,1,,,,,,4,,,,,,,1,,,,,,,,,,,,,,,1,,,,1,,,,,,55,1,5,5,5
2016-05-05 15:32:21,2016-05-05 15:39:26,0,132.177.236.149,100,424,1,2016-05-05 15:39:27,R_1CeHcLeh2G41fnP,,,,,43.127105712891,-70.962699890137,anonymous,EN,,,,,,2,,,,,,,,5,,,,,,,4,,,,,,,,,,3,,,,6,,,,,,,,,,,,,4,,4,,,,,,,,,,,4,,,,,,,4,,,,,,2,,,,,,,,,,,6,,,,,,3,,,,,,,,,,7,,,,,,,,,5,,,,,,,,,,2,,,,,2,,,,,25,1,5,4,8
2016-05-05 15:31:55,2016-05-05 15:39:28,0,97.41.130.8,100,453,1,2016-05-05 15:39:29,R_yUCeaFeOGqKeGsN,,,,,37.751007080078,-97.821998596191,anonymous,EN,,,,,,,6,,,4,,,,,,,,,,,,2,,,,,,1,,,,,,,,,5,,,,,,,,,,,5,,5,,,,,,,,,,,,,,2,,5,,,,,,,,,1,,,,,,,,,,,,4,,,,1,,,,,,,,,2,,,,,4,,,,,,,,,3,,,,,,,,,,,3,,,,,25,1,5,2,7
2016-05-05 15:32:34,2016-05-05 15:39:30,0,74.65.11.86,100,415,1,2016-05-05 15:39:30,R_2WSuRwvczqhr7Jl,,,,,42.856292724609,-77.025100708008,anonymous,EN,,,,,,4,,,,,4,,,,,,,,5,,,,,,,,,,,2,,,,,,,4,,,,,3,,,,,,,,,,,,5,,,,5,,,,,,,,,,,,,4,,,,,3,,,,,,,4,,,,,,,,,2,,,,,,5,,,,,,,3,,,,,,,,,,,,,3,,,,,,2,,,,,,37,2,5,6,9
2016-05-05 15:32:43,2016-05-05 15:39:31,0,23.118.225.159,100,407,1,2016-05-05 15:39:32,R_Ry475r49Fm4MWDT,,,,,30.002807617188,-95.396301269531,anonymous,EN,,,4,,,,,,,,,,1,,,,,,1,,,,,,,,,,,,1,,,,,,1,,,,,,,,,,,7,,,,,1,,,,,,,,,,4,,,,,4,,,,,,,,,7,,,,,,7,,,,,,1,,,,,,,,,,7,,,,,,,,,,7,,,,,,,1,,,,,,,,,,,1,,,27,1,2,5,8
2016-05-05 15:31:56,2016-05-05 15:39:33,0,75.70.153.94,100,456,1,2016-05-05 15:39:33,R_3CNuPYzjwTjbxYy,,,,,39.847396850586,-104.94589996338,anonymous,EN,,,,,5,,,,,,,,,,,1,,,,,3,,,,,,,,,,,1,,,,,,,2,,,,,,,,7,,,,,,,5,,,,,,,,,6,,5,,,,,,,,,2,,,,,,,,,,,5,,,,,,,,1,,,,,5,,,,,,,,,,,,,,2,,,,,3,,,,2,,,,,,,,,40,2,5,5,6
2016-05-05 15:31:40,2016-05-05 15:39:35,0,73.239.35.38,100,475,1,2016-05-05 15:39:36,R_2101MsSbIdm3awP,,,,,47.694305419922,-117.45399475098,anonymous,EN,,,,6,,,,,,,,,5,,,,,,,6,,,,,2,,,,,,,,,,,,,6,,,,6,,,,,,,,3,,,,,,,,,6,,,,,,,,,,,,7,,,,3,,,,,,,,6,,,,,,,,,,,2,,,,,,,,,3,,,,,,,,4,,3,,,,,,,,,,5,,,,,,,26,1,5,3,7
2016-05-05 15:36:14,2016-05-05 15:39:43,0,50.192.47.17,100,208,1,2016-05-05 15:39:43,R_bdZcxQuvrgUR0hr,,,,,33.725692749023,-84.43090057373,anonymous,EN,,,,,,,6,,,,,,5,,,,,,,,,,,5,,,,,,,,3,2,,,,,,,,,,,,,2,,,5,,,,,,,,,,,,,,,4,,,,4,,,,,4,,,,,,,,,5,,,,,,,,,,,,5,,,,,,6,,,,,,4,,,,,,,5,,,,,,,,,,,,,2,,,,27,1,3,5,6
2016-05-05 15:34:59,2016-05-05 15:39:46,0,136.61.35.204,100,287,1,2016-05-05 15:39:47,R_6LMS7eeInGKNAc1,,,,,39.014205932617,-94.595100402832,anonymous,EN,,,,,,,,2,,,,5,,,,,7,,,,,,,,,,,,,,6,,,,,,5,,,,,,,4,,,,,,,,,,,5,,,,,,,,6,,,,,,,7,,,,,,2,,,,,5,,,,,,,,5,,,,,,,,,,,2,,,,,,,,2,,,,,,,6,,,,,,,3,,,,,,,,25,1,5,5,6
2016-05-05 15:32:18,2016-05-05 15:39:54,0,73.147.94.55,100,455,1,2016-05-05 15:39:54,R_2D8Owj67AWmkUlA,,,,,39.018005371094,-77.539001464844,anonymous,EN,,7,,,,,,,,,,,,,7,,,,,7,,,,,7,,,,,,,,7,,,,,,,,,,,,7,,,,,7,,,,,,,,,,,,,,7,7,,,,,,,,,,,,,,7,,,,,,,,7,,,,,,,7,,,7,,,,,,,,,,,7,,,,,,,,,,7,,,,,,,,,,3,,26,1,5,6,8
2016-05-05 15:32:35,2016-05-05 15:39:59,0,99.101.101.202,100,444,1,2016-05-05 15:40:00,R_33gwLmLDAA1sTss,,,,,35.038696289062,-89.927597045898,anonymous,EN,,6,,,,,,,,,,3,,,,,,,3,,,,,,,5,,,,,,,,,,3,,,,,,5,,,,,,,,,,,,,,3,,,,2,,,,,,,,,,,,5,,6,,,,,,,,,,,,,,6,4,,,,,,,,,,,,,,4,,4,,,,,,,,,,,,5,,,,,6,,,,,,,,27,1,5,3,8
2016-05-05 15:32:05,2016-05-05 15:40:00,0,187.188.14.209,100,475,1,2016-05-05 15:40:01,R_2YeSQCOM119ZbQi,,,,,19.43310546875,-99.125602722168,anonymous,EN,,,,4,,,,,,,,,5,,,,,,,,,,5,,,,2,,,,,,4,,,,,,,,,,5,,,,,,,,,3,,,,,,,,,2,,,,6,,,,,,,,,2,,,,,,,,,,3,,,,,,,,,,,5,,,,7,,,,,,,5,,,,,,,,2,,,,,,,,,,4,,,,,,37,1,2,5,6
2016-05-05 15:33:49,2016-05-05 15:40:03,0,66.56.27.184,100,373,1,2016-05-05 15:40:03,R_BAoKbF8PmP5gxCF,,,,,34.494293212891,-84.911201477051,anonymous,EN,,,,5,,,,,,,2,,,,,,,,,7,,,,,,,,,,,,1,,,,,,2,,,,,,,2,,,,,4,,,,,,,,,7,,,,,,,7,,,,,,,,,,,,7,,,,,,,,,2,,,,,,,,,2,,,,,7,,,,,,,,,,2,,7,,,,,,,,,,,,3,,,,,20,2,5,4,6
2016-05-05 15:33:14,2016-05-05 15:40:05,0,208.117.125.93,100,411,1,2016-05-05 15:40:06,R_2e3YYxDNFxGdOp8,,,,,33.128799438477,-107.02760314941,anonymous,EN,3,,,,,,,,,6,,,,,,,,,,,5,,,,,,,,2,,,,5,,,,,,,,,,,,,3,,,,,,,,7,,,,,,4,,,,,,,,,,,4,,,,,,,,4,,,,3,,,,,,,,3,,,,,,3,,,,,,,,,,4,,,,,,,,3,,,,,,,3,,,,,,,,52,2,5,4,7
2016-05-05 15:33:48,2016-05-05 15:40:14,0,73.172.174.205,100,386,1,2016-05-05 15:40:15,R_0CnqgRESEZl2XnP,,,,,38.921295166016,-77.038597106934,anonymous,EN,,,,,,5,,,,,,5,,,,,,,,,,,7,,,,,,,,5,,,,,,,7,,,,,,,,,,6,,,,,4,,,,1,,,,,,,,,,,,,,,5,,,1,,,,,,,,,,,,,6,,,,,,5,,,,5,,,,,,,7,,,,,,,,,5,,,,,,,,,,,3,,,,,30,2,5,8,6
2016-05-05 15:31:35,2016-05-05 15:40:20,0,73.42.11.185,100,525,1,2016-05-05 15:40:21,R_3qsx4vjyD1n6TWN,,,,,31.261703491211,-85.414199829102,anonymous,EN,,,4,,,,,,,,,,,,2,,,,,,3,,,,,2,,,,,,,,,,,,4,,,,4,,,,,,,4,,,,,,,,,,,,6,,,,,,,,7,,,,,,,,,,,3,,,,,4,,,,,,,,5,,,,,,,,,5,,,,,,,,,3,,4,,,,,,,,,,3,,,,,,,24,1,2,4,7
2016-05-05 15:32:03,2016-05-05 15:40:22,0,73.178.106.206,100,498,1,2016-05-05 15:40:23,R_2WD90bhyn9J69Ha,,,,,40.095596313477,-74.109497070312,anonymous,EN,,1,,,,,,,,,,,,,,3,,,,,3,,,,1,,,,,,,,3,,,,,,,,5,,,,,,,,4,,,,,,,,,,,,,,6,,,,,,,,,3,,2,,,,,,,,,,,,,,5,,,,2,,,,,,,4,,,,,,,,,,,5,,,,,,,,,,3,,2,,,,,,,,36,2,5,4,8
2016-05-05 15:31:18,2016-05-05 15:40:25,0,45.48.230.131,100,546,1,2016-05-05 15:40:25,R_868ONwCNBhJxdvP,,,,,34.076400756836,-118.26260375977,anonymous,EN,5,,,,,,,,,,,,,5,,,,,,4,,,,,,,,,,4,,,,,,,,,4,,,,,5,,,,,,,5,,,,,,,,,,,,,5,,,3,,,,,,,,,,3,,,,,,,,,,,5,5,,,,,,,,,,,7,,,,,,,4,,,,,,4,,,,,,,,6,,,,,,,,,30,2,1,5,4
2016-05-05 15:33:45,2016-05-05 15:40:32,0,173.24.16.40,100,406,1,2016-05-05 15:40:32,R_2y3iqlodlBxrhIf,,,,,41.56640625,-93.740501403809,anonymous,EN,,,,,5,,,,,,,,,,5,,,,,,,,5,,,,,,1,,,,,5,,,,,,,,,,,,5,,,,,7,,,,,,,,,,,,,5,,,,,,,,5,,,,2,,,,,,,5,,,,,,,,,,,5,,,,,,,,5,,,,2,,,,,,,,,5,,,,,,,5,,,,,,,,35,2,5,5,7
2016-05-05 15:32:03,2016-05-05 15:40:31,0,108.184.169.142,100,508,1,2016-05-05 15:40:32,R_2cC6APY4eALuGee,,,,,34.122299194336,-117.71429443359,anonymous,EN,,,,,,,1,,,,,,,,,2,,,,1,,,,,,,,,,,1,,,,1,,,,,,,,,,,,,4,,,,,,,2,,1,,,,,,,,,,,,,,7,,,,,,,,1,,7,,,,,,,,4,,,,,,,,,6,,,,,,,,,1,,,,,,,,,,,1,,,,,,2,,,,,,33,1,2,5,6
2016-05-05 15:32:13,2016-05-05 15:40:34,0,12.193.27.98,100,501,1,2016-05-05 15:40:35,R_RPszNNKC5JI8UOR,,,,,34.054397583008,-118.2440032959,anonymous,EN,,,,,,7,,,,,,,1,,,,,1,,,,,,,,,,,,,,1,,,,,,4,,,,,,,,7,,,,,,,1,,,,1,,,,,,,,,,,,7,,,,,,,,,1,,,,7,,,,,,,,,,,1,,,,4,,,,,,,,,,,,,,1,,,,,1,,,,,,4,,,,,,,,27,2,5,4,8
2016-05-05 15:32:58,2016-05-05 15:40:46,0,169.133.140.5,100,467,1,2016-05-05 15:40:46,R_p03NuB3Z58X3UNX,,,,,39.72900390625,-104.95279693604,anonymous,EN,,,,,,,2,,,,,,,,2,,,5,,,,,,,,,1,,,,,,,5,,,,,,,,,,5,,,,,,,,,,,7,,,,,2,,,,,,,,,,,,6,,,,,1,,,,,6,,,,,,,,,3,,,,,,,,,,,,5,,,5,,,,,,,,,,,,5,,,,,,,,,,5,,36,1,5,6,6
2016-05-05 15:33:17,2016-05-05 15:40:56,0,24.18.16.65,100,459,1,2016-05-05 15:40:57,R_325ZO6nfA5s9iHN,,,,,47.361801147461,-122.10330200195,anonymous,EN,,,5,,,,,,,,,,6,,,,7,,,,,,,,,,,,4,,,,6,,,,,,,,,,,,,5,,,,,,2,,,,,,2,,,,,,,4,,,,,,,,,,,,7,,,,,,,,,4,,,,,,,,,,1,,,,2,,,,,,,,,,,6,,,,,,,7,,,,,4,,,,,,,,,,,
2016-05-05 15:33:49,2016-05-05 15:41:03,0,96.41.186.199,100,434,1,2016-05-05 15:41:04,R_aVmbstkulfSoJeV,,,,,43.373992919922,-124.14770507812,anonymous,EN,,,,,,,,6,,,,,,1,,,,,,,,,1,,,1,,,,,,,,,,,5,,,,,,5,,,,,,,,,6,,,,,1,,,,,,,,,,,,,5,,,,,,2,,,,,7,,,,,,,,,,,,4,,,,,,,,,,,7,,,,4,,,,,,,6,,,,,,,3,,,,,,,,41,2,5,4,8
2016-05-05 15:32:58,2016-05-05 15:41:05,0,24.220.52.225,100,487,1,2016-05-05 15:41:05,R_2fIZKuSeDjQPCt0,,,,,43.718307495117,-98.02619934082,anonymous,EN,,,,,,,6,,,,,,,,2,,,,,,2,,,,,,,,,,1,,,,,,,,1,,,6,,,,,,,,,,,,,,6,1,,,,,,,,,2,,,,,,,,,,,1,,,,6,,,,,,,,,,1,,,,,,,,7,,,,,,,,,6,,,,,,,4,,,,,,,,,1,,,,,,38,2,5,5,4
2016-05-05 15:31:35,2016-05-05 15:41:10,0,50.141.119.3,100,574,1,2016-05-05 15:41:10,R_2bK1LPzExCL8lFz,,,,,39.966796875,-105.20919799805,anonymous,EN,,3,,,,,,,,,,,6,,,,,,,,,2,,,,2,,,,,,,,,,,,,,5,,,,,,5,,,,,,,,,6,,1,,,,,,,,,,,,,5,,,,,,3,,,,,,,4,,,,,,4,,,,,,,,,5,,,,,,,,,,,4,,,,,,,,,6,,,,,,,,,,1,,24,2,5,5,6
2016-05-05 15:31:44,2016-05-05 15:41:14,0,67.248.247.223,100,570,1,2016-05-05 15:41:16,R_2R8hkz3JSrNKkdp,,,,,43.089797973633,-73.500297546387,anonymous,EN,,,,,,,,6,,2,,,,,,,,,,,6,,,,,,,2,,,,,,4,,,,,,,,,,,4,,,,,,,,,2,,,,,,,4,,,,,,,,,,,6,7,,,,,,,,,,,,,6,,,,,,,2,,,,,,,,,,,4,,,,,,,,4,,,,3,,,,,,,,,4,,,,,43,2,5,2,8
2016-05-05 15:33:20,2016-05-05 15:41:16,0,173.88.128.120,100,475,1,2016-05-05 15:41:16,R_1hYb71KLb5Gred1,,,,,40.757293701172,-82.579002380371,anonymous,EN,7,,,,,,,,4,,,,,,,,,5,,,,,,,,1,,,,,,,,,,,4,,,,,,7,,,,,,,,,,,,,7,,,,,,7,,,,,,,7,,,,,,,,,,,7,,,,,,7,,,,,,,7,,,,,7,,,,,,,,,7,,,,,,,,7,,,,,,,,,,7,,,,,23,1,5,5,8
2016-05-05 15:33:16,2016-05-05 15:41:21,0,69.47.241.212,100,484,1,2016-05-05 15:41:21,R_33a2eX3whQVHtDa,,,,,41.693496704102,-87.614501953125,anonymous,EN,,,,,,,,4,,,3,,,,,,,5,,,,,,,,,,2,,,,,,,,,,5,,,6,,,,,,,,,,,,6,,,,,3,,,,,,,,3,,,,,,,,4,,,,,,,,,,3,,,,,,,,,4,,,,,,,,,,6,,,,,,3,,,,,,,,,,,4,5,,,,,,,,,32,1,1,5,4
2016-05-05 15:31:54,2016-05-05 15:41:23,0,172.72.136.125,100,569,1,2016-05-05 15:41:24,R_5jN300vGGyDgxHP,,,,,35.050796508789,-80.818603515625,anonymous,EN,,,,,3,,,,,,,,,2,,,,,2,,,,,,,,,,2,,,,,,,2,,,,,,,3,,,,,,5,,,,,,,,,1,,,,,,,4,,,,,,,,,,,,,1,,,,,,,,,3,,,,,2,,,,,,5,,,,,,,4,,,,,,,,,,,1,,,,,1,,,,,,,,,35,2,1,5,6
2016-05-05 15:32:09,2016-05-05 15:41:30,0,68.113.225.250,100,561,1,2016-05-05 15:41:31,R_2DUjsgyYiGnm9wl,,,,,44.833999633789,-91.572898864746,anonymous,EN,,4,,,,,,,,2,,,,,,,,5,,,,,,,,,,3,,,,,,,6,,,,,,,,,,,6,,,,,,,,5,,,,,,,,1,,,,,,,,2,,,,,,,,,,3,6,,,,,,,,,,,,,,5,,,3,,,,,,,,,,,,5,,,,4,,,,,,,,,3,,,,,,,32,2,5,5,5
2016-05-05 15:31:39,2016-05-05 15:41:31,0,24.143.116.102,100,592,1,2016-05-05 15:41:32,R_bdButfdCOVPoPId,,,,,48.561401367188,-121.77050018311,anonymous,EN,,,,,,3,,,,,,,,,4,,3,,,,,,,,,,,,,,,1,,2,,,,,,,,,,,5,,,,,,,,5,,,,,,,,,1,,,,,5,,,,,,,,1,,,,,,,,,,,,2,,,1,,,,,,,,,,,,,,4,3,,,,,,,,,,,1,,,,,,,,,,2,,,,71,1,5,4,8
2016-05-05 15:33:49,2016-05-05 15:41:52,0,158.83.73.75,100,482,1,2016-05-05 15:41:52,R_2zvDGSCi7VlQsjq,,,,,39.999694824219,-79.898300170898,anonymous,EN,,,6,,,,,,,,4,,,,,,2,,,,,,,,,,,,,,4,,,,,,,,6,,,4,,,,,,,,,,,4,,,,,,4,,,,,,6,,,,,,,,,,,,,,,4,,,,,,,6,,,,,,6,,,,,,6,,,,,,,,,,,4,,,,,,,,,2,,,,,,,,,5,,21,1,6,4,5
2016-05-05 15:33:18,2016-05-05 15:41:58,0,65.126.87.4,100,520,1,2016-05-05 15:41:58,R_rjOq2IChESZqJZn,,,,,45.005905151367,-93.105903625488,anonymous,EN,,,,,,,,3,,,4,,,,,,,,,3,,,,,,,,,,,,3,,,,,,,,3,,,,3,,,,,,,,,3,,,,,,,3,,,,,3,,,,,,,,,,,,,3,,,,,,,,,,5,5,,,,,,,,,,5,,,,,,,,,,,,3,,3,,,,,,,,,,,,,,5,,,45,1,5,4,4
2016-05-05 15:33:56,2016-05-05 15:41:59,0,68.135.114.154,100,482,1,2016-05-05 15:41:59,R_ysVNiHJkeHRAnUl,,,,,33.782501220703,-117.22869873047,anonymous,EN,,,,,,,,7,,,,7,,,,,,,7,,,,,,,,7,,,,,,,,,7,,,,,,,,7,,,,,,,,,,7,,,,7,,,,,,,,,7,,,,,,,,,7,,,,,,7,,,,,,,,,7,,,,,,7,,,,,,,,,,7,,,,,,7,,,,,,,,,,,,,7,,,,23,2,5,5,6
2016-05-05 15:32:32,2016-05-05 15:42:04,0,216.195.179.154,100,572,1,2016-05-05 15:42:05,R_ezCKh6T97kDqXRL,,,,,44.024993896484,-70.060897827148,anonymous,EN,,,,7,,,,,,,,,,3,,,,,,,,,7,,,,7,,,,,,,,,,,2,,,7,,,,,,,,,,,,7,,,,,,7,,,,,,,,,,,,,6,,,,2,,,,,,,,,,,7,,7,,,,,,,,,,,,,,,6,,,,7,,,,,7,,,,,,,,,,,,,,,6,,24,2,5,2,6
2016-05-05 15:31:38,2016-05-05 15:42:09,0,76.3.125.165,100,631,1,2016-05-05 15:42:10,R_239viXo01LDQFab,,,,,35.596694946289,-79.375099182129,anonymous,EN,6,,,,,,,,,,1,,,,,,,,1,,,,,,,,1,,,,,,,4,,,,,,,,,,6,,,,,,,,,,,,4,,,,,,1,,,,,,,,,,4,2,,,,,,,,,,,,3,,,,,,,1,,,,,6,,,,,,,,,,,,7,,,,5,,,,,,,,,,4,,,,,,,36,2,5,2,9
2016-05-05 15:34:00,2016-05-05 15:42:10,0,76.31.17.223,100,490,1,2016-05-05 15:42:11,R_vNWF8w455LwfSFz,,,,,29.69970703125,-95.585800170898,anonymous,EN,,,6,,,,,,,3,,,,,,,,,,,,,,7,,,7,,,,,,,,,,,,,1,,,7,,,,,,7,,,,,,,,,,,,,1,,,,,,,,5,,,7,,,,,,,,,,,,,,7,,,,,6,,,,,,,,,,,6,,,,,7,,,,,,,,,,,,4,,,,1,,,,,,27,2,3,5,4
2016-05-05 15:32:29,2016-05-05 15:42:11,0,31.208.122.134,100,582,1,2016-05-05 15:42:12,R_SBRF9Lajer6XwDT,,,,,55.699996948242,13.183303833008,anonymous,EN,,,1,,,,,,1,,,,,,,,1,,,,,,,,,,,,,1,,,,,1,,,,,,,,2,,,,,,,1,,,,,,,,,,,,,,6,,,,,,,5,,,,,,1,,,,,,,,,,5,,,,,,,,2,,,5,,,,,,,,,7,,,,,,2,,,,,,,,,,,,,1,,,,37,1,5,7,5
2016-05-05 15:33:41,2016-05-05 15:42:12,0,66.30.144.28,100,510,1,2016-05-05 15:42:13,R_2tEkkjB3jr9kKd8,,,,,41.636199951172,-70.934196472168,anonymous,EN,,2,,,,,,,,,,,,,6,,,,,,,,5,,,,,,,,,1,,,4,,,,,,6,,,,,,,,7,,,,,,,,,,,7,,,,,,,,,4,,,,,4,,,,,,,,7,,,,,,,,7,,,,,,,,,,,5,,,,,,,,7,,,,,,6,,,,,,4,,,,,,,,,49,2,5,2,9
2016-05-05 15:31:22,2016-05-05 15:42:17,0,71.168.192.97,100,654,1,2016-05-05 15:42:17,R_SNWtpP5ahyMOXAZ,,,,,39.95719909668,-74.916198730469,anonymous,EN,,,5,,,,,,,5,,,,,,,,,,4,,,,,,,,5,,,,,,4,,,,,,,,,,,5,,,,,,,,4,,,,,,,4,,,,,,,,,,5,,,,,,,,,4,,,,,,,4,,,,,,,,4,,,,,,4,,,,,5,,,,,,,,4,,,,,,,,4,,,,,,,,,28,1,5,5,5
2016-05-05 15:36:49,2016-05-05 15:42:32,0,73.9.138.157,100,342,1,2016-05-05 15:42:32,R_1LAV9FMjyeBDNr8,,,,,41.813003540039,-87.713401794434,anonymous,EN,,,,,,6,,,1,,,,,,,,,,,,,1,,,,,,,,,,1,,,,,,,,4,1,,,,,,,,,,,,1,,,,1,,,,,,,,,,,,4,,,,,,,,,,,1,,5,,,,,,,2,,,,,,,,,,5,,,,,,,,,,,,1,,,,,,,,1,,,,,,1,,,,,30,1,2,5,8
2016-05-05 15:31:23,2016-05-05 15:42:34,0,72.89.72.23,100,670,1,2016-05-05 15:42:34,R_2AHe8xvxjAdi4HA,,,,,40.597503662109,-73.997901916504,anonymous,EN,,,,6,,,,,,,,,,3,,,,,,2,,,,,,,,,,2,,,,,,,,6,,,,,6,,,,,,,6,,,,,,,,,,6,,,,,,,,,,,6,,,,,,,5,,,,,6,,,,,,,,,,,,3,,,,,,,5,,,3,,,,,,,,,,6,,,,,,4,,,,,,,,,29,1,3,5,7
2016-05-05 15:32:15,2016-05-05 15:42:40,0,65.188.241.29,100,625,1,2016-05-05 15:42:41,R_1CHAJot3FC6NBeN,,,,,35.989898681641,-79.698402404785,anonymous,EN,,7,,,,,,,4,,,,,,,,,,,,,2,,,,,,,,1,,,,,,4,,,,,,,,7,,,,,,,,,,,7,,,,,4,,,,,,,,2,,,,,,,,,,,,3,,,,,,,,4,,,6,,,,,,,,,,,,,7,,,,,,4,,,,,,,,,4,,,,1,,,,,,,26,1,4,4,8
2016-05-05 15:34:09,2016-05-05 15:42:41,0,107.10.210.189,100,511,1,2016-05-05 15:42:42,R_2SCdKufodrraz8A,,,,,41.445205688477,-81.699600219727,anonymous,EN,,7,,,,,,,,7,,,,,,,7,,,,,,,,,7,,,,,,,7,,,,,,,,,,7,,,,,,,,6,,,,,,,,,,,7,,,,,,6,,,,,7,,,,,,,,7,,,,,,,,,,,7,,,,,,7,,,,,,,,,7,,,,,,,,6,,,,,,,,,,,,,7,,33,1,5,5,7
2016-05-05 15:34:10,2016-05-05 15:42:48,0,173.64.218.106,100,518,1,2016-05-05 15:42:48,R_73gl19vqtwsCL3b,,,,,32.957901000977,-96.623596191406,anonymous,EN,,,,6,,,,,,5,,,,,,,2,,,,,,,,,,,,,,,2,,,,,,,5,,,,,,,,,6,,,,,,,,6,,,,5,,,,,,,,,,,6,,,,7,,,,,,,,,,,,,5,5,,,,,,,,,,,,,6,,,,,,,,,,7,,,,,6,,,,,,2,,,,,,,26,1,3,5,5
2016-05-05 15:34:30,2016-05-05 15:42:50,0,206.255.68.46,100,499,1,2016-05-05 15:42:50,R_279w3C1gRACViHV,,,,,34.417892456055,-93.049301147461,anonymous,EN,,,,,,,,7,,,,7,,,,,,1,,,,,,,,,,,1,,,,,7,,,,,,,,,,,,,7,,,,4,,,,,,,,,,,,,4,7,,,,,,,,,4,,,,,,,,,,,7,,,,,,,,1,,,,4,,,,,,,,4,,,,,,,,,,,,,,,,,,1,,,,,,,58,2,5,4,8
2016-05-05 15:32:57,2016-05-05 15:42:53,0,108.95.181.182,100,595,1,2016-05-05 15:42:53,R_1mq52jlZ6JYGV0A,,,,,39.953704833984,-82.931701660156,anonymous,EN,,,,,,5,,,,,,,,,,2,,,,,6,,,,,,,,,2,,,,,2,,,,,,,,,,,,,6,,,,6,,,,,,1,,,,,,,,,7,,,,,,,,,,,2,,,,,,,,,7,,,6,,,,,,,,,,,,7,,,,,,,6,,,,,,,4,,,,,,,,,,2,,,,30,1,5,5,7
2016-05-05 15:32:56,2016-05-05 15:42:56,0,71.94.202.19,100,599,1,2016-05-05 15:42:56,R_elMr3Tw4LHp9BW9,,,,,39.598297119141,-119.7758026123,anonymous,EN,,,7,,,,,,,,,3,,,,,,4,,,,,,,5,,,,,,,,3,,,,,,,,,2,,,,,,,,,,6,,,,,,,,,,,,5,,,,,6,,,,,,,,,,5,,6,,,,,,,,,,,,2,,,,,,,,,,,3,,,,,,,2,,,,,,,,7,,,,,,,,,2,,28,1,5,5,5
2016-05-05 15:33:33,2016-05-05 15:43:00,0,71.63.196.113,100,566,1,2016-05-05 15:43:01,R_2ztDcedePVbfcLH,,,,,45.388397216797,-122.59449768066,anonymous,EN,,,,,,,,6,6,,,,,,,,,,,,,3,,,4,,,,,,,,5,,,,,,,,,,,,,,,6,,,,,,,,4,,,,,,,5,,,,,,,,5,,,5,,,,,,,,5,,,,,,,,5,,,,,,,6,,,,,,,,,,,,,,3,,,5,,,,,,,,,,,5,,,,,33,2,5,6,6
2016-05-05 15:31:26,2016-05-05 15:43:04,0,99.195.157.66,100,698,1,2016-05-05 15:43:05,R_06fZySX0Rey0Cl3,,,,,31.462707519531,-85.62670135498,anonymous,EN,,,2,,,,,,,3,,,,,,,,,,2,,,,,,,,1,,,,,,1,,,,,,,,2,,,,,,,,,,,4,,,,,,,,,,,3,,,4,,,,,,,,,,,,1,,5,,,,,,,,,,,2,,,,,,,,,4,,,,,,,,1,,,,,,,,3,,,,,5,,,,,,,,39,2,5,3,6
2016-05-05 15:31:47,2016-05-05 15:43:10,0,67.171.231.229,100,683,1,2016-05-05 15:43:11,R_12o8dePtLHKo7h9,,,,,43.92919921875,-123.08670043945,anonymous,EN,3,,,,,,,,,,,2,,,,,,,,,,,,3,,,,,,,1,,,,,,,3,,,,,,,,5,,,,,,,,,,4,2,,,,,,,,5,,,,,,,,,,,,,,,1,,6,,,,,,,,,,,6,,,,,,,,,5,,,,,,4,,,,,,,,,,,3,,6,,,,,,,,,29,1,5,5,7
2016-05-05 15:36:29,2016-05-05 15:43:12,0,72.130.109.246,100,403,1,2016-05-05 15:43:13,R_21d2uADwa8G3Fx4,,,,,21.377502441406,-158.08619689941,anonymous,EN,,,,,6,,,,6,,,,,,,,,,,,,,6,,,,6,,,,,,,,,,,,5,,,6,,,,,,,,,,,,,5,,,,,,6,,,,,6,,,,,,,,,,,,,,5,,,7,,,,,,,,6,,,,,,,,,6,,,,,,,,,,,,7,,,,,7,,,,5,,,,,,,,,28,2,3,4,5
2016-05-05 15:33:12,2016-05-05 15:43:12,0,107.184.180.143,100,600,1,2016-05-05 15:43:14,R_yKmLYIVRstIh84x,,,,,33.679306030273,-117.90550231934,anonymous,EN,4,,,,,,,,,,,,1,,,,,,,1,,,,,,4,,,,,,,,,,,,4,,,,,7,,,,,,,,,,,4,,,,,,,1,,,,,,,7,,,,,,1,,,,,,,,7,,,,,,,,,,,1,,,,,,,,,1,,,,,,,4,,,,,,,,4,,,,,,,7,,,,,,29,1,5,4,5
2016-05-05 15:37:25,2016-05-05 15:43:15,0,66.27.198.37,100,349,1,2016-05-05 15:43:15,R_2VOykpg9SncchQV,,,,,21.453903198242,-157.82989501953,anonymous,EN,,,,,,,,6,,,,,,,,6,,6,,,,,,,,,,,,,,5,,,,,7,,,,,,,,,6,,,,,,2,,,,,,,,,,,7,,,,,,,5,,,,,,,,,,7,,,,,,,,7,,,,,6,,,,,,,,6,,,,,,6,,,,,,,,,5,,,,,,,,4,,,,,,25,2,5,5,5
2016-05-05 15:33:31,2016-05-05 15:43:17,0,32.208.132.205,100,585,1,2016-05-05 15:43:17,R_ZqVy8lQ9l8TDEbf,,,,,41.681594848633,-72.940498352051,anonymous,EN,,3,,,,,,,,,,,,,5,,2,,,,,,,,1,,,,,,,,,,,,,,,4,,,,2,,,,,,,,4,,,,,,4,,,,,,,5,,,,,,,,,,,3,,,,,6,,,,,,,,2,,,,,,,,,,,,,,5,,,,,3,,,,,,,,,,,5,,,2,,,,,,,,28,1,5,5,7
2016-05-05 15:36:15,2016-05-05 15:43:19,0,99.135.157.190,100,424,1,2016-05-05 15:43:19,R_WBuo8s9VCZLreQ9,,,,,41.935195922852,-88.290901184082,anonymous,EN,,,,2,,,,,,,,,,,2,,,,,,,1,,,1,,,,,,,,,,2,,,,,,,,,,5,,,,,,3,,,,,,,,,,4,,,,,,,2,,,,,,,,,1,,,,,,,,,4,,,,,,,,,1,,,,,,,6,,,,,5,,,,,,,,,,1,,,,,,,,,2,,,,33,1,5,2,7
2016-05-05 15:34:14,2016-05-05 15:43:19,0,76.77.250.19,100,545,1,2016-05-05 15:43:20,R_3Rly0Y8WAskIIpJ,,,,,32.734497070312,-96.173202514648,anonymous,EN,,,,6,,,,,3,,,,,,,,,,,,2,,,,,,,,1,,,,,,,,,6,,,6,,,,,,,,,,,,,,4,,,,1,,,,,,,,,,6,,,,,,,,,,3,,,,,,,,,2,,,,,,,,6,,,,,6,,,,,6,,,,,,,,,,,4,,,,,,,,4,,,,,23,1,5,2,7
2016-05-05 15:34:42,2016-05-05 15:43:20,0,45.48.226.100,100,518,1,2016-05-05 15:43:20,R_3WToMF1JpcIXI1X,,,,,34.076400756836,-118.26260375977,anonymous,EN,,,,,7,,,,,,,,,1,,,,,,,,,,5,,,2,,,,,,,3,,,,,,,,,,,,,,5,,,,,6,,,,,,6,,,,,,,,,3,,,,,,,,,3,,,,,,,,,,,4,,,,,,,,3,,,,,,,,5,,,,,,4,,,,,,,,,,4,,,,,3,,,,,31,1,3,5,8
2016-05-05 15:34:51,2016-05-05 15:43:29,0,66.102.8.158,100,518,1,2016-05-05 15:43:29,R_9vODBjqOkWfjFQx,,,,,28.022201538086,-81.732902526855,anonymous,,,5,,,,,,,5,,,,,,,,,,,,,,5,,,,,,,,5,,,,,,,,6,,,,5,,,,,,,,,,5,,,,,,,,,,6,,,,,,,,3,,,,,6,,,,,,,,,,3,,,6,,,,,,,,,,,2,,,,,2,,,,,,,,,,,,,4,,,,,,,,,4,,,26,2,5,2,7
2016-05-05 15:35:11,2016-05-05 15:43:31,0,108.202.164.185,100,499,1,2016-05-05 15:43:31,R_27qC1YLUmc6HFQ7,,,,,37.372100830078,-121.86430358887,anonymous,EN,,,6,,,,,,,6,,,,,,,,,2,,,,,,5,,,,,,,,,,,,,,,3,,,5,,,,,,,,,5,,,,,2,,,,,,,,6,,,,,,,,,,,,,,6,,,,,4,,,,,,,,,,,,4,,,,,,,7,,,,,,,5,,,,3,,,,,,,,,,,6,,,,,28,1,3,8,4
2016-05-05 15:33:12,2016-05-05 15:43:34,0,108.6.178.198,100,622,1,2016-05-05 15:43:35,R_2pKu4Bvm4tH3cEx,,,,,40.839294433594,-73.27970123291,anonymous,EN,,,5,,,,,,,,,,,,,4,3,,,,,,,,,,,,,3,,,,,,4,,,,,,,6,,,,,,,,,,,4,,,,,4,,,,,,,5,,,,,,,,,,,2,,,,,,,,6,,,,,,,,,4,,,,,,,6,,,,,,,5,,,,,,,,,,,5,,,,,,2,,,,,23,1,5,4,6
2016-05-05 15:36:52,2016-05-05 15:43:36,0,71.235.198.251,100,404,1,2016-05-05 15:43:37,R_2frHSIA1kufs7vM,,,,,42.753005981445,-71.086097717285,anonymous,EN,,,,,,6,,,,,,,,,,4,5,,,,,,,,,5,,,,,,,,,,,4,,,,,6,,,,,,,4,,,,,,,,,,,,,3,,,,,4,,,,,,,,,,5,,,,,,,,6,,,,,,4,,,,,,,,,,,,5,,,,,,,,4,,,,,,3,,,,,,,,3,,,,,26,1,5,5,6
2016-05-05 15:34:26,2016-05-05 15:43:40,0,24.61.162.87,100,553,1,2016-05-05 15:43:40,R_23fOkfuU9MC0RLa,,,,,43.175598144531,-71.410400390625,anonymous,EN,,,4,,,,,,,,,3,,,,,,,,,,5,,,,,,,,,,2,,,,5,,,,,,,,,,,6,,,,,,,6,,,1,,,,,,,,,,,4,,,,,2,,,,,,,,,,,,,5,,,,,,,3,,,,,,,,,,5,,,,5,,,,,,,,5,,,,,,,,,1,,,,,,27,2,5,8,8
2016-05-05 15:32:57,2016-05-05 15:43:41,0,174.21.58.158,100,644,1,2016-05-05 15:43:42,R_2zCT32AZoJuffSL,,,,,47.570999145508,-122.75680541992,anonymous,EN,,5,,,,,,,,,,5,,,,,,2,,,,,,,,,,,,,6,,,,2,,,,,,,,,,,,,5,,,7,,,,,,,,,,2,,,,,,,3,,,,,,,,,,5,,,,,6,,,,,,,,2,,,,,,,,6,,,,,,,,,,,,,3,,,,,,,2,,,,,3,,,,,,57,2,5,3,10
2016-05-05 15:38:46,2016-05-05 15:43:45,0,72.130.109.246,100,298,1,2016-05-05 15:43:45,R_2ypxeeY6dxCyfux,,,,,21.377502441406,-158.08619689941,anonymous,EN,,,,5,,,,,,,,,4,,,,,,,,,7,,,,,,,,,,4,,,,,,,2,,,,,6,,,,,,,6,,,,,,,,6,,,,,,,,,,3,,,,,,6,,,,,,,,,,,,,6,,,,5,,,,,5,,,,,,,,7,,,,,,,,,,,,,,7,,,,,,,,5,,,32,1,3,5,4
2016-05-05 15:31:55,2016-05-05 15:43:50,0,108.28.191.119,100,715,1,2016-05-05 15:43:51,R_UaupL4LJSmGSGel,,,,,38.771499633789,-77.060897827148,anonymous,EN,,,,,,,6,,,,,,,6,,,,5,,,,,,,,,1,,,,,,5,,,,,,,,,,,,,6,,,,,,,,,,6,,,,,,,,6,,,5,,,,,,,,,,,2,,,6,,,,,,,,,,,4,,,,,,,7,,,,,,,,,,,,3,,,,,1,,,,,,,,,,,,3,,29,2,1,5,9
2016-05-05 15:32:28,2016-05-05 15:43:50,0,74.103.162.79,100,682,1,2016-05-05 15:43:51,R_22P04tPnH5dj7FL,,,,,40.427795410156,-75.114700317383,anonymous,EN,,,,,,,5,,,,,,,,,3,,4,,,,,,,,,,,,1,,,4,,,,,,,,,,,,7,,,,,,,4,,,,,,2,,,,,,,,,,,7,,,,2,,,,,,,,,,,7,,,,,1,,,,,,,,6,,,,,,,,,,2,,,,,,,4,,,,,,,,1,,,,,,,,31,2,5,5,8
2016-05-05 15:34:09,2016-05-05 15:44:05,0,108.4.49.19,100,595,1,2016-05-05 15:44:06,R_33xuskDCljLYM9a,,,,,37.444900512695,-77.298301696777,anonymous,EN,,,,,,4,,,,,,,,4,,,3,,,,,,,,,,,4,,,,,,,,,,,,4,,,,,6,,,,,,,,,,,4,,,,,,,,5,,,6,,,,,,,,,,,,3,,,,,,,,4,,,,4,,,,,,,,,,,,,4,,3,,,,,,,,,,,4,,,,,,,5,,,,,,25,1,5,2,6
2016-05-05 15:34:15,2016-05-05 15:44:17,0,107.5.36.128,100,602,1,2016-05-05 15:44:17,R_UW9Z0Sp70p8QQGl,,,,,42.51530456543,-82.984199523926,anonymous,EN,,3,,,,,,,2,,,,,,,,,,,,,3,,,,2,,,,,,,,,,,,3,,,,,,,4,,,,,,,6,,,,,,,,,,,,2,,,,,3,,,,,6,,,,,,,,,,,,,,3,,,5,,,,,,,,,,,5,,,,,,,,2,,,,4,,,,,,,,,2,,,,,,,45,2,5,4,10
2016-05-05 15:32:42,2016-05-05 15:44:17,0,71.90.205.15,100,695,1,2016-05-05 15:44:18,R_1DwMppQkFdsq4aT,,,,,34.055999755859,-84.379501342773,anonymous,EN,,,,,,,5,,,,,,,,,2,,,2,,,,,,1,,,,,,,,,,,,,,3,,,,,5,,,,,,,,2,,,,,,,,,6,,,,,,,,,,,2,,,,,,,,1,,,,1,,,,,,,,,2,,,,,,,,,,,6,,,,,,,,6,,,,2,,,,,,1,,,,,,,,55,2,5,4,6
2016-05-05 15:39:52,2016-05-05 15:44:27,0,209.6.205.173,100,274,1,2016-05-05 15:44:27,R_ymRkH2LObwZue1X,,,,,42.382797241211,-71.095497131348,anonymous,EN,5,,,,,,,,,,,,4,,,,,,,,,,4,,,,,,,5,,,,,,4,,,,,5,,,,,,,,5,,,,,,,,,,,,,,,6,,,,,,,5,,,,,5,,,,,,,,,,,,4,,6,,,,,,,,,6,,,,,,,,,,,4,,,,,,5,,,,,,,,,,5,,,,26,1,5,5,5
2016-05-05 15:35:56,2016-05-05 15:44:32,0,207.104.54.2,100,515,1,2016-05-05 15:44:32,R_2S7YCVEQSU9KkX9,,,,,37.722106933594,-121.03759765625,anonymous,EN,,2,,,,,,,,3,,,,,,,,,,,,,,3,,,,,2,,,,4,,,,,,,,,,,,,,3,,,,,,,,4,,,,,,,,5,,,,,,,,2,,,4,,,,,,,,,,,,3,,,,,,4,,,,,,,,,,,4,,,3,,,,,,,,,,,,,,2,,2,,,,,,,,34,1,3,5,7
2016-05-05 15:31:29,2016-05-05 15:44:34,0,97.89.229.112,100,785,1,2016-05-05 15:44:34,R_3j8mcSiHC7NaIjx,,,,,35.51530456543,-79.200698852539,anonymous,EN,6,,,,,,,,,,,2,,,,,,,,,,,,5,,,,,2,,,,3,,,,,,,,,,,,,,,5,,,,,,,6,,,,,7,,,,,,,,,,6,,,,,,,,,2,,,,,,7,,,,,,,,7,,,,,,,,,,,6,,,,,,7,,,,,,,,,5,,,,,,6,,,,,28,1,5,4,4
2016-05-05 15:33:28,2016-05-05 15:44:51,0,70.113.52.220,100,683,1,2016-05-05 15:44:52,R_2sRy62Sdzrliw6H,,,,,30.454895019531,-97.756500244141,anonymous,EN,,,,,,6,,,,,,,,,5,,,,,,,,,1,3,,,,,,,,,,,5,,,,,,,,,,,,2,,,,,,,6,,,,,,,,,3,,,,,,,,7,,,,,,3,,,,5,,,,,,,,,1,,,,,,,,,,,,,6,,,6,,,,,,,5,,,,,,,,,,,6,,,,,25,1,5,4,7
2016-05-05 15:33:40,2016-05-05 15:44:58,0,24.27.67.169,100,678,1,2016-05-05 15:44:59,R_3emO5qdUedKdmB8,,,,,33.016204833984,-96.538200378418,anonymous,EN,,6,,,,,,,,2,,,,,,,,,,,2,,,,,2,,,,,,,,2,,,,,,,,,3,,,,,,2,,,,,,,,2,,,,,,,,,,,,,,,2,,,,,,,2,,,,,2,,,,,,,,2,,,,,,,,2,,,,,,,,4,,,,,3,,,,,,,,2,,,,,,,,,58,2,3,5,6
2016-05-05 15:34:04,2016-05-05 15:44:59,0,72.133.44.41,100,654,1,2016-05-05 15:45:00,R_ykAEB31sV3Uvo6l,,,,,44.52409362793,-87.905601501465,anonymous,EN,,,5,,,,,,,,,,,,,2,,,,5,,,,,,,,,,,,1,,,,4,,,,,,,,,,6,,,,,,,5,,,,,,,,,5,,,,,,,,,,5,,,,,,5,,,6,,,,,,,,,,5,,,,,,,6,,,,,,,,,,,,,,6,7,,,,,,,,,,,,,,,4,,39,2,5,7,5
2016-05-05 15:37:27,2016-05-05 15:45:00,0,104.174.223.0,100,453,1,2016-05-05 15:45:01,R_1Eg5vqiVrvsPFpO,,,,,34.078994750977,-117.84939575195,anonymous,EN,7,,,,,,,,,,,,,,1,,,,,,,1,,,,,,,,,,1,,,,,,,1,,,,,,,,,7,,4,,,,,,,,,4,,,,,,,,,,,7,,,,,,,,4,,,,,,,4,,,,,,,4,,,,,1,,,,,,,,,4,,,,,,,,,1,,,,,,,,,4,,,,,,26,1,3,5,10
2016-05-05 15:31:39,2016-05-05 15:45:08,0,96.232.36.204,100,809,1,2016-05-05 15:45:09,R_1QfLLV27HwsjPt9,,,,,40.616592407227,-74.012397766113,anonymous,EN,,,,5,,,,,3,,,,,,,,,,,1,,,,,,,,1,,,,,,,,,6,,,,,5,,,,,,,,,,,,,,7,,,,,,,5,,,4,,,,,,,,,4,,,,,,,,,7,,,,,,,,,,,2,,,,,,7,,,,4,,,,,,,,,2,,,,,,,,,,,,,,2,,25,2,3,4,8
2016-05-05 15:33:10,2016-05-05 15:45:11,0,76.94.166.195,100,721,1,2016-05-05 15:45:11,R_bEI04bP0vTNWw3r,,,,,34.145294189453,-119.1091003418,anonymous,,,,,,,3,,,3,,,,,,,,,,,,1,,,,,,,1,,,,,,,,3,,,,,,,,,,3,,,,,,,,5,,,,,,,,,5,,,,1,,,,,,,,4,,,,,,,,,,,,,5,,,,,,,,6,,,,,,6,,,,,,,,3,,,,,,,,,2,,,,,,,,1,,,26,1,3,5,7
2016-05-05 15:35:19,2016-05-05 15:45:13,0,96.92.195.94,100,593,1,2016-05-05 15:45:14,R_bOh1jgCq3iZaq3L,,,,,42.128601074219,-87.923698425293,anonymous,EN,,,7,,,,,,,2,,,,,,,,,,,1,,,,,1,,,,,,,,,,,,,7,,,,,,2,,,,7,,,,,,,,,,,,2,,,,7,,,,,,,,,,,,,,6,,,,,,,3,,,,,,,,,,4,,,,,,,,5,,,,1,,,,,,,,,,,,2,6,,,,,,,,,31,1,5,5,6
2016-05-05 15:31:50,2016-05-05 15:45:15,0,107.191.1.49,100,804,1,2016-05-05 15:45:15,R_3RsAmWrIuksbSPR,,,,,40.503692626953,-111.70749664307,anonymous,EN,,,,,,,,3,,,,,2,,,,,,4,,,,,,,,1,,,,,,4,,,,,,,,,2,,,,,,,,,,4,,,,,,,,,,1,,,,,4,,,,,,,,2,,,,,,,,4,,,,,,,,1,,,,,,,,5,,,,,,,,,,,,,1,,,,,,,,2,,,,1,,,,,,30,2,5,4,5
2016-05-05 15:32:07,2016-05-05 15:45:32,0,71.54.234.108,100,805,1,2016-05-05 15:45:33,R_1jetbCnb1GXdiZq,,,,,26.288803100586,-81.529998779297,anonymous,EN,,,,,,,,5,,1,,,,,,,,,,,,,,1,,,,,,1,,,,,,,4,,,,5,,,,,,,,6,,,,,,,,,,,,,1,,,,7,,,,,,,,,1,,,,,,,,,,6,,,,,,,,,1,,,,,,,,5,,,,1,,,,,,,,,,1,,,,,,,,,,6,,,,43,1,5,8,8
2016-05-05 15:34:55,2016-05-05 15:45:42,0,75.117.80.200,100,646,1,2016-05-05 15:45:42,R_eevMKDNgO3LPZbX,,,,,35.589004516602,-80.767997741699,anonymous,EN,,,,,,,6,,,4,,,,,,,,,,,5,,,,,4,,,,,,,,,,,,,,7,,,,,,,,7,,,7,,,,,,,,,,,1,,,,,,6,,,,,6,,,,,,,,7,,,,,,,,,,1,,,,,,,,7,,,,,,4,,,,,,,,,,,,,,,5,5,,,,,,,,,37,2,5,5,9
2016-05-05 15:31:58,2016-05-05 15:45:55,0,72.65.236.250,100,837,1,2016-05-05 15:45:56,R_1pol0eGkwiW2RSY,,,,,40.404998779297,-79.974098205566,anonymous,EN,6,,,,,,,,6,,,,,,,,,,,,6,,,,,,,,5,,,,,,,,,,7,,,,,,6,,,,,,,,,4,,,,,,,6,,,,,,,,,,,4,,,,,,,6,,,,,,,7,,,,,,,,6,,,6,,,,,,,,,,,,,,,6,,,,,,,6,,,,,,,,6,,,33,2,5,5,6
2016-05-05 15:36:55,2016-05-05 15:46:04,0,208.90.180.159,100,548,1,2016-05-05 15:46:05,R_3EuNv697lcM1BKh,,,,,33.05810546875,-112.04759979248,anonymous,EN,,,5,,,,,,,,,,,,4,,,,,,4,,,,,,,,,,,5,,,,,,,,6,,,5,,,,,,,,,,5,,,,,,,,5,,,,,,,,,2,,,3,,,,,,,,,,,5,,,,,,,,,,,6,,,,,5,,,,,4,,,,,,,,,,,,3,,,,,,,,,,5,,,21,1,2,4,6
2016-05-05 15:31:34,2016-05-05 15:46:05,0,198.8.80.184,100,870,1,2016-05-05 15:46:05,R_22Prrl5ZIrxC5Qr,,,,,34.043792724609,-118.25120544434,anonymous,EN,,,,,,,,4,,,,4,,,,,,,,,,,6,,,,1,,,,,,,,6,,,,,,,,,,,,7,,6,,,,,,,,,,,,,,7,,6,,,,,,,,,,,,,2,,,,,,,7,,,,,,2,,,,,,,,,,,5,,,,,,,2,,,,,,,5,,,,,,,,,,,,6,,35,1,5,8,5
2016-05-05 15:34:30,2016-05-05 15:46:16,0,68.224.62.46,100,705,1,2016-05-05 15:46:16,R_9KqpoaLy2rmFlbr,,,,,36.111297607422,-115.27909851074,anonymous,EN,,,,,,,4,,,,,,,,,6,,,,,6,,,,,,,,3,,,,,,,,,,,4,5,,,,,,,,,,,,,,3,,,,,,,,,,,,,,,,5,,,,3,,,,,,,,,,,,,4,,,,,,5,,,,,,,,,,3,,,3,,,,,,,,,,,4,,,6,,,,,,,,,28,1,5,5,4
2016-05-05 15:37:38,2016-05-05 15:46:29,0,66.157.218.212,100,530,1,2016-05-05 15:46:29,R_3MEBK22uhr6CFcP,,,,,30.35090637207,-81.64469909668,anonymous,EN,,,,6,,,,,,,,,,,7,,,,,,,3,,,,,,,,,5,,,,,6,,,,,,,,,,,5,,,,,2,,,,,,,,,,4,,,,,,,,,5,,,,,,,,,4,,,,,,2,,,,,,,,,,4,,,5,,,,,,,,,,,6,,,,,,,,,,6,,,,,,,2,,,28,2,5,5,6
2016-05-05 15:37:27,2016-05-05 15:46:31,0,205.173.37.173,100,544,1,2016-05-05 15:46:32,R_3PjYAgoAbRc0dbX,,,,,30.362396240234,-81.697196960449,anonymous,EN,,,,,,,,7,,,,,,3,,,,4,,,,,,,,,,,,,1,,,,,,6,,,,,6,,,,,,,,,,,,,7,,1,,,,,,,,,,,,,,6,,,,1,,,,,,,,,,7,,,,,,,,,,7,,,6,,,,,,,,6,,,,,,,,,,,,,6,,,,,,,1,,,,43,1,5,5,10
2016-05-05 15:33:49,2016-05-05 15:46:35,0,24.46.147.204,100,765,1,2016-05-05 15:46:36,R_1diZdA1StZBl7AT,,,,,40.764404296875,-74.187896728516,anonymous,EN,,,,,4,,,,,,,6,,,,,,,,,,,,1,1,,,,,,,,,,,5,,,,,,,,,,,7,,,,2,,,,,,,2,,,,,,,,,4,,,,,,,,2,,,,,,1,,,,,,,,,,,,,2,,,,5,,,,,,,,,,1,,,,,5,,,,,,,,,,,1,,,,,,36,1,3,5,4
2016-05-05 15:36:43,2016-05-05 15:46:37,0,73.8.31.144,100,594,1,2016-05-05 15:46:37,R_scF05p8ZB30854B,,,,,41.604507446289,-87.995597839355,anonymous,EN,,,,,,,,1,,,,1,,,,,1,,,,,,,,,,,,,,1,,,,,,,1,,,,,,,,,1,,,,1,,,,,,,,,1,,,,,,,,,1,,,,,,,1,,,,,,1,,,,,,,,1,,,,,,,,,,,,,,1,,,,,,1,,,,,1,,,,,,,,,,,,1,,,55,2,2,3,4
2016-05-05 15:31:18,2016-05-05 15:46:44,0,108.216.89.2,100,926,1,2016-05-05 15:46:45,R_2SqwWyOBTK9ReoK,,,,,41.444595336914,-81.921997070312,anonymous,EN,3,,,,,,,,,1,,,,,,,,,,5,,,,,,,,5,,,,,6,,,,,,,,,,5,,,,,,,,,,4,,,,,,,,,,,3,,3,,,,,,,,,6,,,,,,,,3,,,,,,,,,5,,,,,,4,,,,,,,,,,,,,7,,,,,5,,,,,,,,,4,,,,,18,1,5,4,7
2016-05-05 15:34:23,2016-05-05 15:46:45,0,68.56.9.217,100,741,1,2016-05-05 15:46:46,R_1ez3PsrssSbwyI2,,,,,42.545700073242,-83.216499328613,anonymous,EN,,,,,,,7,,,,5,,,,,,,,7,,,,,,,,,1,,,,,,2,,,,,,,4,,,,,,,,,,,7,,,,,,,,,,,,3,,,,,,,,6,,,,,4,,,,,,4,,,,,,,4,,,,,,,,,7,,,,,,,,,,,,,6,,,7,,,,,,,,,,,,3,,,60,2,5,4,6
2016-05-05 15:31:27,2016-05-05 15:46:47,0,74.74.249.188,100,919,1,2016-05-05 15:46:47,R_1gqMbe4EhnySk7L,,,,,42.985794067383,-77.428001403809,anonymous,EN,,4,,,,,,,,,,,3,,,,,,,,,,5,,,,3,,,,,,,4,,,,,,,4,,,,,,,,,,,,,,,5,,2,,,,,,,,,,,,3,,,3,,,,,,,,,,,,,5,,,,,,2,,,,,4,,,,,,,,,,,,4,,,,,,,,,,,4,,,,,,,,3,,58,2,5,3,6
2016-05-05 15:32:52,2016-05-05 15:46:47,0,66.87.117.111,100,835,1,2016-05-05 15:46:48,R_27Vbbyyd3BStWIv,,,,,40.792098999023,-73.943901062012,anonymous,EN,,,,,,,6,,,,6,,,,,,5,,,,,,,,,,,,,,5,,,,,,,,,5,,,,,,,,4,,,6,,,,,,,,,,,3,,,,,,,5,,,,,,,,,,3,,,,,,6,,,,,,,,,,,3,,,,,5,,,,,,,,,3,,,,,,,5,,,,,,,3,,,,,,47,1,5,4,6
2016-05-05 15:33:01,2016-05-05 15:47:04,0,68.235.175.175,100,842,1,2016-05-05 15:47:04,R_2rMFWlt0amxGdN3,,,,,29.119094848633,-98.173301696777,anonymous,EN,,,,2,,,,,,,,,2,,,,,,3,,,,,,,,,,1,,,,,,2,,,,,,,,,,,,4,,,,,6,,,,,,,,,,,6,,,,,,,,6,,,,,,4,,,,,5,,,,,,,2,,,,,,,,,6,,,,,,,,,,,6,,,,,,,4,,,,,,,,,3,,,,,66,1,5,4,7
2016-05-05 15:32:34,2016-05-05 15:47:04,0,75.172.167.88,100,869,1,2016-05-05 15:47:04,R_2q2I8pFfFiRJg8e,,,,,33.491195678711,-111.92369842529,anonymous,EN,,,,,7,,,,,,6,,,,,,,,,,,,,1,,,,,,,,1,,1,,,,,,,,,,,,,,4,,,,,,5,,,,,,,,2,,,4,,,,,,,,,,,,6,,,,,,,2,,,,,,1,,,,,,,,,,,,4,,,,,,,,4,,,,,,,,3,,,,,4,,,,,,,36,2,5,4,6
2016-05-05 15:32:29,2016-05-05 15:47:09,0,74.89.220.75,100,879,1,2016-05-05 15:47:09,R_3KC5mJqulG2txoG,,,,,40.768096923828,-74.167701721191,anonymous,EN,,,,,,,7,,,,,,,,,2,,1,,,,,,,,,,,1,,,,,,6,,,,,,,,,4,,,,,,,,,,,7,,,,2,,,,,,,,,,,,,1,,,,,,5,,,7,,,,,,,,,,,,,1,,,,,4,,,,,,,,,4,,,,,,1,,,,,,,,,,,,1,,,,,2,2,2,5
2016-05-05 15:32:07,2016-05-05 15:47:17,0,66.81.28.148,100,910,1,2016-05-05 15:47:17,R_6KGmYUMcgxjQ8AJ,,,,,34.148406982422,-118.16619873047,anonymous,,,,,,,,7,,,,,,1,,,,,5,,,,,,,,3,,,,,,,3,,,,,,,,,,,,7,,,,,3,,,,,,,,,,,,,,5,,,,,5,,,,,,,,,,1,,,,,,,,,6,,,,,,2,,,,,,,,7,,,,,,4,,,,,,,,,,,,4,,3,,,,,,,,31,2,5,4,8
2016-05-05 15:31:47,2016-05-05 15:47:28,0,24.62.12.254,100,940,1,2016-05-05 15:47:29,R_11bFqHsy4lHKXGM,,,,,42.20930480957,-70.932601928711,anonymous,EN,1,,,,,,,,,,,1,,,,,,3,,,,,,,,,,1,,,,,,,3,,,,,,,,,3,,,,,2,,,,,,,,,1,,,,,,,,3,,,,,,,,,2,,,,,,,,,2,,,,,,,,,2,,,,3,,,,,,,,2,,,,,,,,,,,,,,3,,,,,,,,2,,,30,1,5,5,7
2016-05-05 15:31:38,2016-05-05 15:47:31,0,47.217.11.68,100,953,1,2016-05-05 15:47:32,R_1dgLecrcU5qQ2Ea,,,,,36.398101806641,-97.966201782227,anonymous,EN,,,,,3,,,,3,,,,,,,,,,1,,,,,,,,,,,,1,,,,,,,,,1,,,,,4,,,,,4,,,,,,,1,,,,,,,,,,,,,1,,,,,,,,,,1,,,,,,,,1,1,,,,,,,,,,,,,,,4,,,1,,,,,,,,,,,2,,,1,,,,,,,,,34,2,5,5,5
2016-05-05 15:43:04,2016-05-05 15:47:31,0,148.74.20.127,100,267,1,2016-05-05 15:47:32,R_2fboH8e1lyaeH85,,,,,41.057205200195,-73.778701782227,anonymous,EN,,,,,,,,5,,,,,,,,4,,,,,,,,2,,,,,,1,,,,,1,,,,,,,2,,,,,,,1,,,,,,,,,,,,,1,,,,,,3,,,,,,,,6,,,,,,,4,,,,,,,,2,,,,,,,,,1,,,,,,,,,,,6,,,,,,5,,,,,,,2,,,,,,33,1,5,5,5
2016-05-05 15:33:32,2016-05-05 15:47:34,0,24.225.119.55,100,841,1,2016-05-05 15:47:34,R_OfGTCPUucCWrsbL,,,,,48.146392822266,-96.176498413086,anonymous,EN,,,,,,4,,,,,,,,1,,,,1,,,,,,,,,1,,,,,,,,,1,,,,,,,,,3,,,,,,,,,,,4,,,6,,,,,,,,,,,,,4,,,,,,,,1,,,,,,5,,,,1,,,,,,,,,,,,,6,,,6,,,,,,,,,4,,,,,,,,,,,,,2,,38,1,5,5,7
2016-05-05 15:31:13,2016-05-05 15:47:41,0,71.191.250.86,100,987,1,2016-05-05 15:47:41,R_3fZDQ0HKyA57tlt,,,,,38.743804931641,-77.233299255371,anonymous,EN,,,,2,,,,,,,,,,,5,,,,,,,,,5,,,3,,,,,,,,,,,,,4,,,6,,,,,,,4,,,,,,,,,,2,,,,,,,,,,,5,,,,,,,,,5,,,,5,,,,,2,,,,,,,,,6,,,,,,,,,,,5,,,,,,,,,5,,,3,,,,,,,,,28,2,3,5,7
2016-05-05 15:34:14,2016-05-05 15:47:52,0,172.91.192.214,100,818,1,2016-05-05 15:47:52,R_3EcATsLMamJIwBW,,,,,34.510192871094,-118.68040466309,anonymous,EN,,,,,,5,,,,,,6,,,,,,,,,,,5,,3,,,,,,,,,,,5,,,,,,,,,,6,,,,,,,,,,5,,,,5,,,,,6,,,,,,,,,,,,,4,,,7,,,,,,,,,,,,,,,5,,,,6,,,,,,6,,,,,,,,4,,,,,,,,,,3,,,,,,34,1,2,5,4
2016-05-05 15:45:40,2016-05-05 15:47:53,0,24.247.75.53,100,133,1,2016-05-05 15:47:54,R_27m9oWuJmjPxtoe,,,,,44.809600830078,-85.570701599121,anonymous,EN,4,,,,,,,,,,,,,,3,,,,,,,5,,,,,,5,,,,,,,,,4,,,,,,,,,,,5,,,,,,,,6,,5,,,,,,,,,,,,,,4,,4,,,,,,,,,,,3,,,,,,,,,,,4,,,,5,,,,,3,,,,,,,,,,,,6,,,,,5,,,,,,,,20,1,5,4,3
2016-05-05 15:32:31,2016-05-05 15:48:27,0,100.40.21.35,100,956,1,2016-05-05 15:48:27,R_2pY7P5XHvSzkrsw,,,,,41.700805664062,-71.392196655273,anonymous,EN,,,,,,,7,,7,,,,,,,,,,,,,,,7,,,7,,,,,,,,,,,,7,,,,,,,,7,,,,,,,7,,,,,,,,,,1,,7,,,,,,,,5,,,,,,,,,,7,,,,,,,,,,,,4,,,7,,,,,,,,,,3,,,,,,,,7,,,,,1,,,,,,,,55,2,5,2,7
2016-05-05 15:38:19,2016-05-05 15:48:47,0,73.202.16.53,100,627,1,2016-05-05 15:48:47,R_3FIEsD4UpCH1xkX,,,,,37.804702758789,-122.21240234375,anonymous,EN,,,,7,,,,,,,7,,,,,,,,,,,,5,,,,,,,,2,,,,,5,,,,,7,,,,,,,,,,,,,6,,,6,,,,,,,,,,,,,7,,,,,,,,,1,,,7,,,,,,,,1,,,,,,,,,,,,,7,,,,,,7,,,,,,,,,,,6,,1,,,,,,,,35,1,5,2,9
2016-05-05 15:45:28,2016-05-05 15:48:48,0,68.5.223.62,100,199,1,2016-05-05 15:48:48,R_oY5jCmgI8r7I4iR,,,,,33.60530090332,-117.71730041504,anonymous,EN,,,,,,,,7,,,,7,,,,,,,,,,,7,,,,,,,7,,,,,,,,7,,,7,,,,,,,,,,,7,,,,,7,,,,,,,,,,,,,,,7,,,7,,,,,,,,,,,,,7,,7,,,,,,,,,,,,7,,,,,,,7,,,,7,,,,,,,,7,,,,,,,,,28,2,5,4,5
2016-05-05 15:34:53,2016-05-05 15:48:51,0,76.254.1.221,100,838,1,2016-05-05 15:48:52,R_3QWpTqoynzhUnEb,,,,,37.674499511719,-122.0883026123,anonymous,EN,,7,,,,,,,,,,,2,,,,,,,,,,,6,,,,,,1,,,,,,,4,,,,7,,,,,,,,,,7,,,,,,,,,,,3,,,,,,,,5,,,,,,1,,,,,,,,,,,,6,,,,,,,,2,,,,,,,,7,,,,,7,,,,,1,,,,,,,,,,,,,1,,,48,1,5,4,6
2016-05-05 15:34:02,2016-05-05 15:48:53,0,104.169.2.22,100,891,1,2016-05-05 15:48:54,R_1EZpcs6LCqD9BN2,,,,,37.693893432617,-88.545997619629,anonymous,EN,,1,,,,,,,,,,,1,,,,,,,2,,,,,,,,,1,,,,,,2,,,,,,,,,1,,,,,,,,,,,4,,,1,,,,,,,,1,,,,,,,,,,2,,,,,,,,,,2,,,,,,,,4,,,,,,,,,6,,2,,,,,,,,,,,,,,2,,,,1,,,,,,,25,2,5,4,8
2016-05-05 15:33:37,2016-05-05 15:48:59,0,73.22.47.199,100,922,1,2016-05-05 15:49:00,R_DuCIgw0cncLtAyZ,,,,,39.684295654297,-89.723701477051,anonymous,EN,,1,,,,,,,,,,,2,,,,,,3,,,,,,,,,,1,,,,,,,1,,,,,,,,2,,,,,,3,,,,,,,,,,1,,,,,2,,,,,,,,,,,,5,,,,,,,2,,,,,,,,2,,,,,,,,,1,,,,,,,3,,,,,,,,1,,,,,,1,,,,,,,,59,2,5,4,8
2016-05-05 15:32:01,2016-05-05 15:49:00,0,173.165.81.169,100,1018,1,2016-05-05 15:49:00,R_10BPCT74LoGWeK4,,,,,41.921401977539,-88.074501037598,anonymous,EN,,5,,,,,,,,,3,,,,,,,,2,,,,,,,,,,,2,,,,,,,5,,,,,5,,,,,,,,,,6,,,,,,,,,5,,,,6,,,,,,,,,,,,4,,,,,,,,,6,,,,,,1,,,,,,,,,,,,5,,,,,6,,,,,,,,5,,,,,,,,,2,,,,24,1,5,5,6
2016-05-05 15:32:17,2016-05-05 15:49:00,0,75.175.98.11,100,1002,1,2016-05-05 15:49:00,R_6WPvZDNiTfFeHQd,,,,,45.544204711914,-122.64309692383,anonymous,EN,,,,,4,,,,,,,,,4,,,,,,,5,,,,,2,,,,,,,,,4,,,,,,,,,,,,5,,,,,,,,5,,,,,,,,3,,,,,,,,,4,,,,,3,,,,,,,,,,6,,3,,,,,,,,,,,,,4,,,,,,,,,5,,,,,,,,4,,,,,,,,,2,,48,1,5,4,10
2016-05-05 15:32:10,2016-05-05 15:49:04,0,107.2.158.61,100,1013,1,2016-05-05 15:49:04,R_3nVhIQzHW7xv81F,,,,,39.705505371094,-104.96640014648,anonymous,EN,1,,,,,,,,3,,,,,,,,,,4,,,,,,,,,1,,,,,,5,,,,,,,,,,,,4,,,,,,,,,,7,,,,,,,6,,,,,,,,4,,,,,,4,,,,,,,,,,4,,,7,,,,,,,,,,,6,,,,,,,5,,,,,,,,,,,4,,4,,,,,,,,,49,2,5,2,6
2016-05-05 15:32:48,2016-05-05 15:49:05,0,107.143.169.148,100,976,1,2016-05-05 15:49:05,R_3lVxU1XtUuXQ8Ul,,,,,27.839294433594,-97.600402832031,anonymous,EN,,,,,,,,4,,,,,,,,7,,,,,,,,2,,,6,,,,,,,,,4,,,,,,,,,,,7,,,,,,7,,,,,,,,6,,,,,,6,,,,,,,,,,,3,,,,,,,6,,,,7,,,,,,,,,,,,,,7,,,4,,,,,,,,,,2,,,,,,,7,,,,,,,26,1,2,4,9
2016-05-05 15:31:27,2016-05-05 15:49:09,0,72.189.124.40,100,1062,1,2016-05-05 15:49:10,R_3j86i9QqLY7PH8A,,,,,28.491302490234,-81.409698486328,anonymous,EN,,,,,7,,,,,,,,,,7,,,,,4,,,,,,6,,,,,,,,,4,,,,,,,,,,,5,,,,,7,,,,,,,,2,,,,,,,5,,,,,,,,,,1,,,,,,,,,,,7,,,,,4,,,,,,,,3,,,,,,6,,,,,,,,,6,,,,,,,,7,,,,,,,27,2,2,2,9
2016-05-05 15:33:55,2016-05-05 15:49:13,0,184.91.224.151,100,917,1,2016-05-05 15:49:14,R_094rWo5810F6RIR,,,,,28.97819519043,-80.865600585938,anonymous,EN,,,,,3,,,,,,,,,,,4,,,,1,,,,,,,,,,,1,,,,,,,,,3,,,6,,,,,,,4,,,,,,,,,2,,,,,,,,,,1,,,,,,,1,,,,,,6,,,,,,,,,2,,,,,,,,,,,,3,,,,4,,,,,,,,,,4,,,,2,,,,,,,,,63,2,5,5,8
2016-05-05 15:31:33,2016-05-05 15:49:17,0,50.103.120.38,100,1064,1,2016-05-05 15:49:18,R_22qSb38GWlOy4En,,,,,40.48420715332,-88.993698120117,anonymous,EN,2,,,,,,,,,2,,,,,,,5,,,,,,,,,,,,,,,4,,3,,,,,,,,,,,,2,,,,,,,,,,4,,,,,,,5,,,,,,,2,,,4,,,,,,,,,6,,,,,,,,4,,,,,,,,5,,,,,,,,,,,,,,2,,,,,,3,,,,,,,,,,2,,28,2,5,5,8
2016-05-05 15:35:25,2016-05-05 15:49:20,0,97.91.237.127,100,834,1,2016-05-05 15:49:20,R_3fIrGdslgqPS77V,,,,,38.455596923828,-89.770896911621,anonymous,EN,,,,3,,,,,,,3,,,,,,,,3,,,,,,1,,,,,,,,,,,,,3,,,6,,,,,,,,,,5,,,,,,,,,,,1,,,,,,,,6,,,,,,,,3,,,3,,,,,,,,,,,,,,,1,,,,,3,,,,,,7,,,,,,,,6,,,,,,,,,,,,6,,,31,2,6,5,5
2016-05-05 15:39:27,2016-05-05 15:49:23,0,68.34.242.48,100,595,1,2016-05-05 15:49:23,R_2SxkFsQWl7ljVlg,,,,,42.425704956055,-83.043701171875,anonymous,EN,,,3,,,,,,,,,3,,,,,,3,,,,,,,,2,,,,,,,,,,,3,,,,,,6,,,,,,,1,,,,,,,,,,,,,7,,,,5,,,,,,,,,1,,,,,,,,,5,,,,1,,,,,,,,,,5,,,,,,,,,6,,,,,,,,,,,,2,,,5,,,,,,,29,1,1,2,7
2016-05-05 15:42:50,2016-05-05 15:49:33,0,72.79.148.201,100,402,1,2016-05-05 15:49:34,R_0SSl0SNv3OZBm1j,,,,,41.280807495117,-75.896202087402,anonymous,EN,,,,,6,,,,,,,,,4,,,,2,,,,,,,,,1,,,,,,,,,,,,5,,,5,,,,,,,4,,,,,,,,,,,,5,,,,,,5,,,,,,,,,,,,4,,,,,,,6,,,,,,,2,,,,5,,,,,,,,,,,,,3,,,,5,,,,,,,,,,,,,,6,,30,1,5,4,8
2016-05-05 15:35:08,2016-05-05 15:49:49,0,108.183.214.48,100,880,1,2016-05-05 15:49:50,R_3Pz2m5OVtvp3MyN,,,,,43.184295654297,-76.200103759766,anonymous,EN,,,5,,,,,,,,,,,5,,,,,,,,3,,,,,,3,,,,,,,,,,,3,,,,,,,,5,,6,,,,,,,,,3,,,,,,,,,,,6,,,,,,,,,,,3,,,,,,6,,,,,,,4,,,,,,,,4,,,,,,,,,,,5,,,,,,,,5,,,,,,3,,,,30,1,5,5,6
2016-05-05 15:31:40,2016-05-05 15:50:13,0,73.230.123.122,100,1112,1,2016-05-05 15:50:14,R_s5sQsHKCU2q6c81,,,,,40.935394287109,-77.783096313477,anonymous,EN,7,,,,,,,,,,,,,,,3,,,,,2,,,,,,,1,,,,,,,,,,,6,,,,,,,,6,,,6,,,,,,,,,1,,,,,,,,,,7,,,,7,,,,,,,,,5,,,,,,,,,,,,,6,,5,,,,,,,,,,,,,,,7,,5,,,,,,,,,4,,,,,,,57,1,5,3,9
2016-05-05 15:33:49,2016-05-05 15:50:19,0,108.36.85.148,100,989,1,2016-05-05 15:50:19,R_3GvJno3Lpum6Vfy,,,,,39.919296264648,-75.418998718262,anonymous,EN,,,,,5,,,,,,5,,,,,,,6,,,,,,,,,,,,4,,,,,,5,,,,,,,5,,,,,,,,,,,5,,,,,,,3,,,,,,,5,,,,,,,,,,2,,,,,,,6,,,,,,,6,,,,,,,,,,,5,,,,,,,,6,,,,,,,,,5,,,,,,,2,,,28,2,5,6,7
2016-05-05 15:33:17,2016-05-05 15:50:27,0,100.13.5.142,100,1029,1,2016-05-05 15:50:27,R_1LMz3o29ejBG0RM,,,,,28.08219909668,-82.523902893066,anonymous,EN,,,3,,,,,,,2,,,,,,,,,,,,2,,,,,,2,,,,,2,,,,,,,,4,,,,,,,,,,,,,5,,,,2,,,,,,,,,,,3,,,,,,,,,,,4,,,,,,,5,,4,,,,,,,,,,,,6,,,,,,4,,,,,,,,,,,,,4,,3,,,,,,,,43,2,5,6,6
2016-05-05 15:31:20,2016-05-05 15:50:33,0,209.95.50.64,100,1153,1,2016-05-05 15:50:34,R_31LDVkPtASjf01y,,,,,40.742095947266,-74.001800537109,anonymous,EN,,,4,,,,,,,,5,,,,,,3,,,,,,,,,1,,,,,,,,,,,4,,,,,,,,,5,,,,,,,,,6,,,1,,,,,,,,,4,,,,,,,,,,,,1,,,,,4,,,,,,,,,2,,,,,,,,,,,5,,,,3,,,,,,,,,4,,,,,,,,,,,1,,47,1,5,5,5
2016-05-05 15:31:48,2016-05-05 15:50:43,0,69.144.137.178,100,1134,1,2016-05-05 15:50:44,R_1FLF8fsmOVPAkpH,,,,,39.190994262695,-108.7093963623,anonymous,EN,,,,,7,,,,,,,,,,5,,7,,,,,,,,,,,1,,,,,,,,4,,,,,,,6,,,,,,7,,,,,,,,,,,4,,,,,,,,,,7,,,,,1,,,,,,,,,5,,,,,,7,,,,,,,,,,6,,,,,,,,,,,,1,,,,1,,,,,,,,1,,,,,,29,1,5,6,4
2016-05-05 15:42:00,2016-05-05 15:50:55,0,40.131.220.171,100,534,1,2016-05-05 15:50:56,R_3nUATMe0Tx4Xkir,,,,,28.553497314453,-81.300399780273,anonymous,EN,,,,6,,,,,,3,,,,,,,,,,,,,,5,,,,,,,,6,,,,,,2,,,,,,,5,,,,,,,,3,,,,,,,7,,,,,,3,,,,,,,,4,,,,,,,,,,,,,,6,,,,,,,4,,,,,,7,,,,,,,,,,6,,,,,,,,6,,,,4,,,,,,,25,1,6,3,5
2016-05-05 15:42:55,2016-05-05 15:51:37,0,107.219.126.149,100,521,1,2016-05-05 15:51:37,R_4O5oaOnxfrXerbr,,,,,41.604507446289,-87.995597839355,anonymous,EN,,,,5,,,,,,,,6,,,,,,,,,5,,,,2,,,,,,,,,3,,,,,,,,,,7,,,,,,,5,,,,,,,,1,,,,,,,,,,,5,,,,4,,,,,,,,,,,,,6,,,,,,,,4,,,,,5,,,,,,6,,,,,,,,,,,,2,,,,,6,,,,,,,39,1,5,2,9
2016-05-05 15:35:54,2016-05-05 15:51:39,0,172.56.14.189,100,945,1,2016-05-05 15:51:40,R_3JJ0A2pX04RCufy,,,,,29.752700805664,-95.409896850586,anonymous,EN,,,,,,2,,,,,,,,,2,,,,,2,,,,,,,,,,,5,,,,2,,,,,,,2,,,,,,,,,,,,6,,,,,,,,,5,,,,,,5,,,,,,,,3,,,,5,,,,,,,,,6,,,,,,,,,,,,6,,,,3,,,,,,,,,,,4,,,,,,,,,3,,,,66,2,5,5,6
2016-05-05 15:31:28,2016-05-05 15:52:02,0,75.109.157.128,100,1233,1,2016-05-05 15:52:02,R_2TufLtuxux2LugW,,,,,32.317993164062,-95.292098999023,anonymous,EN,4,,,,,,,,,,,,,4,,,,,,,,,1,,,,,,,1,,,,,,,,,4,,,,,6,,,,,,,,5,,,,,,,,,4,,,,,,,,,,,2,1,,,,,,,,,,,,,6,,,,,,,,,,4,,,,,,2,,,,,,,,,,1,,,1,,,,,,2,,,,,,,,,26,2,5,4,8
2016-05-05 15:40:35,2016-05-05 15:52:19,0,173.152.4.199,100,703,1,2016-05-05 15:52:19,R_1cTdIzdogOSzW8p,,,,,39.964294433594,-75.144401550293,anonymous,EN,,,,,5,,,,7,,,,,,,,,,,5,,,,,,,,4,,,,,,,3,,,,,,,,,,,,7,,,,,,,,5,,5,,,,,,,,,,,,,,4,,4,,,,,,,,4,,,,,,,,,,4,,,,,,,,,,6,,,,,,,,,,5,,,,,4,,,,,,,,,,4,,,,33,1,5,3,8
2016-05-05 15:34:13,2016-05-05 15:52:22,0,68.1.89.240,100,1089,1,2016-05-05 15:52:23,R_1GHVUhO0bOZkoep,,,,,30.480499267578,-87.199699401855,anonymous,EN,6,,,,,,,,,,,,,6,,,,,2,,,,,,,,,,3,,,,,,,,,5,,,,,,,,3,,,,6,,,,,,,,,,,,1,,,,1,,,,,,,,2,,,,,,,,,,,,6,,,,,,,,1,,,,7,,,,,,,,5,,,,,,,,,,,,,,4,,,1,,,,,,,69,2,5,4,5
2016-05-05 15:41:48,2016-05-05 15:52:40,0,24.27.187.173,100,651,1,2016-05-05 15:52:40,R_2xSjFGK4nkJg6kl,,,,,39.111099243164,-84.574600219727,anonymous,EN,,4,,,,,,,,,,,6,,,,6,,,,,,,,,,5,,,,,,5,,,,,,,,,,,,,5,,,,6,,,,,,,6,,,,,,,,,,,2,,,,,,,,,,3,,,,,,,,,7,,,,,,,,,4,,3,,,,,,,,,,,,,6,,,,,,,,6,,,,,,,,,4,,53,1,5,5,6
2016-05-05 15:31:41,2016-05-05 15:52:43,0,74.214.186.235,100,1262,1,2016-05-05 15:52:44,R_3s4c5gm16LpuWHF,,,,,37.481292724609,-82.625297546387,anonymous,EN,,,,6,,,,,,6,,,,,,,,,2,,,,,,,,,,,,1,,,,,,7,,,,,,,,,,,7,,,,,,5,,,1,,,,,,,,,,5,,,,,,,,4,,,,,,,,,,7,,,,,4,,,,,,,6,,,,,,,,,,,,,6,,,,,,,,,2,,,,1,,,,,,,54,2,5,2,9
2016-05-05 15:38:39,2016-05-05 15:52:48,0,184.101.74.129,100,848,1,2016-05-05 15:52:49,R_2qF7OPt0WMTVld4,,,,,33.591293334961,-112.10739898682,anonymous,EN,,,,,,,7,,,,,,,,,5,,1,,,,,,,1,,,,,,,,,6,,,,,,,,6,,,,,,,,6,,,,,,,,1,,,,,,,,,,,7,,,,,,,,,,,1,,,7,,,,,,,,,,,1,,,6,,,,,,,,,5,,,,,,,,,,,,6,,,,,1,,,,,,,69,1,5,6,3
2016-05-05 15:43:29,2016-05-05 15:52:50,0,128.111.95.22,100,561,1,2016-05-05 15:52:51,R_3PNagj6HF3X09KJ,,,,,34.432907104492,-119.83709716797,anonymous,EN,,,,,,7,,,,,6,,,,,,,4,,,,,,,,,,,5,,,,,,,6,,,,,,,,5,,,,,,,,,,,4,,6,,,,,,,,,,6,,,,,,,5,,,,,,,,5,,,,,,,,,,,,,,5,,,,5,,,,,,,,,5,,,,,,,5,,,,,,,,,,,,5,,22,1,2,5,7
2016-05-05 15:36:13,2016-05-05 15:52:57,0,50.0.150.74,100,1004,1,2016-05-05 15:52:58,R_3fcqNm48dgpygqV,,,,,37.419204711914,-122.05740356445,anonymous,EN,,,,,,6,,,,,,,,5,,,,,,,,5,,,,4,,,,,,,,4,,,,,,,,,,,,,,4,,,,,,,,7,,,,,,,,2,,,,,,,7,,,,4,,,,,,,,,,,,7,,,,,,1,,,,,,7,,,,,,,,,4,,,,,,,,,7,,,,,,,,4,,,,,21,1,3,2,9
2016-05-05 15:32:22,2016-05-05 15:52:58,0,108.84.28.143,100,1236,1,2016-05-05 15:52:59,R_2dmz8uU8gOtwUoZ,,,,,34.055999755859,-84.379501342773,anonymous,EN,,,,,,,6,,2,,,,,,,,,,,6,,,,,,,,1,,,,,4,,,,,,,,,,6,,,,,,,,,,,,,6,,,,,,1,,,6,,,,,,,,6,,,,,,,,,,,,,,2,,,,,,,6,,,,6,,,,,,,,,1,,,,,,6,,,,,,,,,,2,,,,,,,65,1,5,5,4
2016-05-05 15:40:02,2016-05-05 15:53:08,0,142.197.198.213,100,785,1,2016-05-05 15:53:09,R_1GPlNrkmRMYE03A,,,,,29.056304931641,-82.025703430176,anonymous,EN,,,,,,1,,,,,1,,,,,,,,,,,,,3,,1,,,,,,,3,,,,,,,,,,,,,,,2,,,,,4,,,,,,,6,,,,,,,2,,,,,,,,,,,,,1,5,,,,,,,,,,,1,,,,,,,,,6,,,,4,,,,,,,,,,,,,,,1,,1,,,,,,,,28,1,5,5,6
2016-05-05 15:44:47,2016-05-05 15:53:24,0,73.185.128.133,100,517,1,2016-05-05 15:53:25,R_1GwqSaM0GhGJEvu,,,,,45.072402954102,-93.187400817871,anonymous,EN,,4,,,,,,,,,,,,1,,,,,5,,,,,,1,,,,,,,,,,,,,3,,,,,,,,7,,,,,6,,,,,,,1,,,,,,,,,,,,4,,,,2,,,,,,,,,,,,4,,,,,,,,1,,,,,5,,,,,,,,1,,,,,,,,,4,,,,,,,,,,,,3,,40,1,5,4,5
2016-05-05 15:43:40,2016-05-05 15:53:26,0,186.159.134.67,100,585,1,2016-05-05 15:53:27,R_3pbSzMPRGR6nLOF,,,,,9.9333038330078,-84.083297729492,anonymous,EN,,,,,6,,,,,,3,,,,,,,,,,,,,,7,,,,,,,,,,,,,,2,,,,,,,,,6,,,7,,,,,,,1,,,,,,,,,,6,,,,,,,,,,2,,,,,6,,,,,,,,,,,,5,,,,,,,,,5,,,2,,,,,,,,,,,,,5,,,,,,4,,,,31,2,5,5,6
2016-05-05 15:41:26,2016-05-05 15:53:29,0,162.233.185.30,100,723,1,2016-05-05 15:53:30,R_3RycVtZeFdZzOn4,,,,,29.471298217773,-98.535301208496,anonymous,EN,,6,,,,,,,,,,,,,5,,,,,,,,,5,,3,,,,,,,6,,,,,,,,,,,,6,,,,,,,,,,7,,,,,,6,,,,,,,2,,,,,,,,,3,,,,,,,,,2,,,6,,,,,,,,,,,,6,,,,,,,,4,,,,4,,,,,,,,,,,,3,,,,,24,1,5,5,8
2016-05-05 15:35:47,2016-05-05 15:53:34,0,24.98.122.142,100,1066,1,2016-05-05 15:53:34,R_1E5QgphHPglIJzm,,,,,33.827392578125,-84.324401855469,anonymous,EN,,,,1,,,,,,,,2,,,,,,,,2,,,,,,,,,,,3,,,,,,,,2,,,,,,,2,,,,,2,,,,,,4,,,,,,,,,3,,,,,,,,,,,,,2,,,,,,,,3,,,,,,,,,1,,,4,,,,,,,,,,,,,5,,,5,,,,,,,,,,3,,,,,26,2,5,5,5
2016-05-05 15:42:59,2016-05-05 15:54:17,0,173.173.45.151,100,677,1,2016-05-05 15:54:17,R_2WAmIqwDiM70gZf,,,,,31.621307373047,-97.210098266602,anonymous,EN,7,,,,,,,,,,,,,,7,,7,,,,,,,,,,,,,1,,,,,,,,,,7,,,,,,,7,,,,,,,6,,,,,,6,,,,,6,,,,,,,,,,,,,,1,,,,,,,7,,,,,,,,,,7,,,,,,4,,,,7,,,,,,,,,,1,,,,,,,,,,,1,,,29,1,2,5,7
2016-05-05 15:49:17,2016-05-05 15:54:17,0,108.90.121.212,100,300,1,2016-05-05 15:54:18,R_3CCPzKRRh98zqzM,,,,,34.067398071289,-118.24229431152,anonymous,EN,,,,,,5,,,,,,,2,,,,,,,,,2,,,,,,,,,4,,,,,4,,,,,,,5,,,,,,,,,,5,,,,,,,,,,5,,,,,,,,,2,5,,,,,,,,,,,6,,,,,,,,4,,,,,,3,,,,,,,3,,,,,,,,,,,,,4,,,,2,,,,,,,,24,1,3,5,6
2016-05-05 15:40:39,2016-05-05 15:54:27,0,50.148.77.57,100,827,1,2016-05-05 15:54:27,R_2aKP8KLCc3g3pV5,,,,,41.760604858398,-88.320098876953,anonymous,EN,,,,,,7,,,,3,,,,,,,,,,,,,5,,,,3,,,,,,,,,,6,,,,,,,,4,,,,,,,,,,5,,,,,5,,,,,,6,,,,,,,,,,,,,2,,,,7,,,,,,,1,,,,,,,,,,,,6,,,,,,4,,,,,7,,,,,,,,,,,,,2,,,,62,1,5,6,7
2016-05-05 15:33:37,2016-05-05 15:54:41,0,70.45.185.34,100,1263,1,2016-05-05 15:54:41,R_sIi8srHnEndCnjr,,,,,18.420806884766,-66.061599731445,anonymous,EN,3,,,,,,,,,,3,,,,,,,,,3,,,,,,,,,,,,1,,,,,,,,3,3,,,,,,,,,,,,3,,,,,,,,,,,3,,,3,,,,,,,,,,,,,3,,,,,,,3,,3,,,,,,,,,,,,,,3,,3,,,,,,,,,3,,,,,,,,,,,,3,,,,25,2,5,4,6
2016-05-05 15:39:29,2016-05-05 15:54:44,0,104.6.246.119,100,914,1,2016-05-05 15:54:44,R_5uw9Iy2C0pRvlUR,,,,,26.638595581055,-80.251197814941,anonymous,EN,,,,,,,6,,,2,,,,,,,,,,,,3,,,,,3,,,,,,,,,,,4,,,,,,2,,,,,,,,,,,3,,,,,,,5,,,,4,,,,,,,,,,,5,,,,,,,,5,,,,,,3,,,,,,,,,,7,,,,,,,,,4,,,,,,,,3,,,,4,,,,,,,,22,2,1,4,7
2016-05-05 15:33:32,2016-05-05 15:54:51,0,71.71.197.233,100,1279,1,2016-05-05 15:54:52,R_PYXZXihocfCk3ux,,,,,35.195404052734,-80.825401306152,anonymous,EN,,,,,,,,6,6,,,,,,,,,,2,,,,,,,,,,2,,,,,,,6,,,,,,,,,6,,,,,5,,,,,,,,,,,,,6,,,6,,,,,,,2,,,,,,,,,6,,,,,,,,,,,4,,,,6,,,,,,,,,,,,4,,,,,,,,4,,,,,,1,,,,,,,30,1,1,4,8
2016-05-05 15:33:07,2016-05-05 15:55:15,0,50.184.99.180,100,1328,1,2016-05-05 15:55:15,R_10CSZSO1NWktQqC,,,,,37.674499511719,-122.0883026123,anonymous,EN,,,,,,,5,,,,,,,,,2,,,,,2,,,,,,,,1,,,,,,,,,,6,,,7,,,,,,,6,,,,,,,,,,6,,,,,,5,,,,,,,,,,,2,,,,,,,,,,6,,,,,,,6,,,,,,,,,,6,,,,,,,1,,,3,,,,,,,,5,,,,,,,,,40,2,5,3,9
2016-05-05 15:41:29,2016-05-05 15:55:58,0,208.98.162.160,100,868,1,2016-05-05 15:55:58,R_2eUKFZTmZ04CZH8,,,,,45.00520324707,-113.8657989502,anonymous,EN,,,,,,,2,,,,,6,,,,,,,,,5,,,,,,,,,5,,,,,,4,,,,,,,,,,7,,,,,,2,,,,,,,,,2,,,,,,,2,,,,,,,,,,,,5,,,,,,5,,,,,,4,,,,,,,,6,,,,,,,3,,,,,,3,,,,,,,,1,,,,,,,,,39,2,5,5,7
2016-05-05 15:48:01,2016-05-05 15:56:07,0,65.30.1.216,100,486,1,2016-05-05 15:56:08,R_1g8Ev8jBoaZsqrp,,,,,43.030197143555,-88.215301513672,anonymous,EN,,,6,,,,,,3,,,,,,,,,4,,,,,,,,1,,,,,,,,,4,,,,,,,,,,,4,,,7,,,,,,,,,,7,,,,,,,,,7,,,,,,,,,,,,1,,,6,,,,,,,,,,3,,,,,,,,,,,3,,,,,,,,5,,,,,,,,4,1,,,,,,,,,25,1,5,4,9
2016-05-05 15:39:31,2016-05-05 15:56:14,0,74.215.86.68,100,1003,1,2016-05-05 15:56:15,R_56Bpm4nmkrN02DD,,,,,39.260101318359,-84.489097595215,anonymous,EN,,,,,,1,,,,,,,6,,,,4,,,,,,,,,,,1,,,,,,,,,7,,,,,,,,,,1,,,,,4,,,,,,,,,,1,,,,,,,,5,,,,,,,,,7,,,,,6,,,,,,6,,,,,,,,,,7,,,,,,,,,,,5,,,,1,,,,,,,,,6,,,,,,23,2,5,2,6
2016-05-05 15:35:13,2016-05-05 15:56:47,0,173.174.111.130,100,1293,1,2016-05-05 15:56:48,R_DID9SJNfveUVuvv,,,,,30.456405639648,-97.693801879883,anonymous,EN,,,,,,,,7,,,,,,4,,,,,,,,4,,,,,,,,,,1,,,,,,,,6,,,,6,,,,,,,,,2,,,,,4,,,,,,,,,,,,,,7,2,,,,,,,,,,7,,,,,,,,,,,,7,,6,,,,,,,,,,,,,,,4,,,,,,6,,,,,,,,,5,,,35,1,5,5,
2016-05-05 15:50:42,2016-05-05 15:56:50,0,98.163.104.123,100,368,1,2016-05-05 15:56:50,R_3JjS2XTIZfqtGD0,,,,,38.691101074219,-77.206001281738,anonymous,EN,,,,,,,,6,,,,6,,,,,,,1,,,,,,1,,,,,,,,,,,,1,,,,,,,,,4,,,,6,,,,,,,,,,,,1,,,,,,,,,1,,,,,,1,,,,7,,,,,,,,,,1,,,,,,,,7,,,,,,,,,,,6,,,,4,,,,,,,,,6,,,,,,,29,1,2,4,8
2016-05-05 15:43:01,2016-05-05 15:56:56,0,173.63.209.152,100,834,1,2016-05-05 15:56:56,R_2Qy4nJhazUAgAEf,,,,,40.885894775391,-74.046798706055,anonymous,EN,,,,,,,3,,,,,,3,,,,,,,,,,5,,,,,,5,,,,,3,,,,,,,,,,,5,,,,,,,,,,,3,,,,,,,,2,,,,,3,,,,,,,,,3,,,,,,,4,,,,,,,,,,3,,,3,,,,,,,,,5,,,,,,,,,,,,,3,,,,,,,5,,,41,1,2,5,4
2016-05-05 15:35:38,2016-05-05 15:57:01,0,73.204.214.56,100,1282,1,2016-05-05 15:57:01,R_3qxujMMrpY7Ti6A,,,,,26.720001220703,-80.070198059082,anonymous,EN,,,,,6,,,,,2,,,,,,,,,,1,,,,,,,,,1,,,,3,,,,,,,,,5,,,,,,,3,,,,,,,,1,,,,,,,,,,,,,,6,,,,,1,,,,,,,,,5,,,,,,,,,,1,,,,,,,,,4,,,,3,,,,,,,5,,,,,,,,,,3,,,,,46,1,2,8,8
2016-05-05 15:42:58,2016-05-05 15:58:34,0,67.246.117.190,100,936,1,2016-05-05 15:58:35,R_31zMgQnb6WQHEtT,,,,,43.348007202148,-76.34220123291,anonymous,EN,,,,,6,,,,,,,,,,,6,,,,,,,6,,3,,,,,,,,,,,,,5,,,5,,,,,,,,,,,4,,,,,,,,,,,,5,,,,,,6,,,,6,,,,,,,,6,,,,,,,,,,,,4,,,,,,,,,3,,,,,,,6,,,,6,,,,,,,,,,,3,,,,,30,1,5,4,8
2016-05-05 15:45:47,2016-05-05 15:58:41,0,71.218.90.67,100,773,1,2016-05-05 15:58:41,R_3qyQzkoVBpzVJtd,,,,,39.847396850586,-104.94589996338,anonymous,EN,,,,4,,,,,,,,,,,2,,,,2,,,,,,,,,,,2,,,,2,,,,,,,,,,,2,,,,,,,,,6,,,,,6,,,,,,5,,,,,,,,,,1,,,,,,,,,,,,,2,,2,,,,,,,,,,,6,,,,2,,,,,,,,,,,2,,,,,,2,,,,,,,,41,2,5,5,8
2016-05-05 15:34:20,2016-05-05 15:58:49,0,76.112.81.4,100,1469,1,2016-05-05 15:58:50,R_3kGoGui3njgTcQG,,,,,42.353897094727,-83.21199798584,anonymous,EN,,,6,,,,,,,,,,1,,,,,,,,,,5,,,,,,,,,1,,,,,,,,2,,,,,,,,7,,,,,5,,,,,,,,,,5,,,,,6,,,,,,,,4,,,,,,,,7,,,,,,,,,,,1,,,,,4,,,,,,,,,,,,7,,,,,4,,,,,,,,7,,,,,30,2,1,4,7
2016-05-05 15:39:36,2016-05-05 16:00:01,0,65.129.48.222,100,1225,1,2016-05-05 16:00:02,R_3FQB0EpFBtEB0gc,,,,,43.710998535156,-116.25160217285,anonymous,EN,,,,,,,,5,,,,6,,,,,,,,3,,,,,,,,,,,,1,,,,,,,6,,,,5,,,,,,,,,,,,,4,,,,5,,,,,,,,,5,,,,,,1,,,,,,,7,,,,,,,,,,,,1,,,,4,,,,,,,,,,,,,,6,,,,,,,5,,,,,6,,,,,,59,2,5,4,7
2016-05-05 15:55:46,2016-05-05 16:04:34,0,98.16.128.25,100,528,1,2016-05-05 16:04:35,R_2ztDaELCkVGO8kW,,,,,40.852996826172,-96.653396606445,anonymous,EN,7,,,,,,,,,,,,,,,1,,,,,,,,1,1,,,,,,,,,,,1,,,,,1,,,,,,,,,,,,,,,7,,,,,1,,,,,,7,,,,,,,,,,4,,,,,7,,,,,,,,,,,,,1,,,,,,,7,,,,4,,,,,,,,,,,,1,,,,,,1,,,,,,44,2,5,4,7
2016-05-05 16:02:24,2016-05-05 16:04:36,0,73.162.228.46,100,131,1,2016-05-05 16:04:36,R_3Rx7lDIJMjuVO74,,,,,37.33479309082,-121.77809906006,anonymous,EN,,,,,,,5,,,,,,5,,,,6,,,,,,,,,,,,,,5,,,,,,,,5,,,,5,,,,,,,,,6,,,,,,,6,,,,,,,,,,5,,,,,,,,,,5,,4,,,,,,,,,,6,,,,,,6,,,,,,,,,,,,4,,,,,,6,,,,,,,,,,,,,4,,35,1,5,5,4
2016-05-05 15:59:03,2016-05-05 16:04:50,0,173.218.79.241,100,346,1,2016-05-05 16:04:51,R_2Y9RqYTxwYjkEsO,,,,,36.978393554688,-93.233200073242,anonymous,EN,,1,,,,,,,,,,,,1,,,,,,,,,1,,,,,,1,,,,,5,,,,,,,,,,,,,7,,,,,,,,7,,,,,,,,,7,7,,,,,,,,,,,1,,,,,,,,,,,,1,,,,1,,,,,,,,,,,7,,,,1,,,,,,,,,,,,7,,,,,,,,1,,,24,2,5,2,7
2016-05-05 15:58:01,2016-05-05 16:08:39,0,108.65.109.200,100,637,1,2016-05-05 16:08:39,R_WptAnrSTWA8ikvf,,,,,33.943206787109,-84.318000793457,anonymous,EN,,,7,,,,,,6,,,,,,,,,,7,,,,,,,,3,,,,,,,,,7,,,,,6,,,,,,,,,,,,,5,,,1,,,,,,,,,,,,,,6,,,,,,,5,,,,,7,,,,,,,7,,,,,,,,,6,,,,,,7,,,,,,,,6,,,,,,,,,,7,,,,,,,32,1,2,5,4
2016-05-05 16:04:59,2016-05-05 16:11:04,0,70.192.143.44,100,365,1,2016-05-05 16:11:05,R_3g6FiK6nvC7Z622,,,,,40.657104492188,-75.502998352051,anonymous,EN,,,,5,,,,,,,,,,,,5,,,6,,,,,,,,,,,,,5,4,,,,,,,,,5,,,,,,,,,6,,,,,,,,,,,,,5,,,,,,,,4,,,3,,,,,,,,,,6,,,,,,,,5,,,,6,,,,,,,,,,,,,3,,,,,,,,5,,,,,,,,3,,,,40,1,5,5,5
2016-05-05 16:04:44,2016-05-05 16:14:52,0,75.141.247.5,100,606,1,2016-05-05 16:14:52,R_3nrbiPTSZRQ8TK6,,,,,39.542495727539,-119.84609985352,anonymous,EN,,,,,,,,1,,,,,,1,,,,1,,,,,,,,1,,,,,,,1,,,,,,,,,,,,,,,5,,,2,,,,,,,,,,,,3,,5,,,,,,,,,,,,3,,,,,,,,3,,,,,3,,,,,,,,,,,,,1,,,,,,,,3,,,,,,,,3,,,1,,,,,,,,61,2,5,4,8
2016-05-05 16:09:55,2016-05-05 16:16:17,0,184.58.193.66,100,381,1,2016-05-05 16:16:18,R_3Ooc5uH0fWpAEhG,,,,,43.074493408203,-87.90779876709,anonymous,EN,,,,,,6,,,,,2,,,,,,,,,,,,2,,,,,2,,,,,,,,,,,5,,,,,6,,,,,,5,,,,,,,5,,,,,,,,,,,,,2,,,,,,,,,2,,,,,6,,,,,4,,,,,,,,,,,,,,,6,,,5,,,,,,,,,5,,,,,,,,,,,3,,,21,1,5,4,5
2016-05-05 16:03:59,2016-05-05 16:16:22,0,142.196.0.176,100,742,1,2016-05-05 16:16:22,R_TdsVMRhgtvHYWGd,,,,,29.202102661133,-80.999801635742,anonymous,EN,,2,,,,,,,,,,,,,5,,,,,,,,,4,,,,,,,,4,,3,,,,,,,,,,,,,6,,,,,,,,6,,,1,,,,,,,,,,,,,6,,,3,,,,,,,,,,,,,5,,,,,4,,,,,,5,,,,,,,,,,6,,,,,,4,,,,,,,,,,,,,,3,,60,2,5,4,9
2016-05-05 16:07:52,2016-05-05 16:16:31,0,50.90.200.59,100,518,1,2016-05-05 16:16:31,R_PUPfwsyqGUMXcmB,,,,,39.774398803711,-86.109703063965,anonymous,EN,,,,,1,,,,,,1,,,,,,,,,,,1,,,,,,1,,,,,,,,,4,,,,,,7,,,,,,,,,,,7,,,,,,7,,,,,,,,1,,,,,,,,,,,,1,,7,,,,,,,,,,,,1,,,,,,,6,,,,,,,,,5,,,,,,,,,,7,1,,,,,,,,,32,2,2,4,6
2016-05-05 16:05:29,2016-05-05 16:16:50,0,70.197.64.68,100,681,1,2016-05-05 16:16:51,R_12fgVQnAgkjrQS3,,,,,34.017395019531,-118.20040130615,anonymous,EN,,,,,,4,,,,,,2,,,,,,,,,3,,,,,,1,,,,,,,,3,,,,,,4,,,,,,,,,5,,,,,,,,,,,1,,,,,,,,,,,6,,,,5,,,,,,,,,,6,,,,,,,,,1,,,,,6,,,,,,,,,6,,,,,,5,,,,,,,,,,4,,,,,29,1,5,5,8
2016-05-05 15:56:42,2016-05-05 16:19:01,0,98.127.0.26,100,1339,1,2016-05-05 16:19:02,R_3lRIEvPYQ1lWm8U,,,,,38.406494140625,-107.89019775391,anonymous,EN,,,3,,,,,,,5,,,,,,,,,,4,,,,,,,,,,2,,,,,,,,,,7,,,,,1,,,,,,,5,,,,,,1,,,,,,,,6,,,,,,,,,,,,6,,,,,,,,,,1,,,,,,,,3,,,3,,,,,,,,,,,,5,,,4,,,,,,,,,1,,,,,,,22,2,5,2,5
2016-05-05 16:05:21,2016-05-05 16:20:55,0,122.52.93.207,100,933,1,2016-05-05 16:20:56,R_2EskuywjxEX5pIg,,,,,10.311096191406,123.89169311523,anonymous,EN,,,,1,,,,,,,,,,1,,,7,,,,,,,,,,,,,,5,,,,,,,,,1,,,,,,1,,,7,,,,,,,,,,,,,1,,,,,5,,,,,,5,,,,,,,,5,,,,,,,,,,,,,,1,,,,,,,1,,,,1,,,,,,,,,,,1,,,,5,,,,,,,,,30,2,3,4,10
2016-05-05 16:14:25,2016-05-05 16:24:47,0,76.216.168.68,100,622,1,2016-05-05 16:24:48,R_11YYUc8jWEPEaSf,,,,,33.200393676758,-117.29069519043,anonymous,EN,4,,,,,,,,,,,,,,,2,,4,,,,,,,,,,,3,,,,,,1,,,,,,,,,,,7,,,,,,,6,,,,,1,,,,,,,,,,,3,,,,,,,,,,,4,,,6,,,,,,,,,,,,,1,6,,,,,,,,4,,,,,,,,5,,,,,,,,,,,1,,,,,,30,2,5,4,7
2016-05-05 16:22:19,2016-05-05 16:30:02,0,97.85.62.83,100,463,1,2016-05-05 16:30:02,R_1GB5CAA9vT9xVP4,,,,,42.304397583008,-85.629203796387,anonymous,EN,,,,,,,7,,,,,5,,,,,,,,,,,3,,3,,,,,,,,,,,,,3,,,,,,,,,6,,5,,,,,,,,,,,6,,,,,,6,,,,,,,,,,6,,,,,,,,,,,5,,,,,,3,,,,,5,,,,,,,,,,2,,,,,,,,,,,,3,,,,,,3,,,,23,2,5,4,5
2016-05-05 15:31:43,2016-05-05 15:32:10,0,73.252.102.199,6,27,0,2016-05-12 15:32:45,R_u35lBJjBt7SM0U1,,,,,,,anonymous,EN,,,,,,,,,,,,,,,,,,,,,,,,,,,,,,,,,,,,,,,,,,,,,,,,,,,,,,,,,,,,,,,,,,,,,,,,,,,,,,,,,,,,,,,,,,,,,,,,,,,,,,,,,,,,,,,,,,,,,,,,,,,,,,,,,,,,,,
2016-05-05 15:31:32,2016-05-05 15:32:46,0,75.183.23.232,6,73,0,2016-05-12 15:32:47,R_voFwTMttKuJnpeN,,,,,,,anonymous,EN,,,,,,,,,,,,,,,,,,,,,,,,,,,,,,,,,,,,,,,,,,,,,,,,,,,,,,,,,,,,,,,,,,,,,,,,,,,,,,,,,,,,,,,,,,,,,,,,,,,,,,,,,,,,,,,,,,,,,,,,,,,,,,,,,,,,,,
2016-05-05 15:31:40,2016-05-05 15:32:40,0,98.166.126.224,6,60,0,2016-05-12 15:33:35,R_ddtLnacExCQc87v,,,,,,,anonymous,EN,,,,,,,,,,,,,,,,,,,,,,,,,,,,,,,,,,,,,,,,,,,,,,,,,,,,,,,,,,,,,,,,,,,,,,,,,,,,,,,,,,,,,,,,,,,,,,,,,,,,,,,,,,,,,,,,,,,,,,,,,,,,,,,,,,,,,,
2016-05-05 15:31:39,2016-05-05 15:32:59,0,63.205.14.80,6,79,0,2016-05-12 15:33:36,R_3gRFUPA0yQRezTh,,,,,,,anonymous,EN,,,,,,,,,,,,,,,,,,,,,,,,,,,,,,,,,,,,,,,,,,,,,,,,,,,,,,,,,,,,,,,,,,,,,,,,,,,,,,,,,,,,,,,,,,,,,,,,,,,,,,,,,,,,,,,,,,,,,,,,,,,,,,,,,,,,,,
2016-05-05 15:33:54,2016-05-05 15:34:04,0,24.12.154.29,6,10,0,2016-05-12 15:34:33,R_2rUcQ8MIm9uchyJ,,,,,,,anonymous,EN,,,,,,,,,,,,,,,,,,,,,,,,,,,,,,,,,,,,,,,,,,,,,,,,,,,,,,,,,,,,,,,,,,,,,,,,,,,,,,,,,,,,,,,,,,,,,,,,,,,,,,,,,,,,,,,,,,,,,,,,,,,,,,,,,,,,,,
2016-05-05 15:31:54,2016-05-05 15:34:11,0,71.77.226.116,0,137,0,2016-05-12 15:34:40,R_2XcUeaCN9fmD4OU,,,,,,,anonymous,EN,,,,,,,,,,,,,,,,,,,,,,,,,,,,,,,,,,,,,,,,,,,,,,,,,,,,,,,,,,,,,,,,,,,,,,,,,,,,,,,,,,,,,,,,,,,,,,,,,,,,,,,,,,,,,,,,,,,,,,,,,,,,,,,,,,,,,,
2016-05-05 15:31:41,2016-05-05 15:34:37,0,98.30.133.105,30,176,0,2016-05-12 15:34:41,R_3HRFPl4aL51piut,,,,,,,anonymous,EN,,,,,,,,,,,,,,,,2,,,,,,,,,,,,,,,,,,,,,,,,,,,,,,,,,,,,,,,,,,,,,,,,,,,,,,,,,,2,,,,,,,,,,,,,,,,,4,,,,,,,,,,,,,,,,,,,,,,,,,,,,,,,,,,,,1,,,,,,,
2016-05-05 15:32:05,2016-05-05 15:35:22,0,108.29.208.166,61,196,0,2016-05-12 15:35:28,R_12ybqzIUb9WaMam,,,,,,,anonymous,EN,,,,,,,,,4,,,,,,,,4,,,,,,,,,,,,4,,,,,,,,,5,,,,,,4,,,,,,,,,,,,,,,,,,,,,4,,,,,,,,,,,,,,,,,,,5,,,,,,,,,,5,,,,,,,,,5,,,,,,,,,,,,,,,,,,,,,,,,,,,,,,,
2016-05-05 15:33:22,2016-05-05 15:36:24,0,99.68.246.15,12,181,0,2016-05-12 15:36:33,R_3j6iFmj2Pr6UUsn,,,,,,,anonymous,EN,,,,,,,,,,,,,,,,,,,,,,,,,,,,,,,,,,,,,,,,,,,,,,,,,,,,,,,,,,,,,,,,,,,,,,,,,,,,,,,,,,,,,,,,,,,2,,,,,,,,,,,,,,,,,,,,,,,,,,,,,,,,,,,,,,,,,,,
2016-05-05 15:28:11,2016-05-05 15:36:40,0,140.247.95.60,48,509,0,2016-05-12 15:36:48,R_3Rl1a0eK9qWS0jZ,,,,,,,anonymous,EN,,,,,,,,,,,,,,,,,,,,,,,,,,,,,,,,,,,,,,,,,,,,,,,,,,,,,,,,,,,,,,,,,,,,,,,,,,,,,,,,,,,,,,,,,,,,,,,,,,,,,,,,,,,,,,,,,,,,,,,,,,,,,,,,,,,,,,
2016-05-05 15:31:39,2016-05-05 15:37:31,0,100.3.125.89,98,352,0,2016-05-12 15:37:51,R_1ChjAsBm0PGlFNT,,,,,,,anonymous,EN,,,,,,,4,,,,,,,4,,,4,,,,,,,,4,,,,,,,,,,,,,,,4,,,,,,4,,,,,,4,,,,,,,,,,,4,,,4,,,,,,,,4,,,,,,,,4,,,,,,,,4,,,,,,,4,,,,,,,,,,,,,4,,,,,,,,,,4,,,,,,4,,,,,,,,
2016-05-05 15:32:23,2016-05-05 15:37:52,0,189.187.97.61,79,329,0,2016-05-12 15:38:00,R_yvUdXNwPYdg4dGN,,,,,,,anonymous,EN,6,,,,,,,,,,,,,4,,,,,,,,,,,,2,,,,,,,,,6,,,,,,,,,6,,,,,,,,6,,,,,,,,,,,6,,,,,,,,,,6,,,,,,,,6,,,,,,,,,,,,,,,,,,,,,,,,,,,,,,5,,,,6,,,,,,,,,,,,,,,,,,,
2016-05-05 15:38:25,2016-05-05 15:39:14,0,98.254.206.144,6,49,0,2016-05-12 15:40:00,R_umPsMGKH2QibpQd,,,,,,,anonymous,EN,,,,,,,,,,,,,,,,,,,,,,,,,,,,,,,,,,,,,,,,,,,,,,,,,,,,,,,,,,,,,,,,,,,,,,,,,,,,,,,,,,,,,,,,,,,,,,,,,,,,,,,,,,,,,,,,,,,,,,,,,,,,,,,,,,,,,,
2016-05-05 15:39:10,2016-05-05 15:40:06,0,207.10.206.241,12,55,0,2016-05-12 15:40:08,R_eONrFj84BoZmFSV,,,,,,,anonymous,EN,,,,,,,,,,,,,,,,,,,,,,,,,,,,,,,,,,,,,,,,,,,,,,,,,,,,,,,,,,,,,,,,,,,,,,,,,,,,,,,,,,,,,,,,,,,,,,,,,,,,,,,,,,,,,,,,,,,,,,,,,,,,,,,1,,,,,,,
2016-05-05 15:39:48,2016-05-05 15:40:07,0,76.94.92.204,6,18,0,2016-05-12 15:40:10,R_3nj9TJfU7rIOfM0,,,,,,,anonymous,EN,,,,,,,,,,,,,,,,,,,,,,,,,,,,,,,,,,,,,,,,,,,,,,,,,,,,,,,,,,,,,,,,,,,,,,,,,,,,,,,,,,,,,,,,,,,,,,,,,,,,,,,,,,,,,,,,,,,,,,,,,,,,,,,,,,,,,,
2016-05-05 15:37:56,2016-05-05 15:46:24,0,108.185.83.250,18,507,0,2016-05-12 15:46:31,R_2uybCWgiQmwuPn0,,,,,,,anonymous,EN,,,,,,,,,,,,,,,,,,,,,,,,,,,,,,,,,,,,,,,,,,,,,,,,,,,,,,,,,,,,,,,,,,,6,,,,,,,,,,,,,,,,,,,,,,,,,,,,3,,,,,,,,,,,,,,,,,,,,,,,,,,,,,,,,,,,,,,,
2016-05-05 15:45:49,2016-05-05 15:47:45,0,24.27.67.169,6,115,0,2016-05-12 15:48:25,R_AparnLhfcjwFk0F,,,,,,,anonymous,EN,,,,,,,,,,,,,,,,,,,,,,,,,,,,,,,,,,,,,,,,,,,,,,,,,,,,,,,,,,,,,,,,,,,,,,,,,,,,,,,,,,,,,,,,,,,,,,,,,,,,,,,,,,,,,,,,,,,,,,,,,,,,,,,,,,,,,,
2016-05-05 15:49:49,2016-05-05 15:50:08,0,107.143.169.148,6,18,0,2016-05-12 15:50:14,R_3m2WB0TP9cCvwC8,,,,,,,anonymous,EN,,,,,,,,,,,,,,,,,,,,,,,,,,,,,,,,,,,,,,,,,,,,,,,,,,,,,,,,,,,,,,,,,,,,,,,,,,,,,,,,,,,,,,,,,,,,,,,,,,,,,,,,,,,,,,,,,,,,,,,,,,,,,,,,,,,,,,
2016-05-05 15:41:37,2016-05-05 15:52:09,0,108.218.85.224,55,632,0,2016-05-12 15:52:12,R_3O22F3gfROSrdhX,,,,,,,anonymous,EN,,,,,,,,,,,,,,,,,,,,,,,,,,,,,,,,,,,,,,,,,,,,,,,,,,,,,,,,,,,,,,,,,,,,,,,,,,,,,,,,,,,,,,,,,,,,,,,,,,,,,,,,,,,,,,,,,,,,,,,,,,,,,,,,,,,,,,
2016-05-05 15:50:20,2016-05-05 15:52:24,0,100.12.173.143,12,123,0,2016-05-12 15:52:27,R_CgyzBBHpBP6nN29,,,,,,,anonymous,EN,,,,,,,,,,,,,,,,,,,,,,,,,,,,,,,,,,,1,,,,,,,,,,,,,,,,,,,,,,,,,,,,,,,,,,,,,,,,,,,,,,,,,,,,,,,,,,,,,,,,,,,,,,,,,,,,,,,,,,,,,,,,,,,,,,,,,,,
2016-05-05 15:52:43,2016-05-05 15:54:21,0,189.188.111.118,12,98,0,2016-05-12 15:54:24,R_1Q4vtmffR7FKRB5,,,,,,,anonymous,EN,,,,,,,,,,,,,,,,,,,,,,,,,,,,,,,,,,,,,,,,,5,,,,,,,,,,,,,,,,,,,,,,,,,,,,,,,,,,,,,,,,,,,,,,,,,,,,,,,,,,,,,,,,,,,,,,,,,,,,,,,,,,,,,,,,,,,,,
2016-05-05 15:33:58,2016-05-05 18:54:44,0,73.252.59.190,6,12045,0,2016-05-12 18:55:21,R_1rGEfVdrg3agRwB,,,,,,,anonymous,EN,,,,,,,,,,,,,,,,,,,,,,,,,,,,,,,,,,,,,,,,,,,,,,,,,,,,,,,,,,,,,,,,,,,,,,,,,,,,,,,,,,,,,,,,,,,,,,,,,,,,,,,,,,,,,,,,,,,,,,,,,,,,,,,,,,,,,,
2016-05-05 15:41:03,2016-05-05 19:24:20,0,174.20.90.43,0,13397,0,2016-05-12 19:25:16,R_3EnhSGzo2ljwH8a,,,,,,,anonymous,EN,,,,,,,,,,,,,,,,,,,,,,,,,,,,,,,,,,,,,,,,,,,,,,,,,,,,,,,,,,,,,,,,,,,,,,,,,,,,,,,,,,,,,,,,,,,,,,,,,,,,,,,,,,,,,,,,,,,,,,,,,,,,,,,,,,,,,,
2016-05-05 15:59:11,2016-05-07 06:00:46,0,107.178.38.130,6,136894,0,2016-05-14 06:01:34,R_PBPv7vO5OI5dXcl,,,,,,,anonymous,EN,,,,,,,,,,,,,,,,,,,,,,,,,,,,,,,,,,,,,,,,,,,,,,,,,,,,,,,,,,,,,,,,,,,,,,,,,,,,,,,,,,,,,,,,,,,,,,,,,,,,,,,,,,,,,,,,,,,,,,,,,,,,,,,,,,,,,,
2016-05-07 21:30:40,2016-05-11 02:18:22,0,45.33.140.41,6,276462,0,2016-05-18 02:18:26,R_8lfAISJzdyb2vMV,,,,,,,anonymous,,,,,,,,,,,,,,,,,,,,,,,,,,,,,,,,,,,,,,,,,,,,,,,,,,,,,,,,,,,,,,,,,,,,,,,,,,,,,,,,,,,,,,,,,,,,,,,,,,,,,,,,,,,,,,,,,,,,,,,,,,,,,,,,,,,,,,,
